source,path,D,chi,J2,signed_h,branch,energy_per_site,strongest,middle,weakest,delta,staggered_magnetization,staggered_magnetization_error
Izar,D:\HyraiOn\ENS_Lyon\Internship\2026-EPFL\data\external\VBCLowJ2ContinuationIzar\Results_Izar_lowJ2\D_6\dimer\h_m0p08\main\J2_0p02\D_6_chi_108_energy_magnetization_correlation.txt,6,108,0.02,-0.08,dimer-plaquette,-0.5405295732418,-0.47152718595915005,-0.3007303960642,-0.3006874781581,0.17083970780105007,0.2324850965428264,2.3490552459256812e-05
Izar,D:\HyraiOn\ENS_Lyon\Internship\2026-EPFL\data\external\VBCLowJ2ContinuationIzar\Results_Izar_lowJ2\D_6\dimer\h_m0p08\main\J2_0p05\D_6_chi_108_energy_magnetization_correlation.txt,6,108,0.05,-0.08,dimer-plaquette,-0.5266301496713,-0.495123074765,-0.28440575341925,-0.28434658609214997,0.21077648867285004,0.17950203120902908,2.010310491244428e-05
Izar,D:\HyraiOn\ENS_Lyon\Internship\2026-EPFL\data\external\VBCLowJ2ContinuationIzar\Results_Izar_lowJ2\D_6\dimer\h_m0p08\main\J2_0p08\D_6_chi_108_energy_magnetization_correlation.txt,6,108,0.08,-0.08,dimer-plaquette,-0.5140985957905,-0.53102149912485,-0.2579947981037,-0.2579502951993,0.27307120392554995,0.005154567736181132,6.2817887368791655e-06
Izar,D:\HyraiOn\ENS_Lyon\Internship\2026-EPFL\data\external\VBCLowJ2ContinuationIzar\Results_Izar_lowJ2\D_6\dimer\h_m0p08\main\J2_0p11\D_6_chi_108_energy_magnetization_correlation.txt,6,108,0.11,-0.08,dimer-plaquette,-0.5029931037809,-0.55707902903885,-0.2374212579824,-0.23740550910615,0.3196735199327,0.001428672906761624,1.095818651305937e-06
Izar,D:\HyraiOn\ENS_Lyon\Internship\2026-EPFL\data\external\VBCLowJ2ContinuationIzar\Results_Izar_lowJ2\D_6\dimer\h_m0p08\extra\J2_0p12\D_6_chi_108_energy_magnetization_correlation.txt,6,108,0.12,-0.08,dimer-plaquette,-0.4995526786115,-0.5652416199647,-0.23066930686669998,-0.230630600931,0.33461101903370005,0.0011204109765520945,5.242653838478777e-07
Izar,D:\HyraiOn\ENS_Lyon\Internship\2026-EPFL\data\external\VBCLowJ2ContinuationIzar\Results_Izar_lowJ2\D_6\dimer\h_m0p08\main\J2_0p14\D_6_chi_108_energy_magnetization_correlation.txt,6,108,0.14,-0.08,dimer-plaquette,-0.4930546019293,-0.5810101245346,-0.21703315379035001,-0.21695752053984999,0.36405260399475003,0.00030263603015473543,2.483206523188914e-07
Izar,D:\HyraiOn\ENS_Lyon\Internship\2026-EPFL\data\external\VBCLowJ2ContinuationIzar\Results_Izar_lowJ2\D_6\dimer\h_m0p08\extra\J2_0p16\D_6_chi_108_energy_magnetization_correlation.txt,6,108,0.16,-0.08,dimer-plaquette,-0.4870748332162,-0.5956655985282,-0.20354817471419998,-0.20354525036274998,0.39212034816545005,9.728089296747118e-06,3.9673181536567376e-07
Izar,D:\HyraiOn\ENS_Lyon\Internship\2026-EPFL\data\external\VBCLowJ2ContinuationIzar\Results_Izar_lowJ2\D_6\dimer\h_m0p08\main\J2_0p17\D_6_chi_108_energy_magnetization_correlation.txt,6,108,0.17,-0.08,dimer-plaquette,-0.4842794683154,-0.6023323152157499,-0.1972294635578,-0.1971785841596,0.40515373105614993,2.4345449267949328e-05,7.06971126915047e-08
Izar,D:\HyraiOn\ENS_Lyon\Internship\2026-EPFL\data\external\VBCLowJ2ContinuationIzar\Results_Izar_lowJ2\D_6\dimer\h_m0p08\extra\J2_0p18\D_6_chi_108_energy_magnetization_correlation.txt,6,108,0.18,-0.08,dimer-plaquette,-0.4816034360983,-0.60881712968365,-0.19083370562165,-0.19082658238645,0.4179905472972,2.1117857389787492e-05,5.205068616953118e-08
Izar,D:\HyraiOn\ENS_Lyon\Internship\2026-EPFL\data\external\VBCLowJ2ContinuationIzar\Results_Izar_lowJ2\D_6\dimer\h_m0p08\extra\J2_0p20\D_6_chi_108_energy_magnetization_correlation.txt,6,108,0.2,-0.08,dimer-plaquette,-0.4766050899909,-0.6209894672257,-0.1783223840574,-0.17831304150625002,0.44267642571945,5.810914101153872e-05,3.876066788748168e-08
Izar,D:\HyraiOn\ENS_Lyon\Internship\2026-EPFL\data\external\VBCLowJ2ContinuationIzar\Results_Izar_lowJ2\D_6\dimer\h_m0p08\extra\J2_0p22\D_6_chi_108_energy_magnetization_correlation.txt,6,108,0.22,-0.08,dimer-plaquette,-0.4720725577423,-0.6323338958767,-0.1659345463575,-0.16591807001404998,0.46641582586264996,5.587357515151372e-05,3.1345956442858234e-08
Izar,D:\HyraiOn\ENS_Lyon\Internship\2026-EPFL\data\external\VBCLowJ2ContinuationIzar\Results_Izar_lowJ2\D_6\dimer\h_m0p08\main\J2_0p23\D_6_chi_108_energy_magnetization_correlation.txt,6,108,0.23,-0.08,dimer-plaquette,-0.4699774258647,-0.6377298113624,-0.1597763830915,-0.15975455946445002,0.47797525189795,7.158332844266354e-05,2.7043298678723787e-08
Izar,D:\HyraiOn\ENS_Lyon\Internship\2026-EPFL\data\external\VBCLowJ2ContinuationIzar\Results_Izar_lowJ2\D_6\dimer\h_m0p08\extra\J2_0p24\D_6_chi_108_energy_magnetization_correlation.txt,6,108,0.24,-0.08,dimer-plaquette,-0.4679948248878,-0.64293953209785,-0.15363618410764998,-0.15360770032385,0.4893318317740001,7.255468420872024e-05,3.227786646795348e-08
Izar,D:\HyraiOn\ENS_Lyon\Internship\2026-EPFL\data\external\VBCLowJ2ContinuationIzar\Results_Izar_lowJ2\D_7\dimer\h_m0p08\main\J2_0p08\D_7_chi_126_energy_magnetization_correlation.txt,7,126,0.08,-0.08,dimer-plaquette,-0.5141454428589,-0.5303761407542,-0.25853688015250004,-0.2584818985626,0.2718942421916,0.011275154308661143,2.6005012585997517e-05
Izar,D:\HyraiOn\ENS_Lyon\Internship\2026-EPFL\data\external\VBCLowJ2ContinuationIzar\Results_Izar_lowJ2\D_7\dimer\h_m0p08\main\J2_0p11\D_7_chi_126_energy_magnetization_correlation.txt,7,126,0.11,-0.08,dimer-plaquette,-0.5030105029235,-0.55709287227225,-0.23736199498380003,-0.2373445759731,0.31974829629915,0.0010651231304953347,9.464211304705021e-07
Izar,D:\HyraiOn\ENS_Lyon\Internship\2026-EPFL\data\external\VBCLowJ2ContinuationIzar\Results_Izar_lowJ2\D_7\dimer\h_m0p08\main\J2_0p14\D_7_chi_126_energy_magnetization_correlation.txt,7,126,0.14,-0.08,dimer-plaquette,-0.4930994467939,-0.5805897106472,-0.2173296060831,-0.21729389399745,0.36329581664974997,0.0004576279037203521,2.2486904140914986e-07
Izar,D:\HyraiOn\ENS_Lyon\Internship\2026-EPFL\data\external\VBCLowJ2ContinuationIzar\Results_Izar_lowJ2\D_7\dimer\h_m0p08\extra\J2_0p16\D_7_chi_126_energy_magnetization_correlation.txt,7,126,0.16,-0.08,dimer-plaquette,-0.4871217909257,-0.59494232095575,-0.2042217205728,-0.20419268361614998,0.3907496373396,0.0002953011077205559,5.474305904174161e-08
Izar,D:\HyraiOn\ENS_Lyon\Internship\2026-EPFL\data\external\VBCLowJ2ContinuationIzar\Results_Izar_lowJ2\D_7\dimer\h_m0p08\main\J2_0p17\D_7_chi_126_energy_magnetization_correlation.txt,7,126,0.17,-0.08,dimer-plaquette,-0.4843235145917,-0.6017247837058001,-0.19772885780115002,-0.1977211338417,0.4040036498641001,0.00023620735162856128,5.759579682059242e-08
Izar,D:\HyraiOn\ENS_Lyon\Internship\2026-EPFL\data\external\VBCLowJ2ContinuationIzar\Results_Izar_lowJ2\D_7\dimer\h_m0p08\extra\J2_0p18\D_7_chi_126_energy_magnetization_correlation.txt,7,126,0.18,-0.08,dimer-plaquette,-0.4816273644447,-0.6086060840555,-0.19091431066565,-0.19090906929645,0.41769701475904997,2.0236946396864316e-05,1.202456687958727e-07
Izar,D:\HyraiOn\ENS_Lyon\Internship\2026-EPFL\data\external\VBCLowJ2ContinuationIzar\Results_Izar_lowJ2\D_7\dimer\h_m0p08\extra\J2_0p20\D_7_chi_126_energy_magnetization_correlation.txt,7,126,0.2,-0.08,dimer-plaquette,-0.4766425033351,-0.6207581139299,-0.1783554564423,-0.17835357415730002,0.44240453977259997,0.0001427206672585964,4.010243543087395e-08
Izar,D:\HyraiOn\ENS_Lyon\Internship\2026-EPFL\data\external\VBCLowJ2ContinuationIzar\Results_Izar_lowJ2\D_7\dimer\h_m0p08\extra\J2_0p22\D_7_chi_126_energy_magnetization_correlation.txt,7,126,0.22,-0.08,dimer-plaquette,-0.4721242225087,-0.6319737604189001,-0.1660262468409,-0.1660228530512,0.46595090736770006,0.00012809776578548036,1.5158629016493225e-08
Izar,D:\HyraiOn\ENS_Lyon\Internship\2026-EPFL\data\external\VBCLowJ2ContinuationIzar\Results_Izar_lowJ2\D_7\dimer\h_m0p08\main\J2_0p23\D_7_chi_126_energy_magnetization_correlation.txt,7,126,0.23,-0.08,dimer-plaquette,-0.4700372098124,-0.6372808202847,-0.1599094931379,-0.1599032981751,0.47737752210960005,0.00013025029071968787,1.963760578485307e-08
Izar,D:\HyraiOn\ENS_Lyon\Internship\2026-EPFL\data\external\VBCLowJ2ContinuationIzar\Results_Izar_lowJ2\D_7\dimer\h_m0p08\extra\J2_0p24\D_7_chi_126_energy_magnetization_correlation.txt,7,126,0.24,-0.08,dimer-plaquette,-0.4680630499,-0.6424120317102,-0.1537970077113,-0.1537942627914,0.48861776891880004,0.00013771548855575518,5.744837649939939e-07
Kuma,D:\HyraiOn\ENS_Lyon\Internship\2026-EPFL\data\external\VBCLowJ2ContinuationKuma\Results_Kuma_lowJ2\D_8\dimer\h_m0p08\J2_0p14\D_8_chi_144_energy_magnetization_correlation.txt,8,144,0.14,-0.08,dimer-plaquette,-0.4931147422786,-0.5803982220571,-0.21745370804974998,-0.21742824622305001,0.36296997583405,2.164623749689216e-05,1.0109885565532486e-06
Kuma,D:\HyraiOn\ENS_Lyon\Internship\2026-EPFL\data\external\VBCLowJ2ContinuationKuma\Results_Kuma_lowJ2\D_8\dimer\h_m0p08\J2_0p16\D_8_chi_144_energy_magnetization_correlation.txt,8,144,0.16,-0.08,dimer-plaquette,-0.487141302411,-0.5947728975185,-0.20430964218615,-0.2042794860772,0.3904934114413,0.00012275981252094214,1.3775776331519154e-07
Kuma,D:\HyraiOn\ENS_Lyon\Internship\2026-EPFL\data\external\VBCLowJ2ContinuationKuma\Results_Kuma_lowJ2\D_8\dimer\h_m0p08\J2_0p18\D_8_chi_144_energy_magnetization_correlation.txt,8,144,0.18,-0.08,dimer-plaquette,-0.4816598570258,-0.6081281910888,-0.19134515426205,-0.1913263103311,0.41680188075769997,0.0002213907537066318,6.713475201529809e-08
Kuma,D:\HyraiOn\ENS_Lyon\Internship\2026-EPFL\data\external\VBCLowJ2ContinuationKuma\Results_Kuma_lowJ2\D_8\dimer\h_m0p08\J2_0p20\D_8_chi_144_energy_magnetization_correlation.txt,8,144,0.2,-0.08,dimer-plaquette,-0.4766640422203,-0.62051233397125,-0.17851906277885,-0.17851872170424998,0.44199361226700007,1.3013276546240134e-05,2.891738617806196e-08
Kuma,D:\HyraiOn\ENS_Lyon\Internship\2026-EPFL\data\external\VBCLowJ2ContinuationKuma\Results_Kuma_lowJ2\D_8\dimer\h_m0p08\J2_0p22\D_8_chi_144_energy_magnetization_correlation.txt,8,144,0.22,-0.08,dimer-plaquette,-0.4721484124897,-0.63172458758185,-0.16617669851664998,-0.16617634374065,0.4655482438412,4.094068135741169e-06,1.8401913178685803e-08
Kuma,D:\HyraiOn\ENS_Lyon\Internship\2026-EPFL\data\external\VBCLowJ2ContinuationKuma\Results_Kuma_lowJ2\D_8\dimer\h_m0p08\J2_0p24\D_8_chi_144_energy_magnetization_correlation.txt,8,144,0.24,-0.08,dimer-plaquette,-0.4680909839437,-0.642131371725,-0.15394379576195003,-0.1539412892603,0.48819008246469997,5.558622083622595e-06,3.398388924487829e-08
Kuma,D:\HyraiOn\ENS_Lyon\Internship\2026-EPFL\data\external\VBCLowJ2ContinuationKuma\Results_Kuma_lowJ2\D_9\dimer\h_m0p08\J2_0p14\D_9_chi_162_energy_magnetization_correlation.txt,9,162,0.14,-0.08,dimer-plaquette,-0.4931196904774,-0.58033870997625,-0.2174714341338,-0.21746312746084998,0.3628755825154001,0.00012084461312205699,9.96698543691582e-07
Kuma,D:\HyraiOn\ENS_Lyon\Internship\2026-EPFL\data\external\VBCLowJ2ContinuationKuma\Results_Kuma_lowJ2\D_9\dimer\h_m0p08\J2_0p16\D_9_chi_162_energy_magnetization_correlation.txt,9,162,0.16,-0.08,dimer-plaquette,-0.487148460875,-0.5946982738451999,-0.20432214175865002,-0.2043150877031,0.3903831861420999,9.833251741472675e-05,2.2979261415166826e-07
Kuma,D:\HyraiOn\ENS_Lyon\Internship\2026-EPFL\data\external\VBCLowJ2ContinuationKuma\Results_Kuma_lowJ2\D_9\dimer\h_m0p08\J2_0p18\D_9_chi_162_energy_magnetization_correlation.txt,9,162,0.18,-0.08,dimer-plaquette,-0.4816736003836,-0.60793417738885,-0.19148046923834997,-0.1914747712909,0.41645940609795007,8.071549894823599e-05,1.4683838407961307e-07
Kuma,D:\HyraiOn\ENS_Lyon\Internship\2026-EPFL\data\external\VBCLowJ2ContinuationKuma\Results_Kuma_lowJ2\D_9\dimer\h_m0p08\J2_0p20\D_9_chi_162_energy_magnetization_correlation.txt,9,162,0.2,-0.08,dimer-plaquette,-0.4766799632731,-0.6202182272114,-0.17881246163605,-0.1788007957779,0.4414174314335,9.742618256887534e-05,1.0614354861664405e-07
Kuma,D:\HyraiOn\ENS_Lyon\Internship\2026-EPFL\data\external\VBCLowJ2ContinuationKuma\Results_Kuma_lowJ2\D_9\dimer\h_m0p08\J2_0p22\D_9_chi_162_energy_magnetization_correlation.txt,9,162,0.22,-0.08,dimer-plaquette,-0.4721584738707,-0.6315483819709,-0.166350193557,-0.16634568559705,0.46520269637385003,9.109212783940985e-05,2.0137504136256184e-07
Kuma,D:\HyraiOn\ENS_Lyon\Internship\2026-EPFL\data\external\VBCLowJ2ContinuationKuma\Results_Kuma_lowJ2\D_9\dimer\h_m0p08\J2_0p24\D_9_chi_162_energy_magnetization_correlation.txt,9,162,0.24,-0.08,dimer-plaquette,-0.468096554531,-0.6420427650013499,-0.1540253677747,-0.15401110293035,0.4880316620709999,7.424474008165553e-05,6.333488418899797e-08
Izar,D:\HyraiOn\ENS_Lyon\Internship\2026-EPFL\data\external\VBCLowJ2ContinuationIzar\Results_Izar_lowJ2\D_6\dimer\h_m0p04\main\J2_0p10\D_6_chi_108_energy_magnetization_correlation.txt,6,108,0.1,-0.04,dimer-plaquette,-0.4974666057188,-0.45126396290950005,-0.30999511704885,-0.30939833683105,0.14186562607845005,0.18254793121985227,2.8710557284375467e-05
Izar,D:\HyraiOn\ENS_Lyon\Internship\2026-EPFL\data\external\VBCLowJ2ContinuationIzar\Results_Izar_lowJ2\D_6\dimer\h_m0p04\main\J2_0p12\D_6_chi_108_energy_magnetization_correlation.txt,6,108,0.12,-0.04,dimer-plaquette,-0.4889938389901,-0.47159536439925004,-0.29512039508215,-0.29444183390415,0.17715353049510002,0.12669999781939073,2.4219115574652096e-05
Izar,D:\HyraiOn\ENS_Lyon\Internship\2026-EPFL\data\external\VBCLowJ2ContinuationIzar\Results_Izar_lowJ2\D_6\dimer\h_m0p04\main\J2_0p14\D_6_chi_108_energy_magnetization_correlation.txt,6,108,0.14,-0.04,dimer-plaquette,-0.4811962786109,-0.49524434639434994,-0.27747505687765,-0.27737869568765,0.21786565070669994,0.026259779536005695,1.0011107606600047e-05
Izar,D:\HyraiOn\ENS_Lyon\Internship\2026-EPFL\data\external\VBCLowJ2ContinuationIzar\Results_Izar_lowJ2\D_6\dimer\h_m0p04\main\J2_0p16\D_6_chi_108_energy_magnetization_correlation.txt,6,108,0.16,-0.04,dimer-plaquette,-0.473931431949,-0.51664706405045,-0.2605667784571,-0.2604973533907,0.25614971065975,0.0010075551659064618,3.669960665488366e-06
Izar,D:\HyraiOn\ENS_Lyon\Internship\2026-EPFL\data\external\VBCLowJ2ContinuationIzar\Results_Izar_lowJ2\D_6\dimer\h_m0p04\main\J2_0p18\D_6_chi_108_energy_magnetization_correlation.txt,6,108,0.18,-0.04,dimer-plaquette,-0.467294140494,-0.53421756818455,-0.24581655730904997,-0.24575775535425,0.2884598128303,0.0005032684546405913,3.355410910018111e-07
Izar,D:\HyraiOn\ENS_Lyon\Internship\2026-EPFL\data\external\VBCLowJ2ContinuationIzar\Results_Izar_lowJ2\D_6\dimer\h_m0p04\main\J2_0p20\D_6_chi_108_energy_magnetization_correlation.txt,6,108,0.2,-0.04,dimer-plaquette,-0.461199632862,-0.5504179707439,-0.23149676783655002,-0.23116759411215002,0.31925037663174993,0.00029762212955319705,1.1533797100983135e-07
Izar,D:\HyraiOn\ENS_Lyon\Internship\2026-EPFL\data\external\VBCLowJ2ContinuationIzar\Results_Izar_lowJ2\D_6\dimer\h_m0p04\main\J2_0p22\D_6_chi_108_energy_magnetization_correlation.txt,6,108,0.22,-0.04,dimer-plaquette,-0.4556416653124,-0.56462196380105,-0.21779329795504998,-0.2177375173395,0.34688444646155003,0.0003194729622381183,5.936592396889563e-08
Izar,D:\HyraiOn\ENS_Lyon\Internship\2026-EPFL\data\external\VBCLowJ2ContinuationIzar\Results_Izar_lowJ2\D_6\dimer\h_m0p04\main\J2_0p24\D_6_chi_108_energy_magnetization_correlation.txt,6,108,0.24,-0.04,dimer-plaquette,-0.450587066677,-0.577523643733,-0.2046393719705,-0.204615927858,0.37290771587500005,0.00013590551165384136,1.52180388667476e-08
Izar,D:\HyraiOn\ENS_Lyon\Internship\2026-EPFL\data\external\VBCLowJ2ContinuationIzar\Results_Izar_lowJ2\D_7\dimer\h_m0p04\main\J2_0p16\D_7_chi_126_energy_magnetization_correlation.txt,7,126,0.16,-0.04,dimer-plaquette,-0.4740355970596,-0.5150332369096,-0.26170899083064997,-0.2615327986178,0.2535004382918,0.0029436885486611164,1.1663264912410944e-06
Izar,D:\HyraiOn\ENS_Lyon\Internship\2026-EPFL\data\external\VBCLowJ2ContinuationIzar\Results_Izar_lowJ2\D_7\dimer\h_m0p04\main\J2_0p18\D_7_chi_126_energy_magnetization_correlation.txt,7,126,0.18,-0.04,dimer-plaquette,-0.4674004307182,-0.5323926546259999,-0.24709581780235002,-0.24702755700305,0.2853650976229499,0.001609644092068576,4.2940370119497587e-07
Izar,D:\HyraiOn\ENS_Lyon\Internship\2026-EPFL\data\external\VBCLowJ2ContinuationIzar\Results_Izar_lowJ2\D_7\dimer\h_m0p04\main\J2_0p20\D_7_chi_126_energy_magnetization_correlation.txt,7,126,0.2,-0.04,dimer-plaquette,-0.4613013227169,-0.5484876183037,-0.23281139259374997,-0.23268533279075,0.31580228551295,0.0008435182198681645,3.135443879659563e-07
Izar,D:\HyraiOn\ENS_Lyon\Internship\2026-EPFL\data\external\VBCLowJ2ContinuationIzar\Results_Izar_lowJ2\D_7\dimer\h_m0p04\main\J2_0p22\D_7_chi_126_energy_magnetization_correlation.txt,7,126,0.22,-0.04,dimer-plaquette,-0.455716150401,-0.5639875608223001,-0.21795605548565,-0.21794668405929998,0.3460408767630001,0.00025772803547514006,3.007587117739119e-07
Izar,D:\HyraiOn\ENS_Lyon\Internship\2026-EPFL\data\external\VBCLowJ2ContinuationIzar\Results_Izar_lowJ2\D_7\dimer\h_m0p04\main\J2_0p24\D_7_chi_126_energy_magnetization_correlation.txt,7,126,0.24,-0.04,dimer-plaquette,-0.4506887475656,-0.57675499712305,-0.2047727247862,-0.2047697395744,0.37198525754865,0.000299330953961115,1.5944628169120043e-07
Izar,D:\HyraiOn\ENS_Lyon\Internship\2026-EPFL\data\external\VBCLowJ2ContinuationIzar\Results_Izar_lowJ2\D_6\dimer\h_m0p02\main\J2_0p10\D_6_chi_108_energy_magnetization_correlation.txt,6,108,0.1,-0.02,dimer-plaquette,-0.4953826128536,-0.40405818813780003,-0.3377456459929,-0.33725938774175,0.06679880039605002,0.2180707325752519,6.849691194534517e-05
Izar,D:\HyraiOn\ENS_Lyon\Internship\2026-EPFL\data\external\VBCLowJ2ContinuationIzar\Results_Izar_lowJ2\D_6\dimer\h_m0p02\main\J2_0p12\D_6_chi_108_energy_magnetization_correlation.txt,6,108,0.12,-0.02,dimer-plaquette,-0.4864694431401,-0.411453557733,-0.3314316077584,-0.3313495131845,0.08010404454850001,0.1975531018159107,1.6590698914953736e-05
Izar,D:\HyraiOn\ENS_Lyon\Internship\2026-EPFL\data\external\VBCLowJ2ContinuationIzar\Results_Izar_lowJ2\D_6\dimer\h_m0p02\main\J2_0p14\D_6_chi_108_energy_magnetization_correlation.txt,6,108,0.14,-0.02,dimer-plaquette,-0.4779703493857,-0.42262074385009996,-0.32271115835125,-0.32237080184735,0.10024994200274995,0.1726095347291598,1.698451856444722e-05
Izar,D:\HyraiOn\ENS_Lyon\Internship\2026-EPFL\data\external\VBCLowJ2ContinuationIzar\Results_Izar_lowJ2\D_6\dimer\h_m0p02\main\J2_0p16\D_6_chi_108_energy_magnetization_correlation.txt,6,108,0.16,-0.02,dimer-plaquette,-0.4699458764261,-0.44018166726165003,-0.30926874460775,-0.3091195110825,0.13106215617915,0.1373802325583028,8.900742645312758e-06
Izar,D:\HyraiOn\ENS_Lyon\Internship\2026-EPFL\data\external\VBCLowJ2ContinuationIzar\Results_Izar_lowJ2\D_6\dimer\h_m0p02\main\J2_0p18\D_6_chi_108_energy_magnetization_correlation.txt,6,108,0.18,-0.02,dimer-plaquette,-0.4625140387205,-0.46866225326289995,-0.28865225241325004,-0.2882630113397,0.18039924192319995,0.0646088205581981,4.824274946836103e-06
Izar,D:\HyraiOn\ENS_Lyon\Internship\2026-EPFL\data\external\VBCLowJ2ContinuationIzar\Results_Izar_lowJ2\D_6\dimer\h_m0p02\main\J2_0p20\D_6_chi_108_energy_magnetization_correlation.txt,6,108,0.2,-0.02,dimer-plaquette,-0.4557128541013,-0.49375937162095,-0.27010027661865,-0.26793155422889997,0.22582781739205005,0.0063298378724632775,1.5211238414446956e-06
Izar,D:\HyraiOn\ENS_Lyon\Internship\2026-EPFL\data\external\VBCLowJ2ContinuationIzar\Results_Izar_lowJ2\D_6\dimer\h_m0p02\main\J2_0p22\D_6_chi_108_energy_magnetization_correlation.txt,6,108,0.22,-0.02,dimer-plaquette,-0.4495246525584,-0.5129253739245,-0.25334833556195,-0.25153008925585,0.26139528466865,8.032093068163722e-05,2.5750828915655013e-07
Izar,D:\HyraiOn\ENS_Lyon\Internship\2026-EPFL\data\external\VBCLowJ2ContinuationIzar\Results_Izar_lowJ2\D_6\dimer\h_m0p02\main\J2_0p24\D_6_chi_108_energy_magnetization_correlation.txt,6,108,0.24,-0.02,dimer-plaquette,-0.4439217828073,-0.5280090599051,-0.2381142658259,-0.23811247917565,0.28989658072945,9.806866991271446e-05,1.452915853144108e-07
Izar,D:\HyraiOn\ENS_Lyon\Internship\2026-EPFL\data\external\VBCLowJ2ContinuationIzar\Results_Izar_lowJ2\D_7\dimer\h_m0p02\main\J2_0p14\D_7_chi_126_energy_magnetization_correlation.txt,7,126,0.14,-0.02,dimer-plaquette,-0.4780193754615,-0.4232425539598,-0.322064684925,-0.32202254896605,0.10122000499375,0.16675830651811924,2.5112967486003973e-05
Izar,D:\HyraiOn\ENS_Lyon\Internship\2026-EPFL\data\external\VBCLowJ2ContinuationIzar\Results_Izar_lowJ2\D_7\dimer\h_m0p02\main\J2_0p16\D_7_chi_126_energy_magnetization_correlation.txt,7,126,0.16,-0.02,dimer-plaquette,-0.4700334892138,-0.44144421619655,-0.30835380428675,-0.30824593608434997,0.13319828011220003,0.12163802430847868,2.0397123269513806e-05
Izar,D:\HyraiOn\ENS_Lyon\Internship\2026-EPFL\data\external\VBCLowJ2ContinuationIzar\Results_Izar_lowJ2\D_7\dimer\h_m0p02\main\J2_0p18\D_7_chi_126_energy_magnetization_correlation.txt,7,126,0.18,-0.02,dimer-plaquette,-0.4626374450997,-0.4690908523087,-0.28809556004095,-0.28773331978335,0.18135753252535003,0.040238329863173154,1.250867620427788e-05
Izar,D:\HyraiOn\ENS_Lyon\Internship\2026-EPFL\data\external\VBCLowJ2ContinuationIzar\Results_Izar_lowJ2\D_7\dimer\h_m0p02\main\J2_0p20\D_7_chi_126_energy_magnetization_correlation.txt,7,126,0.2,-0.02,dimer-plaquette,-0.455876581707,-0.49084853118215,-0.27066141405765,-0.27058793954910004,0.22026059163304995,0.008938560398658504,2.86392305441833e-06
Izar,D:\HyraiOn\ENS_Lyon\Internship\2026-EPFL\data\external\VBCLowJ2ContinuationIzar\Results_Izar_lowJ2\D_7\dimer\h_m0p02\main\J2_0p22\D_7_chi_126_energy_magnetization_correlation.txt,7,126,0.22,-0.02,dimer-plaquette,-0.4496936316091,-0.5086107342842,-0.2553155924566,-0.25524771782835004,0.25336301645584997,0.0036889353965696876,1.0765891976618615e-06
Izar,D:\HyraiOn\ENS_Lyon\Internship\2026-EPFL\data\external\VBCLowJ2ContinuationIzar\Results_Izar_lowJ2\D_7\dimer\h_m0p02\main\J2_0p24\D_7_chi_126_energy_magnetization_correlation.txt,7,126,0.24,-0.02,dimer-plaquette,-0.4440427827152,-0.5267921776357,-0.23857536261895,-0.23854701331814998,0.28824516431755,0.0007165049653797045,2.1051546070035117e-07
Izar,D:\HyraiOn\ENS_Lyon\Internship\2026-EPFL\data\external\VBCLowJ2ContinuationIzar\Results_Izar_lowJ2\D_6\dimer\h_m0p01\main\J2_0p16\D_6_chi_108_energy_magnetization_correlation.txt,6,108,0.16,-0.01,dimer-plaquette,-0.4689991207216,-0.3961426537919,-0.33443600801295,-0.3344144305385501,0.06172822325334992,0.17217924967691495,6.076057466481181e-06
Izar,D:\HyraiOn\ENS_Lyon\Internship\2026-EPFL\data\external\VBCLowJ2ContinuationIzar\Results_Izar_lowJ2\D_6\dimer\h_m0p01\main\J2_0p17\D_6_chi_108_energy_magnetization_correlation.txt,6,108,0.17,-0.01,dimer-plaquette,-0.4650480450598,-0.40121926652415,-0.32993961524959997,-0.32989992346995,0.07131934305420001,0.16077206530325983,4.036300877133126e-06
Izar,D:\HyraiOn\ENS_Lyon\Internship\2026-EPFL\data\external\VBCLowJ2ContinuationIzar\Results_Izar_lowJ2\D_6\dimer\h_m0p01\main\J2_0p18\D_6_chi_108_energy_magnetization_correlation.txt,6,108,0.18,-0.01,dimer-plaquette,-0.4612115611201,-0.40832362961895,-0.32414261704810005,-0.3240196889116,0.08430394070735003,0.14779029830913956,3.3400108909607066e-06
Izar,D:\HyraiOn\ENS_Lyon\Internship\2026-EPFL\data\external\VBCLowJ2ContinuationIzar\Results_Izar_lowJ2\D_6\dimer\h_m0p01\main\J2_0p19\D_6_chi_108_energy_magnetization_correlation.txt,6,108,0.19,-0.01,dimer-plaquette,-0.4575040603647,-0.4176913994478,-0.31683834525255,-0.3168096244058,0.10088177504199997,0.13201475167453933,1.8424531181629095e-06
Izar,D:\HyraiOn\ENS_Lyon\Internship\2026-EPFL\data\external\VBCLowJ2ContinuationIzar\Results_Izar_lowJ2\D_6\dimer\h_m0p01\main\J2_0p20\D_6_chi_108_energy_magnetization_correlation.txt,6,108,0.2,-0.01,dimer-plaquette,-0.4539332848751,-0.43118009055160006,-0.30716178779569997,-0.3067598361959,0.12442025435570003,0.11106034443393097,3.646344360183957e-06
Izar,D:\HyraiOn\ENS_Lyon\Internship\2026-EPFL\data\external\VBCLowJ2ContinuationIzar\Results_Izar_lowJ2\D_6\dimer\h_m0p01\main\J2_0p21\D_6_chi_108_energy_magnetization_correlation.txt,6,108,0.21,-0.01,dimer-plaquette,-0.4505193377448,-0.44843053258735005,-0.2949418923534,-0.29454752459855,0.15388300798880006,0.08119344803740922,2.6397667999346065e-06
Izar,D:\HyraiOn\ENS_Lyon\Internship\2026-EPFL\data\external\VBCLowJ2ContinuationIzar\Results_Izar_lowJ2\D_6\dimer\h_m0p01\main\J2_0p22\D_6_chi_108_energy_magnetization_correlation.txt,6,108,0.22,-0.01,dimer-plaquette,-0.4472694632693,-0.46747162536,-0.2813150059729,-0.2812248161938,0.18624680916619996,0.042304926019495905,3.158572467755157e-06
Izar,D:\HyraiOn\ENS_Lyon\Internship\2026-EPFL\data\external\VBCLowJ2ContinuationIzar\Results_Izar_lowJ2\D_6\dimer\h_m0p01\main\J2_0p23\D_6_chi_108_energy_magnetization_correlation.txt,6,108,0.23,-0.01,dimer-plaquette,-0.4441490612275,-0.4881393268375,-0.2653062508052,-0.26530373801830004,0.22283558881919996,6.0937058272603834e-05,1.9154348081488577e-07
Izar,D:\HyraiOn\ENS_Lyon\Internship\2026-EPFL\data\external\VBCLowJ2ContinuationIzar\Results_Izar_lowJ2\D_6\dimer\h_m0p01\main\J2_0p24\D_6_chi_108_energy_magnetization_correlation.txt,6,108,0.24,-0.01,dimer-plaquette,-0.4412801099438,-0.49537647026610004,-0.25856843405115,-0.25850589639855,0.23687057386755006,6.935360593746275e-05,1.5387862680819132e-07
Izar,D:\HyraiOn\ENS_Lyon\Internship\2026-EPFL\data\external\VBCLowJ2ContinuationIzar\Results_Izar_lowJ2\D_6\dimer\h_m0p01\main\J2_0p25\D_6_chi_108_energy_magnetization_correlation.txt,6,108,0.25,-0.01,dimer-plaquette,-0.4385400325308,-0.50244710884955,-0.2516829437223,-0.25166319092165,0.2507839179279,0.00011743217466154195,6.725002576022752e-08
Izar,D:\HyraiOn\ENS_Lyon\Internship\2026-EPFL\data\external\VBCLowJ2ContinuationIzar\Results_Izar_lowJ2\D_7\dimer\h_m0p01\main\J2_0p16\D_7_chi_126_energy_magnetization_correlation.txt,7,126,0.16,-0.01,dimer-plaquette,-0.4690367515288,-0.39670572519700004,-0.3340351336615999,-0.33389125387134994,0.0628144713256501,0.16872633272817986,8.670858748459932e-06
Izar,D:\HyraiOn\ENS_Lyon\Internship\2026-EPFL\data\external\VBCLowJ2ContinuationIzar\Results_Izar_lowJ2\D_7\dimer\h_m0p01\main\J2_0p17\D_7_chi_126_energy_magnetization_correlation.txt,7,126,0.17,-0.01,dimer-plaquette,-0.4650998759021,-0.4019485920292,-0.32941112926849997,-0.32920024163364997,0.07274835039555005,0.15654980838661986,8.204466437261712e-06
Izar,D:\HyraiOn\ENS_Lyon\Internship\2026-EPFL\data\external\VBCLowJ2ContinuationIzar\Results_Izar_lowJ2\D_7\dimer\h_m0p01\main\J2_0p18\D_7_chi_126_energy_magnetization_correlation.txt,7,126,0.18,-0.01,dimer-plaquette,-0.4612848217257,-0.4091610329842,-0.32347511841885,-0.32318680633795,0.08597422664624998,0.14205140801523577,8.83005082518419e-06
Izar,D:\HyraiOn\ENS_Lyon\Internship\2026-EPFL\data\external\VBCLowJ2ContinuationIzar\Results_Izar_lowJ2\D_7\dimer\h_m0p01\main\J2_0p19\D_7_chi_126_energy_magnetization_correlation.txt,7,126,0.19,-0.01,dimer-plaquette,-0.4576022775072,-0.419015691335,-0.31583879588115,-0.3155359191166,0.10347977221839999,0.12361872381508843,1.0118402257510896e-05
Izar,D:\HyraiOn\ENS_Lyon\Internship\2026-EPFL\data\external\VBCLowJ2ContinuationIzar\Results_Izar_lowJ2\D_7\dimer\h_m0p01\main\J2_0p20\D_7_chi_126_energy_magnetization_correlation.txt,7,126,0.2,-0.01,dimer-plaquette,-0.4540612111348,-0.4340223579625,-0.30501623030240005,-0.3045980264059,0.1294243315566,0.0961533979320206,2.164215461387348e-05
Izar,D:\HyraiOn\ENS_Lyon\Internship\2026-EPFL\data\external\VBCLowJ2ContinuationIzar\Results_Izar_lowJ2\D_7\dimer\h_m0p01\main\J2_0p21\D_7_chi_126_energy_magnetization_correlation.txt,7,126,0.21,-0.01,dimer-plaquette,-0.4506876063698,-0.4493110899807,-0.29407744307705,-0.2932883812737,0.15602270870700002,0.06349323144492224,9.864369656416802e-06
Izar,D:\HyraiOn\ENS_Lyon\Internship\2026-EPFL\data\external\VBCLowJ2ContinuationIzar\Results_Izar_lowJ2\D_7\dimer\h_m0p01\main\J2_0p22\D_7_chi_126_energy_magnetization_correlation.txt,7,126,0.22,-0.01,dimer-plaquette,-0.4474718116028,-0.46540937719075,-0.28241011591695003,-0.2812013390196,0.18420803817115,0.028883887908238506,3.2116458235229698e-06
Izar,D:\HyraiOn\ENS_Lyon\Internship\2026-EPFL\data\external\VBCLowJ2ContinuationIzar\Results_Izar_lowJ2\D_7\dimer\h_m0p01\main\J2_0p23\D_7_chi_126_energy_magnetization_correlation.txt,7,126,0.23,-0.01,dimer-plaquette,-0.4444114814455,-0.4766022321378,-0.2730021467437,-0.27234146060575,0.20426077153205002,0.015278947330239023,2.380010973452591e-06
Izar,D:\HyraiOn\ENS_Lyon\Internship\2026-EPFL\data\external\VBCLowJ2ContinuationIzar\Results_Izar_lowJ2\D_7\dimer\h_m0p01\main\J2_0p24\D_7_chi_126_energy_magnetization_correlation.txt,7,126,0.24,-0.01,dimer-plaquette,-0.4414642991067,-0.48982213841555006,-0.2620666204546,-0.26173476959995,0.22808736881560004,0.0005700344912532874,1.7631764899386352e-06
Izar,D:\HyraiOn\ENS_Lyon\Internship\2026-EPFL\data\external\VBCLowJ2ContinuationIzar\Results_Izar_lowJ2\D_7\dimer\h_m0p01\main\J2_0p25\D_7_chi_126_energy_magnetization_correlation.txt,7,126,0.25,-0.01,dimer-plaquette,-0.4386960619436,-0.5002324717283001,-0.25287838312555,-0.25244477876305,0.2477876929652501,0.0015835157640333936,1.5222771106875236e-07
Izar,D:\HyraiOn\ENS_Lyon\Internship\2026-EPFL\data\external\VBCLowJ2ContinuationIzar\Results_Izar_lowJ2\D_6\plaquette\h_p0p01\main\J2_0p16\D_6_chi_108_energy_magnetization_correlation.txt,6,108,0.16,0.01,plaquette,-0.4689927007953,-0.37486721874585,-0.37484961918595,-0.31531851262685,0.05954870611899998,0.1723487092192623,2.902159683442135e-06
Izar,D:\HyraiOn\ENS_Lyon\Internship\2026-EPFL\data\external\VBCLowJ2ContinuationIzar\Results_Izar_lowJ2\D_6\plaquette\h_p0p01\main\J2_0p17\D_6_chi_108_energy_magnetization_correlation.txt,6,108,0.17,0.01,plaquette,-0.4650407667218,-0.3766633898708,-0.37660919682704996,-0.30786580634005,0.06879758353075,0.16092503723231727,6.588382133810061e-06
Izar,D:\HyraiOn\ENS_Lyon\Internship\2026-EPFL\data\external\VBCLowJ2ContinuationIzar\Results_Izar_lowJ2\D_6\plaquette\h_p0p01\main\J2_0p18\D_6_chi_108_energy_magnetization_correlation.txt,6,108,0.18,0.01,plaquette,-0.4612039209378,-0.3791757188965,-0.37902534619600003,-0.29851676268419997,0.08065895621230001,0.14808688880563747,2.63726349703588e-06
Izar,D:\HyraiOn\ENS_Lyon\Internship\2026-EPFL\data\external\VBCLowJ2ContinuationIzar\Results_Izar_lowJ2\D_6\plaquette\h_p0p01\main\J2_0p19\D_6_chi_108_energy_magnetization_correlation.txt,6,108,0.19,0.01,plaquette,-0.4574904084504,-0.3829343822113,-0.3823169170165,-0.28640212414115,0.09653225807014998,0.13334820833732441,2.795737966406744e-06
Izar,D:\HyraiOn\ENS_Lyon\Internship\2026-EPFL\data\external\VBCLowJ2ContinuationIzar\Results_Izar_lowJ2\D_6\plaquette\h_p0p01\main\J2_0p20\D_6_chi_108_energy_magnetization_correlation.txt,6,108,0.2,0.01,plaquette,-0.4539111760365,-0.38846497802989993,-0.3868648968987,-0.2704273246739,0.11803765335599992,0.11381835617689577,1.7660698100618312e-06
Izar,D:\HyraiOn\ENS_Lyon\Internship\2026-EPFL\data\external\VBCLowJ2ContinuationIzar\Results_Izar_lowJ2\D_6\plaquette\h_p0p01\main\J2_0p21\D_6_chi_108_energy_magnetization_correlation.txt,6,108,0.21,0.01,plaquette,-0.4504617177747,-0.39923244342145,-0.3959927088929,-0.2414421117118,0.15779033170964998,0.07815973780232269,5.851250959424413e-07
Izar,D:\HyraiOn\ENS_Lyon\Internship\2026-EPFL\data\external\VBCLowJ2ContinuationIzar\Results_Izar_lowJ2\D_6\plaquette\h_p0p01\main\J2_0p22\D_6_chi_108_energy_magnetization_correlation.txt,6,108,0.22,0.01,plaquette,-0.4472436210797,-0.40766010386035,-0.40306914934425,-0.21803410166735002,0.189626002193,0.03056133413371112,1.7029352802109556e-06
Izar,D:\HyraiOn\ENS_Lyon\Internship\2026-EPFL\data\external\VBCLowJ2ContinuationIzar\Results_Izar_lowJ2\D_6\plaquette\h_p0p01\main\J2_0p23\D_6_chi_108_energy_magnetization_correlation.txt,6,108,0.23,0.01,plaquette,-0.4441780562199,-0.41357289527105,-0.40558496171860003,-0.2026155456545,0.21095734961655002,0.00907601215632324,2.0369871907351594e-06
Izar,D:\HyraiOn\ENS_Lyon\Internship\2026-EPFL\data\external\VBCLowJ2ContinuationIzar\Results_Izar_lowJ2\D_6\plaquette\h_p0p01\main\J2_0p24\D_6_chi_108_energy_magnetization_correlation.txt,6,108,0.24,0.01,plaquette,-0.4412554487381,-0.4182220901763,-0.40716618552925005,-0.18969909085505,0.22852299932125003,0.0033555633840091316,6.981634154477049e-07
Izar,D:\HyraiOn\ENS_Lyon\Internship\2026-EPFL\data\external\VBCLowJ2ContinuationIzar\Results_Izar_lowJ2\D_6\plaquette\h_p0p01\main\J2_0p25\D_6_chi_108_energy_magnetization_correlation.txt,6,108,0.25,0.01,plaquette,-0.4384670438743,-0.42205113520844995,-0.4090214046186,-0.1771797604765,0.24487137473194995,0.0009646572916633476,3.356943028118068e-07
Izar,D:\HyraiOn\ENS_Lyon\Internship\2026-EPFL\data\external\VBCLowJ2ContinuationIzar\Results_Izar_lowJ2\D_7\plaquette\h_p0p01\main\J2_0p16\D_7_chi_126_energy_magnetization_correlation.txt,7,126,0.16,0.01,plaquette,-0.469032891761,-0.37506414014945005,-0.37499963071005005,-0.31463797640135,0.06042616374810006,0.16921991165769681,6.265396455085591e-06
Izar,D:\HyraiOn\ENS_Lyon\Internship\2026-EPFL\data\external\VBCLowJ2ContinuationIzar\Results_Izar_lowJ2\D_7\plaquette\h_p0p01\main\J2_0p17\D_7_chi_126_energy_magnetization_correlation.txt,7,126,0.17,0.01,plaquette,-0.4650955512508,-0.3768625911368,-0.37686159889754994,-0.30690120831554996,0.06996138282125003,0.15649952543509726,1.0245560946989053e-05
Izar,D:\HyraiOn\ENS_Lyon\Internship\2026-EPFL\data\external\VBCLowJ2ContinuationIzar\Results_Izar_lowJ2\D_7\plaquette\h_p0p01\main\J2_0p18\D_7_chi_126_energy_magnetization_correlation.txt,7,126,0.18,0.01,plaquette,-0.4612787316682,-0.3795877336421,-0.37943146980735,-0.29693386661015,0.08265386703195005,0.1420800958313525,2.7090037045173344e-06
Izar,D:\HyraiOn\ENS_Lyon\Internship\2026-EPFL\data\external\VBCLowJ2ContinuationIzar\Results_Izar_lowJ2\D_7\plaquette\h_p0p01\main\J2_0p19\D_7_chi_126_energy_magnetization_correlation.txt,7,126,0.19,0.01,plaquette,-0.4575938354813,-0.38327982652419995,-0.38324910046030003,-0.28407896108040004,0.09920086544379991,0.12435499927546322,3.1505662039899493e-06
Izar,D:\HyraiOn\ENS_Lyon\Internship\2026-EPFL\data\external\VBCLowJ2ContinuationIzar\Results_Izar_lowJ2\D_7\plaquette\h_p0p01\main\J2_0p20\D_7_chi_126_energy_magnetization_correlation.txt,7,126,0.2,0.01,plaquette,-0.454050097369,-0.38865683632455,-0.38858490633845005,-0.2670870778099,0.12156975851465002,0.10068769463489935,3.371801067405659e-06
Izar,D:\HyraiOn\ENS_Lyon\Internship\2026-EPFL\data\external\VBCLowJ2ContinuationIzar\Results_Izar_lowJ2\D_7\plaquette\h_p0p01\main\J2_0p21\D_7_chi_126_energy_magnetization_correlation.txt,7,126,0.21,0.01,plaquette,-0.4506220509274,-0.40031620695700004,-0.39974214213105,-0.23402752727835,0.16628867967865005,0.04381531305049995,1.2341968129838115e-06
Izar,D:\HyraiOn\ENS_Lyon\Internship\2026-EPFL\data\external\VBCLowJ2ContinuationIzar\Results_Izar_lowJ2\D_7\plaquette\h_p0p01\main\J2_0p22\D_7_chi_126_energy_magnetization_correlation.txt,7,126,0.22,0.01,plaquette,-0.4474581649926,-0.40497855985889997,-0.40432629290535,-0.21792275115594997,0.18705580870295,0.010532198553069137,5.666792401515025e-07
Izar,D:\HyraiOn\ENS_Lyon\Internship\2026-EPFL\data\external\VBCLowJ2ContinuationIzar\Results_Izar_lowJ2\D_7\plaquette\h_p0p01\main\J2_0p23\D_7_chi_126_energy_magnetization_correlation.txt,7,126,0.23,0.01,plaquette,-0.4444341803489,-0.40800008747725003,-0.4074085338161,-0.2053837619886,0.20261632548865002,0.004381915171484215,3.2526099739346836e-07
Izar,D:\HyraiOn\ENS_Lyon\Internship\2026-EPFL\data\external\VBCLowJ2ContinuationIzar\Results_Izar_lowJ2\D_7\plaquette\h_p0p01\main\J2_0p24\D_7_chi_126_energy_magnetization_correlation.txt,7,126,0.24,0.01,plaquette,-0.4415469689876,-0.4107956165253,-0.41041691883375003,-0.19281362508459998,0.21798199144070002,0.0020036874554853535,3.1614535188826705e-07
Izar,D:\HyraiOn\ENS_Lyon\Internship\2026-EPFL\data\external\VBCLowJ2ContinuationIzar\Results_Izar_lowJ2\D_7\plaquette\h_p0p01\main\J2_0p25\D_7_chi_126_energy_magnetization_correlation.txt,7,126,0.25,0.01,plaquette,-0.4387970603673,-0.41334237344455,-0.41326664523350004,-0.18037742316819996,0.23296495027635003,0.001093169719707487,4.843785094303754e-07
Izar,D:\HyraiOn\ENS_Lyon\Internship\2026-EPFL\data\external\VBCLowJ2ContinuationIzar\Results_Izar_lowJ2\D_6\plaquette\h_p0p02\main\J2_0p10\D_6_chi_108_energy_magnetization_correlation.txt,6,108,0.1,0.02,plaquette,-0.4953572045294,-0.38058794731254997,-0.38057696702719995,-0.31815229303945,0.062435654273099994,0.21769257900172145,3.938576331600468e-06
Izar,D:\HyraiOn\ENS_Lyon\Internship\2026-EPFL\data\external\VBCLowJ2ContinuationIzar\Results_Izar_lowJ2\D_6\plaquette\h_p0p02\main\J2_0p12\D_6_chi_108_energy_magnetization_correlation.txt,6,108,0.12,0.02,plaquette,-0.4864334477885,-0.38324931205924995,-0.38317830592605,-0.3080793156733,0.07516999638594996,0.19923143991436618,3.336919861883619e-06
Izar,D:\HyraiOn\ENS_Lyon\Internship\2026-EPFL\data\external\VBCLowJ2ContinuationIzar\Results_Izar_lowJ2\D_6\plaquette\h_p0p02\main\J2_0p14\D_6_chi_108_energy_magnetization_correlation.txt,6,108,0.14,0.02,plaquette,-0.4779209394804,-0.38718516837965006,-0.3870126721978,-0.29376892731575005,0.09341624106390001,0.17657374873753356,5.0573357029619135e-06
Izar,D:\HyraiOn\ENS_Lyon\Internship\2026-EPFL\data\external\VBCLowJ2ContinuationIzar\Results_Izar_lowJ2\D_6\plaquette\h_p0p02\main\J2_0p16\D_6_chi_108_energy_magnetization_correlation.txt,6,108,0.16,0.02,plaquette,-0.4698939470024,-0.39368938626665,-0.39347344779285004,-0.27194123679270005,0.12174814947394996,0.14087959295208113,3.664084613281282e-06
Izar,D:\HyraiOn\ENS_Lyon\Internship\2026-EPFL\data\external\VBCLowJ2ContinuationIzar\Results_Izar_lowJ2\D_6\plaquette\h_p0p02\main\J2_0p18\D_6_chi_108_energy_magnetization_correlation.txt,6,108,0.18,0.02,plaquette,-0.4624371441073,-0.4046377515026,-0.40437428027739997,-0.23751705859665004,0.16712069290594997,0.07427187455811113,4.3111579911015636e-06
Izar,D:\HyraiOn\ENS_Lyon\Internship\2026-EPFL\data\external\VBCLowJ2ContinuationIzar\Results_Izar_lowJ2\D_6\plaquette\h_p0p02\main\J2_0p20\D_6_chi_108_energy_magnetization_correlation.txt,6,108,0.2,0.02,plaquette,-0.4556253960249,-0.41555090002114997,-0.41390365574995003,-0.202688663054,0.21286223696714998,0.009630767904144542,7.589601599241884e-07
Izar,D:\HyraiOn\ENS_Lyon\Internship\2026-EPFL\data\external\VBCLowJ2ContinuationIzar\Results_Izar_lowJ2\D_6\plaquette\h_p0p02\main\J2_0p22\D_6_chi_108_energy_magnetization_correlation.txt,6,108,0.22,0.02,plaquette,-0.4494159355296,-0.42221218405415,-0.41899959637015,-0.17870284327055,0.2435093407836,0.0025895448665086995,6.191133578745408e-07
Izar,D:\HyraiOn\ENS_Lyon\Internship\2026-EPFL\data\external\VBCLowJ2ContinuationIzar\Results_Izar_lowJ2\D_6\plaquette\h_p0p02\main\J2_0p24\D_6_chi_108_energy_magnetization_correlation.txt,6,108,0.24,0.02,plaquette,-0.4437363993713,-0.42833387042699994,-0.4229389064577,-0.1554159279718,0.27291794245519996,0.00040684440060327116,5.159170019270927e-07
Izar,D:\HyraiOn\ENS_Lyon\Internship\2026-EPFL\data\external\VBCLowJ2ContinuationIzar\Results_Izar_lowJ2\D_7\plaquette\h_p0p02\main\J2_0p14\D_7_chi_126_energy_magnetization_correlation.txt,7,126,0.14,0.02,plaquette,-0.4780085272568,-0.3879768093006,-0.38647330773395,-0.29320316186725,0.09477364743335004,0.1645620678842576,0.00012972519146609734
Izar,D:\HyraiOn\ENS_Lyon\Internship\2026-EPFL\data\external\VBCLowJ2ContinuationIzar\Results_Izar_lowJ2\D_7\plaquette\h_p0p02\main\J2_0p16\D_7_chi_126_energy_magnetization_correlation.txt,7,126,0.16,0.02,plaquette,-0.4699657541176,-0.3941936479924,-0.39416970234474996,-0.26988588250600004,0.12430776548639993,0.12530401139735156,4.031851412498927e-05
Izar,D:\HyraiOn\ENS_Lyon\Internship\2026-EPFL\data\external\VBCLowJ2ContinuationIzar\Results_Izar_lowJ2\D_7\plaquette\h_p0p02\main\J2_0p18\D_7_chi_126_energy_magnetization_correlation.txt,7,126,0.18,0.02,plaquette,-0.4625635178855,-0.40485623713465,-0.40407046990850004,-0.2373303792668,0.16752585786785001,0.045327863237409116,1.9525093616565584e-05
Izar,D:\HyraiOn\ENS_Lyon\Internship\2026-EPFL\data\external\VBCLowJ2ContinuationIzar\Results_Izar_lowJ2\D_7\plaquette\h_p0p02\main\J2_0p20\D_7_chi_126_energy_magnetization_correlation.txt,7,126,0.2,0.02,plaquette,-0.4557577417205,-0.41404694113659996,-0.4138853574355,-0.2035721325531,0.21047480858349996,0.004785185711863793,4.342127937106067e-07
Izar,D:\HyraiOn\ENS_Lyon\Internship\2026-EPFL\data\external\VBCLowJ2ContinuationIzar\Results_Izar_lowJ2\D_7\plaquette\h_p0p02\main\J2_0p22\D_7_chi_126_energy_magnetization_correlation.txt,7,126,0.22,0.02,plaquette,-0.449604043961,-0.41943462868285003,-0.4194143892935,-0.18028826212995,0.23914636655290003,0.0011529544679815748,3.64374892280659e-07
Izar,D:\HyraiOn\ENS_Lyon\Internship\2026-EPFL\data\external\VBCLowJ2ContinuationIzar\Results_Izar_lowJ2\D_7\plaquette\h_p0p02\main\J2_0p24\D_7_chi_126_energy_magnetization_correlation.txt,7,126,0.24,0.02,plaquette,-0.4439858334174,-0.42426194525915,-0.4240417547589,-0.15741827893355,0.26684366632559997,0.000334989251075046,2.4080808864368855e-07
Izar,D:\HyraiOn\ENS_Lyon\Internship\2026-EPFL\data\external\VBCLowJ2ContinuationIzar\Results_Izar_lowJ2\D_6\plaquette\h_p0p04\main\J2_0p10\D_6_chi_108_energy_magnetization_correlation.txt,6,108,0.1,0.04,plaquette,-0.4972918116647,-0.39974198968305,-0.3987129442988,-0.2735382084652,0.12620378121785003,0.18345974845832907,5.480107311910439e-05
Izar,D:\HyraiOn\ENS_Lyon\Internship\2026-EPFL\data\external\VBCLowJ2ContinuationIzar\Results_Izar_lowJ2\D_6\plaquette\h_p0p04\main\J2_0p12\D_6_chi_108_energy_magnetization_correlation.txt,6,108,0.12,0.04,plaquette,-0.4887920193292,-0.40656322013234997,-0.4051135149834,-0.25235477471185,0.15420844542049994,0.1332555272676896,8.250300822077629e-05
Izar,D:\HyraiOn\ENS_Lyon\Internship\2026-EPFL\data\external\VBCLowJ2ContinuationIzar\Results_Izar_lowJ2\D_6\plaquette\h_p0p04\main\J2_0p14\D_6_chi_108_energy_magnetization_correlation.txt,6,108,0.14,0.04,plaquette,-0.4808292429406,-0.41568146085625,-0.41526390743775,-0.22111718846715,0.1945642723891,0.03803619494897306,4.5801733441453226e-06
Izar,D:\HyraiOn\ENS_Lyon\Internship\2026-EPFL\data\external\VBCLowJ2ContinuationIzar\Results_Izar_lowJ2\D_6\plaquette\h_p0p04\main\J2_0p16\D_6_chi_108_energy_magnetization_correlation.txt,6,108,0.16,0.04,plaquette,-0.4735420186909,-0.4224867323496,-0.42244017875765,-0.19618044562245,0.22630628672715,0.005327966313662356,9.389288358801504e-07
Izar,D:\HyraiOn\ENS_Lyon\Internship\2026-EPFL\data\external\VBCLowJ2ContinuationIzar\Results_Izar_lowJ2\D_6\plaquette\h_p0p04\main\J2_0p18\D_6_chi_108_energy_magnetization_correlation.txt,6,108,0.18,0.04,plaquette,-0.4668016604943,-0.42883066642595,-0.4283234426613,-0.17152163979995003,0.25730902662599997,0.001611160877390049,1.2200108477073683e-06
Izar,D:\HyraiOn\ENS_Lyon\Internship\2026-EPFL\data\external\VBCLowJ2ContinuationIzar\Results_Izar_lowJ2\D_6\plaquette\h_p0p04\main\J2_0p20\D_6_chi_108_energy_magnetization_correlation.txt,6,108,0.2,0.04,plaquette,-0.4606309073256,-0.43358219692575,-0.4328943347067,-0.1505538343639,0.28302836256185004,0.0004910953534133801,6.111993549570515e-07
Izar,D:\HyraiOn\ENS_Lyon\Internship\2026-EPFL\data\external\VBCLowJ2ContinuationIzar\Results_Izar_lowJ2\D_6\plaquette\h_p0p04\main\J2_0p22\D_6_chi_108_energy_magnetization_correlation.txt,6,108,0.22,0.04,plaquette,-0.4549616043406,-0.4377995585023,-0.43652434580315,-0.1302953241144,0.3075042343879,0.0002916802342604129,7.571145526444492e-07
Izar,D:\HyraiOn\ENS_Lyon\Internship\2026-EPFL\data\external\VBCLowJ2ContinuationIzar\Results_Izar_lowJ2\D_6\plaquette\h_p0p04\main\J2_0p24\D_6_chi_108_energy_magnetization_correlation.txt,6,108,0.24,0.04,plaquette,-0.4497858598863,-0.44131100493385,-0.43933389049165,-0.11095972664985,0.330351278284,0.00023725213478110183,6.160996007083923e-07
Izar,D:\HyraiOn\ENS_Lyon\Internship\2026-EPFL\data\external\VBCLowJ2ContinuationIzar\Results_Izar_lowJ2\D_7\plaquette\h_p0p04\main\J2_0p12\D_7_chi_126_energy_magnetization_correlation.txt,7,126,0.12,0.04,plaquette,-0.4887449896248,-0.4062249331526,-0.40620053011325,-0.2511051156932,0.1551198174594,0.13713698398714055,1.1007447590862882e-05
Izar,D:\HyraiOn\ENS_Lyon\Internship\2026-EPFL\data\external\VBCLowJ2ContinuationIzar\Results_Izar_lowJ2\D_7\plaquette\h_p0p04\main\J2_0p14\D_7_chi_126_energy_magnetization_correlation.txt,7,126,0.14,0.04,plaquette,-0.4808707344698,-0.41567099394354995,-0.41548423898885,-0.22061386895395,0.19505712498959996,0.02558961646249319,8.631478378195378e-06
Izar,D:\HyraiOn\ENS_Lyon\Internship\2026-EPFL\data\external\VBCLowJ2ContinuationIzar\Results_Izar_lowJ2\D_7\plaquette\h_p0p04\main\J2_0p16\D_7_chi_126_energy_magnetization_correlation.txt,7,126,0.16,0.04,plaquette,-0.4736037177549,-0.42223218472565,-0.4222309825883,-0.19643615002274997,0.22579603470290002,0.005286226485548614,5.097221046667643e-07
Izar,D:\HyraiOn\ENS_Lyon\Internship\2026-EPFL\data\external\VBCLowJ2ContinuationIzar\Results_Izar_lowJ2\D_7\plaquette\h_p0p04\main\J2_0p18\D_7_chi_126_energy_magnetization_correlation.txt,7,126,0.18,0.04,plaquette,-0.4668908534843,-0.4279408371241,-0.42793359274840004,-0.17320015992225002,0.25474067720185,0.0025119622034207078,5.012281349991582e-07
Izar,D:\HyraiOn\ENS_Lyon\Internship\2026-EPFL\data\external\VBCLowJ2ContinuationIzar\Results_Izar_lowJ2\D_7\plaquette\h_p0p04\main\J2_0p20\D_7_chi_126_energy_magnetization_correlation.txt,7,126,0.2,0.04,plaquette,-0.46073631613,-0.43269314379670004,-0.43269015221605,-0.15122973629814998,0.28146340749855003,0.00015114019796119067,5.2030578073418694e-08
Izar,D:\HyraiOn\ENS_Lyon\Internship\2026-EPFL\data\external\VBCLowJ2ContinuationIzar\Results_Izar_lowJ2\D_7\plaquette\h_p0p04\main\J2_0p22\D_7_chi_126_energy_magnetization_correlation.txt,7,126,0.22,0.04,plaquette,-0.4551076763506,-0.4364303459917,-0.4364143318192,-0.1312143285728,0.30521601741890003,0.00037428353284048635,5.0517591806095886e-08
Izar,D:\HyraiOn\ENS_Lyon\Internship\2026-EPFL\data\external\VBCLowJ2ContinuationIzar\Results_Izar_lowJ2\D_7\plaquette\h_p0p04\main\J2_0p24\D_7_chi_126_energy_magnetization_correlation.txt,7,126,0.24,0.04,plaquette,-0.4499767526423,-0.43947535708935,-0.43940956703405004,-0.11184277171675,0.3276325853726,0.00025606291250525424,4.928592125659874e-07
Izar,D:\HyraiOn\ENS_Lyon\Internship\2026-EPFL\data\external\VBCLowJ2ContinuationIzar\Results_Izar_lowJ2\D_6\plaquette\h_p0p08\main\J2_0p02\D_6_chi_108_energy_magnetization_correlation.txt,6,108,0.02,0.08,plaquette,-0.5397592483684,-0.4064754138692,-0.40640942104850003,-0.263149605588,0.1433258082812,0.24029775326627467,5.5956230816591423e-05
Izar,D:\HyraiOn\ENS_Lyon\Internship\2026-EPFL\data\external\VBCLowJ2ContinuationIzar\Results_Izar_lowJ2\D_6\plaquette\h_p0p08\main\J2_0p05\D_6_chi_108_energy_magnetization_correlation.txt,6,108,0.05,0.08,plaquette,-0.5256487059168,-0.41390912379865,-0.4137185514022,-0.24137443415350002,0.17253468964515,0.1940457475048295,9.832594831765539e-05
Izar,D:\HyraiOn\ENS_Lyon\Internship\2026-EPFL\data\external\VBCLowJ2ContinuationIzar\Results_Izar_lowJ2\D_6\plaquette\h_p0p08\main\J2_0p08\D_6_chi_108_energy_magnetization_correlation.txt,6,108,0.08,0.08,plaquette,-0.5127379969432,-0.4260361397795,-0.42576238353965,-0.20238156640725,0.22365457337225,0.041495760345504056,8.471737796017934e-05
Izar,D:\HyraiOn\ENS_Lyon\Internship\2026-EPFL\data\external\VBCLowJ2ContinuationIzar\Results_Izar_lowJ2\D_6\plaquette\h_p0p08\main\J2_0p11\D_6_chi_108_energy_magnetization_correlation.txt,6,108,0.11,0.08,plaquette,-0.5012667058907,-0.43462514687005,-0.43455880146669995,-0.17085246954590003,0.26377267732415,0.0016467093873985845,8.501532474691969e-06
Izar,D:\HyraiOn\ENS_Lyon\Internship\2026-EPFL\data\external\VBCLowJ2ContinuationIzar\Results_Izar_lowJ2\D_6\plaquette\h_p0p08\extra\J2_0p12\D_6_chi_108_energy_magnetization_correlation.txt,6,108,0.12,0.08,plaquette,-0.497708820372,-0.43703088738509993,-0.4369916678813,-0.16126065021665,0.27577023716844995,0.0010990322136853468,1.311753488445104e-06
Izar,D:\HyraiOn\ENS_Lyon\Internship\2026-EPFL\data\external\VBCLowJ2ContinuationIzar\Results_Izar_lowJ2\D_6\plaquette\h_p0p08\extra\J2_0p14\D_6_chi_108_energy_magnetization_correlation.txt,6,108,0.14,0.08,plaquette,-0.490955594102,-0.44138024997779995,-0.44136858859145,-0.14236055851735,0.29901969146044993,0.0008793541760093288,4.2106166540669577e-07
Izar,D:\HyraiOn\ENS_Lyon\Internship\2026-EPFL\data\external\VBCLowJ2ContinuationIzar\Results_Izar_lowJ2\D_6\plaquette\h_p0p08\extra\J2_0p16\D_6_chi_108_energy_magnetization_correlation.txt,6,108,0.16,0.08,plaquette,-0.4847104461762,-0.44510230971410003,-0.4450994740993,-0.12352766003745001,0.32157464967665,0.0001365060424564299,5.005331332882184e-08
Izar,D:\HyraiOn\ENS_Lyon\Internship\2026-EPFL\data\external\VBCLowJ2ContinuationIzar\Results_Izar_lowJ2\D_6\plaquette\h_p0p08\main\J2_0p17\D_6_chi_108_energy_magnetization_correlation.txt,6,108,0.17,0.08,plaquette,-0.4817754131907,-0.44662688034965004,-0.4466189072582,-0.11510657436445,0.33152030598520005,6.622893526056478e-05,7.212675829746291e-08
Izar,D:\HyraiOn\ENS_Lyon\Internship\2026-EPFL\data\external\VBCLowJ2ContinuationIzar\Results_Izar_lowJ2\D_6\plaquette\h_p0p08\extra\J2_0p18\D_6_chi_108_energy_magnetization_correlation.txt,6,108,0.18,0.08,plaquette,-0.4789547251605,-0.4480010360345,-0.447994116548,-0.10682773745015,0.34117329858434997,2.6491139994507568e-05,1.0724873580158321e-07
Izar,D:\HyraiOn\ENS_Lyon\Internship\2026-EPFL\data\external\VBCLowJ2ContinuationIzar\Results_Izar_lowJ2\D_6\plaquette\h_p0p08\main\J2_0p20\D_6_chi_108_energy_magnetization_correlation.txt,6,108,0.2,0.08,plaquette,-0.4736522155453,-0.4503004736305,-0.45027642968590004,-0.090788381347065,0.359512092283435,1.7186598149811448e-05,1.744450361822148e-07
Izar,D:\HyraiOn\ENS_Lyon\Internship\2026-EPFL\data\external\VBCLowJ2ContinuationIzar\Results_Izar_lowJ2\D_6\plaquette\h_p0p08\extra\J2_0p22\D_6_chi_108_energy_magnetization_correlation.txt,6,108,0.22,0.08,plaquette,-0.4687918574168,-0.45198382586825003,-0.4519669814464,-0.07558348321408,0.37640034265417005,5.559006477988393e-05,9.091266381281857e-08
Izar,D:\HyraiOn\ENS_Lyon\Internship\2026-EPFL\data\external\VBCLowJ2ContinuationIzar\Results_Izar_lowJ2\D_6\plaquette\h_p0p08\main\J2_0p23\D_6_chi_108_energy_magnetization_correlation.txt,6,108,0.23,0.08,plaquette,-0.4665226791971,-0.4526032304978,-0.45258485230874995,-0.0683382303526,0.3842650001452,5.652528271529866e-05,1.0339708596633827e-07
Izar,D:\HyraiOn\ENS_Lyon\Internship\2026-EPFL\data\external\VBCLowJ2ContinuationIzar\Results_Izar_lowJ2\D_6\plaquette\h_p0p08\extra\J2_0p24\D_6_chi_108_energy_magnetization_correlation.txt,6,108,0.24,0.08,plaquette,-0.4643580548272,-0.45309517113930003,-0.4530482183805,-0.06131305966607,0.39178211147323005,9.935030339826619e-05,1.1549836323873847e-07
Izar,D:\HyraiOn\ENS_Lyon\Internship\2026-EPFL\data\external\VBCLowJ2ContinuationIzar\Results_Izar_lowJ2\D_7\plaquette\h_p0p08\main\J2_0p02\D_7_chi_126_energy_magnetization_correlation.txt,7,126,0.02,0.08,plaquette,-0.5398096366681,-0.40620807840475,-0.40614445429375,-0.26398461279510005,0.14222346560964994,0.2371408591991159,0.0001006838174418812
Izar,D:\HyraiOn\ENS_Lyon\Internship\2026-EPFL\data\external\VBCLowJ2ContinuationIzar\Results_Izar_lowJ2\D_7\plaquette\h_p0p08\main\J2_0p05\D_7_chi_126_energy_magnetization_correlation.txt,7,126,0.05,0.08,plaquette,-0.5256723222462,-0.4140735522804,-0.414001959923,-0.24081777949025,0.17325577279015,0.18738772543166393,0.0001042660318624286
Izar,D:\HyraiOn\ENS_Lyon\Internship\2026-EPFL\data\external\VBCLowJ2ContinuationIzar\Results_Izar_lowJ2\D_7\plaquette\h_p0p08\main\J2_0p08\D_7_chi_126_energy_magnetization_correlation.txt,7,126,0.08,0.08,plaquette,-0.5127619763748,-0.42623546250454997,-0.42590886975760006,-0.20187249102524998,0.22436297147929998,0.01364193922831828,3.6827738677390344e-05
Izar,D:\HyraiOn\ENS_Lyon\Internship\2026-EPFL\data\external\VBCLowJ2ContinuationIzar\Results_Izar_lowJ2\D_7\plaquette\h_p0p08\main\J2_0p11\D_7_chi_126_energy_magnetization_correlation.txt,7,126,0.11,0.08,plaquette,-0.5012918382172,-0.4345534330715,-0.43445951854365,-0.17119074741380003,0.2633626856577,0.0006439259126316955,1.4419362129167416e-06
Izar,D:\HyraiOn\ENS_Lyon\Internship\2026-EPFL\data\external\VBCLowJ2ContinuationIzar\Results_Izar_lowJ2\D_7\plaquette\h_p0p08\extra\J2_0p12\D_7_chi_126_energy_magnetization_correlation.txt,7,126,0.12,0.08,plaquette,-0.4977312605848,-0.4369252519356,-0.43690323961565003,-0.16153463117045,0.27539062076515,5.788919459609848e-05,3.0038517198274103e-07
Izar,D:\HyraiOn\ENS_Lyon\Internship\2026-EPFL\data\external\VBCLowJ2ContinuationIzar\Results_Izar_lowJ2\D_7\plaquette\h_p0p08\extra\J2_0p14\D_7_chi_126_energy_magnetization_correlation.txt,7,126,0.14,0.08,plaquette,-0.4909866140474,-0.4412871734687,-0.44126105453674996,-0.14247439316985,0.29881278029885,0.0002552917625953807,2.6735078111218194e-07
Izar,D:\HyraiOn\ENS_Lyon\Internship\2026-EPFL\data\external\VBCLowJ2ContinuationIzar\Results_Izar_lowJ2\D_7\plaquette\h_p0p08\extra\J2_0p16\D_7_chi_126_energy_magnetization_correlation.txt,7,126,0.16,0.08,plaquette,-0.4847484322609,-0.44497570599745,-0.4449495278874,-0.12384112642545002,0.321134579572,8.382937811541722e-05,3.0477792289064826e-08
Izar,D:\HyraiOn\ENS_Lyon\Internship\2026-EPFL\data\external\VBCLowJ2ContinuationIzar\Results_Izar_lowJ2\D_7\plaquette\h_p0p08\main\J2_0p17\D_7_chi_126_energy_magnetization_correlation.txt,7,126,0.17,0.08,plaquette,-0.4818180063085,-0.4464727105547,-0.4464648708493,-0.11537359121759999,0.3310991193371,1.8909958687919948e-05,2.9469123266654416e-08
Izar,D:\HyraiOn\ENS_Lyon\Internship\2026-EPFL\data\external\VBCLowJ2ContinuationIzar\Results_Izar_lowJ2\D_7\plaquette\h_p0p08\extra\J2_0p18\D_7_chi_126_energy_magnetization_correlation.txt,7,126,0.18,0.08,plaquette,-0.4790040188678,-0.44782085038209996,-0.44782062765155,-0.10705621454825,0.34076463583384997,6.521892618260032e-06,1.1010956563120015e-07
Izar,D:\HyraiOn\ENS_Lyon\Internship\2026-EPFL\data\external\VBCLowJ2ContinuationIzar\Results_Izar_lowJ2\D_7\plaquette\h_p0p08\main\J2_0p20\D_7_chi_126_energy_magnetization_correlation.txt,7,126,0.2,0.08,plaquette,-0.4737217180799,-0.4500513949161,-0.4500432999575,-0.09093936136118501,0.359112033554915,0.00010504192521100999,1.3885350779682535e-07
Izar,D:\HyraiOn\ENS_Lyon\Internship\2026-EPFL\data\external\VBCLowJ2ContinuationIzar\Results_Izar_lowJ2\D_7\plaquette\h_p0p08\extra\J2_0p22\D_7_chi_126_energy_magnetization_correlation.txt,7,126,0.22,0.08,plaquette,-0.468893041131,-0.45162777998930004,-0.45162034936460005,-0.0757464879853,0.37588129200400006,7.705613023596295e-05,1.9224199568328265e-07
Izar,D:\HyraiOn\ENS_Lyon\Internship\2026-EPFL\data\external\VBCLowJ2ContinuationIzar\Results_Izar_lowJ2\D_7\plaquette\h_p0p08\main\J2_0p23\D_7_chi_126_energy_magnetization_correlation.txt,7,126,0.23,0.08,plaquette,-0.4666441588439,-0.45217696640625,-0.45217393516575005,-0.068500117710015,0.383676848696235,3.346914913321196e-05,1.3770589090992647e-07
Izar,D:\HyraiOn\ENS_Lyon\Internship\2026-EPFL\data\external\VBCLowJ2ContinuationIzar\Results_Izar_lowJ2\D_7\plaquette\h_p0p08\extra\J2_0p24\D_7_chi_126_energy_magnetization_correlation.txt,7,126,0.24,0.08,plaquette,-0.4645035970668,-0.4525855805366,-0.45257328799109997,-0.06143802223051,0.39114755830609,5.985722898687153e-05,1.6339783751226e-07
Kuma,D:\HyraiOn\ENS_Lyon\Internship\2026-EPFL\data\external\VBCLowJ2ContinuationKuma\Results_Kuma_lowJ2\D_8\plaquette\h_p0p08\J2_0p14\D_8_chi_144_energy_magnetization_correlation.txt,8,144,0.14,0.08,plaquette,-0.4910077726453,-0.44121574540815,-0.4412042610122,-0.14258632950975,0.2986294158984,0.0003276755745566668,6.671179119921804e-07
Kuma,D:\HyraiOn\ENS_Lyon\Internship\2026-EPFL\data\external\VBCLowJ2ContinuationKuma\Results_Kuma_lowJ2\D_8\plaquette\h_p0p08\J2_0p16\D_8_chi_144_energy_magnetization_correlation.txt,8,144,0.16,0.08,plaquette,-0.4847693974545,-0.4448552231737,-0.44485457536774997,-0.12426142752595,0.32059379564775004,0.0003323051704964581,4.607919769980913e-08
Kuma,D:\HyraiOn\ENS_Lyon\Internship\2026-EPFL\data\external\VBCLowJ2ContinuationKuma\Results_Kuma_lowJ2\D_8\plaquette\h_p0p08\J2_0p18\D_8_chi_144_energy_magnetization_correlation.txt,8,144,0.18,0.08,plaquette,-0.4790230237295,-0.44773406256485004,-0.44773197477905,-0.1073125469647,0.34042151560015005,0.00014625143498968709,3.572344736959474e-08
Kuma,D:\HyraiOn\ENS_Lyon\Internship\2026-EPFL\data\external\VBCLowJ2ContinuationKuma\Results_Kuma_lowJ2\D_8\plaquette\h_p0p08\J2_0p20\D_8_chi_144_energy_magnetization_correlation.txt,8,144,0.2,0.08,plaquette,-0.4737435319077,-0.44994760624265,-0.4499351603104,-0.091178739529785,0.358768866712865,4.590494147393525e-05,4.7685448476398154e-08
Kuma,D:\HyraiOn\ENS_Lyon\Internship\2026-EPFL\data\external\VBCLowJ2ContinuationKuma\Results_Kuma_lowJ2\D_8\plaquette\h_p0p08\J2_0p22\D_8_chi_144_energy_magnetization_correlation.txt,8,144,0.22,0.08,plaquette,-0.4689154601747,-0.45152100663335,-0.4515057589847,-0.07593298740476,0.37558801922859,8.467585347319872e-05,7.335427992794573e-08
Kuma,D:\HyraiOn\ENS_Lyon\Internship\2026-EPFL\data\external\VBCLowJ2ContinuationKuma\Results_Kuma_lowJ2\D_8\plaquette\h_p0p08\J2_0p24\D_8_chi_144_energy_magnetization_correlation.txt,8,144,0.24,0.08,plaquette,-0.4645332101831,-0.45244854988364996,-0.45242308222960004,-0.06161450321276,0.39083404667088995,0.00012752231990312353,1.0874627023015794e-07
Kuma,D:\HyraiOn\ENS_Lyon\Internship\2026-EPFL\data\external\VBCLowJ2ContinuationKuma\Results_Kuma_lowJ2\D_9\plaquette\h_p0p08\J2_0p14\D_9_chi_162_energy_magnetization_correlation.txt,9,162,0.14,0.08,plaquette,-0.4910222636681,-0.4411593779679,-0.44115442298665,-0.14271259192619998,0.29844678604170005,0.000233753266681997,4.821938084733591e-07
Kuma,D:\HyraiOn\ENS_Lyon\Internship\2026-EPFL\data\external\VBCLowJ2ContinuationKuma\Results_Kuma_lowJ2\D_9\plaquette\h_p0p08\J2_0p16\D_9_chi_162_energy_magnetization_correlation.txt,9,162,0.16,0.08,plaquette,-0.484786319213,-0.44477356179325,-0.4447468055174,-0.12470450376545,0.3200690580278,0.00017072663977450928,1.077579294187584e-07
Kuma,D:\HyraiOn\ENS_Lyon\Internship\2026-EPFL\data\external\VBCLowJ2ContinuationKuma\Results_Kuma_lowJ2\D_9\plaquette\h_p0p08\J2_0p18\D_9_chi_162_energy_magnetization_correlation.txt,9,162,0.18,0.08,plaquette,-0.4790313379964,-0.44768381931664997,-0.44767494263784996,-0.10748921959950002,0.34019459971714994,0.0001674562960479075,2.395895410853091e-08
Kuma,D:\HyraiOn\ENS_Lyon\Internship\2026-EPFL\data\external\VBCLowJ2ContinuationKuma\Results_Kuma_lowJ2\D_9\plaquette\h_p0p08\J2_0p20\D_9_chi_162_energy_magnetization_correlation.txt,9,162,0.2,0.08,plaquette,-0.4737519921366,-0.44989492222455,-0.4498820269262,-0.09132979618868499,0.35856512603586504,0.00012470076309748757,2.332673323149171e-08
Kuma,D:\HyraiOn\ENS_Lyon\Internship\2026-EPFL\data\external\VBCLowJ2ContinuationKuma\Results_Kuma_lowJ2\D_9\plaquette\h_p0p08\J2_0p22\D_9_chi_162_energy_magnetization_correlation.txt,9,162,0.22,0.08,plaquette,-0.4689289059049,-0.45145054858649997,-0.45144867439340003,-0.076073178633855,0.375377369952645,8.341734458823638e-05,5.38451602682508e-08
Kuma,D:\HyraiOn\ENS_Lyon\Internship\2026-EPFL\data\external\VBCLowJ2ContinuationKuma\Results_Kuma_lowJ2\D_9\plaquette\h_p0p08\J2_0p24\D_9_chi_162_energy_magnetization_correlation.txt,9,162,0.24,0.08,plaquette,-0.4645497684067,-0.45236465125809994,-0.45235601492205,-0.06173882619578,0.3906258250623199,8.130775100090528e-05,8.266952754984878e-08
