seed_path,D,source_chi,run_chi,orientation,signed_h,vbc_branch,source
seeds/D6/dimer/h_0p01.pt,6,72,108,2,-0.01,dimer-plaquette,Results_Izar_replica1/J2_0.26/D_6/orientation_2/dimer-plaquette/replica_1/h_0p01/sweep_D6_chi72_best.pt
seeds/D6/plaquette/h_0p01.pt,6,72,108,2,+0.01,plaquette,Results_Izar_replica1/J2_0.26/D_6/orientation_2/plaquette/replica_1/h_0p01/sweep_D6_chi72_best.pt
seeds/D6/dimer/h_0p02.pt,6,72,108,2,-0.02,dimer-plaquette,Results_Izar_replica1/J2_0.26/D_6/orientation_2/dimer-plaquette/replica_1/h_0p02/sweep_D6_chi72_best.pt
seeds/D6/plaquette/h_0p02.pt,6,72,108,2,+0.02,plaquette,Results_Izar_replica1/J2_0.26/D_6/orientation_2/plaquette/replica_1/h_0p02/sweep_D6_chi72_best.pt
seeds/D6/dimer/h_0p04.pt,6,72,108,2,-0.04,dimer-plaquette,Results_Izar_replica1/J2_0.26/D_6/orientation_2/dimer-plaquette/replica_1/h_0p04/sweep_D6_chi72_best.pt
seeds/D6/plaquette/h_0p04.pt,6,72,108,2,+0.04,plaquette,Results_Izar_replica1/J2_0.26/D_6/orientation_2/plaquette/replica_1/h_0p04/sweep_D6_chi72_best.pt
seeds/D6/dimer/h_0p08.pt,6,72,108,2,-0.08,dimer-plaquette,Results_Izar_replica1/J2_0.26/D_6/orientation_2/dimer-plaquette/replica_1/h_0p08/sweep_D6_chi72_best.pt
seeds/D6/plaquette/h_0p08.pt,6,72,108,2,+0.08,plaquette,Results_Izar_replica1/J2_0.26/D_6/orientation_2/plaquette/replica_1/h_0p08/sweep_D6_chi72_best.pt
seeds/D7/dimer/h_0p01.pt,7,91,126,1,-0.01,dimer-plaquette,Results_Izar_replica1/J2_0.26/D_7/orientation_1/dimer-plaquette/replica_1/h_0p01/sweep_D7_chi91_best.pt
seeds/D7/plaquette/h_0p01.pt,7,91,126,1,+0.01,plaquette,Results_Izar_replica1/J2_0.26/D_7/orientation_1/plaquette/replica_1/h_0p01/sweep_D7_chi91_best.pt
seeds/D7/dimer/h_0p02.pt,7,91,126,1,-0.02,dimer-plaquette,Results_Izar_replica1/J2_0.26/D_7/orientation_1/dimer-plaquette/replica_1/h_0p02/sweep_D7_chi91_best.pt
seeds/D7/plaquette/h_0p02.pt,7,91,126,1,+0.02,plaquette,Results_Izar_replica1/J2_0.26/D_7/orientation_1/plaquette/replica_1/h_0p02/sweep_D7_chi91_best.pt
seeds/D7/dimer/h_0p04.pt,7,91,126,1,-0.04,dimer-plaquette,Results_Izar_replica1/J2_0.26/D_7/orientation_1/dimer-plaquette/replica_1/h_0p04/sweep_D7_chi91_best.pt
seeds/D7/plaquette/h_0p04.pt,7,91,126,1,+0.04,plaquette,Results_Izar_replica1/J2_0.26/D_7/orientation_1/plaquette/replica_1/h_0p04/sweep_D7_chi91_best.pt
seeds/D7/dimer/h_0p08.pt,7,91,126,1,-0.08,dimer-plaquette,Results_Izar_replica1/J2_0.26/D_7/orientation_1/dimer-plaquette/replica_1/h_0p08/sweep_D7_chi91_best.pt
seeds/D7/plaquette/h_0p08.pt,7,91,126,1,+0.08,plaquette,Results_Izar_replica1/J2_0.26/D_7/orientation_1/plaquette/replica_1/h_0p08/sweep_D7_chi91_best.pt
seeds/D8/dimer/h_0p01.pt,8,104,144,1,-0.01,dimer-plaquette,Results_Izar_replica1/J2_0.26/D_8/orientation_1/dimer-plaquette/replica_1/h_0p01/sweep_D8_chi104_best.pt
seeds/D8/plaquette/h_0p01.pt,8,104,144,1,+0.01,plaquette,Results_Izar_replica1/J2_0.26/D_8/orientation_1/plaquette/replica_1/h_0p01/sweep_D8_chi104_best.pt
seeds/D8/dimer/h_0p02.pt,8,104,144,1,-0.02,dimer-plaquette,Results_Izar_replica1/J2_0.26/D_8/orientation_1/dimer-plaquette/replica_1/h_0p02/sweep_D8_chi104_best.pt
seeds/D8/plaquette/h_0p02.pt,8,104,144,1,+0.02,plaquette,Results_Izar_replica1/J2_0.26/D_8/orientation_1/plaquette/replica_1/h_0p02/sweep_D8_chi104_best.pt
seeds/D8/dimer/h_0p04.pt,8,104,144,1,-0.04,dimer-plaquette,Results_Izar_replica1/J2_0.26/D_8/orientation_1/dimer-plaquette/replica_1/h_0p04/sweep_D8_chi104_best.pt
seeds/D8/plaquette/h_0p04.pt,8,104,144,1,+0.04,plaquette,Results_Izar_replica1/J2_0.26/D_8/orientation_1/plaquette/replica_1/h_0p04/sweep_D8_chi104_best.pt
seeds/D8/dimer/h_0p08.pt,8,104,144,1,-0.08,dimer-plaquette,Results_Izar_replica1/J2_0.26/D_8/orientation_1/dimer-plaquette/replica_1/h_0p08/sweep_D8_chi104_best.pt
seeds/D8/plaquette/h_0p08.pt,8,104,144,1,+0.08,plaquette,Results_Izar_replica1/J2_0.26/D_8/orientation_1/plaquette/replica_1/h_0p08/sweep_D8_chi104_best.pt
