job_id,D,connection,node,series,t,x_percent,chi,G0,G1,G2,rank1,rank2,rank3,completed_stage
3201530,6,dimer,A,chain,0,0.0,108,-0.7499997491839,-1.7236510746215e-05,7.5852373820695e-06,-0.7499997491839,-1.7236510746215e-05,7.5852373820695e-06,True
3201531,6,dimer,B,chain,1,12.5,108,-0.7492929891753,-0.008930993312513501,-0.0089460845245145,-0.7492929891753,-0.0089460845245145,-0.008930993312513501,True
3201532,6,dimer,C,chain,2,25.0,108,-0.7469053252452,-0.019114577321665,-0.019110583234385,-0.7469053252452,-0.019114577321665,-0.019110583234385,True
3201539,6,dimer,O,direct,2,25.0,108,-0.7469057071829001,-0.0191268050637,-0.019118301944034997,-0.7469057071829001,-0.0191268050637,-0.019118301944034997,True
3201533,6,dimer,D,chain,3,37.5,108,-0.7421272897277499,-0.031623244675100005,-0.031621743754475,-0.7421272897277499,-0.031623244675100005,-0.031621743754475,True
3201540,6,dimer,P,direct,3,37.5,120,-0.7425045912589501,-0.03178502824592,-0.031937654918615,-0.7425045912589501,-0.031937654918615,-0.03178502824592,True
3201534,6,dimer,E,chain,4,50.0,108,-0.73337612151985,-0.047919459325055,-0.047946275700350004,-0.73337612151985,-0.047946275700350004,-0.047919459325055,True
3201541,6,dimer,Q,direct,4,50.0,108,-0.7333739919154999,-0.047945199421984996,-0.047911619229090006,-0.7333739919154999,-0.047945199421984996,-0.047911619229090006,True
3201535,6,dimer,F,chain,5,62.5,108,-0.7171211061039501,-0.070755304588235,-0.07080015258045001,-0.7171211061039501,-0.07080015258045001,-0.070755304588235,True
3201542,6,dimer,R,direct,5,62.5,108,-0.7171331192024,-0.07076427423053501,-0.07075106566256,-0.7171331192024,-0.07076427423053501,-0.07075106566256,True
3201536,6,dimer,G,chain,6,75.0,108,-0.68557561261555,-0.1046599833516,-0.10471944089129999,-0.68557561261555,-0.10471944089129999,-0.1046599833516,True
3201543,6,dimer,S,direct,6,75.0,108,-0.6855765935353499,-0.10465875879690001,-0.10472289471405,-0.6855765935353499,-0.10472289471405,-0.10465875879690001,True
3201537,6,dimer,H,chain,7,87.5,108,-0.6239169978937501,-0.15506346446485,-0.15507385807135002,-0.6239169978937501,-0.15507385807135002,-0.15506346446485,True
3201544,6,dimer,T,direct,7,87.5,108,-0.6238589529769499,-0.15510540840439999,-0.1551237877227,-0.6238589529769499,-0.1551237877227,-0.15510540840439999,True
3201538,6,dimer,I,chain,8,100.0,108,-0.5039768177997,-0.22756558412244998,-0.23094101443789997,-0.5039768177997,-0.23094101443789997,-0.22756558412244998,True
3201545,6,dimer,U,direct,8,100.0,108,-0.50257358832675,-0.22922718300745,-0.2304908644932,-0.50257358832675,-0.2304908644932,-0.22922718300745,True
3201514,6,plaq,A,chain,0,0.0,108,-3.0743091123495e-05,-0.46712328718589996,-0.46712938545379995,-0.46712938545379995,-0.46712328718589996,-3.0743091123495e-05,True
3201515,6,plaq,B,chain,1,12.5,108,-0.003440955320179,-0.46694469090225005,-0.46695364183865,-0.46695364183865,-0.46694469090225005,-0.003440955320179,True
3201516,6,plaq,C,chain,2,25.0,108,-0.007741689501294499,-0.46662746588599996,-0.46615741741940003,-0.46662746588599996,-0.46615741741940003,-0.007741689501294499,True
3201523,6,plaq,O,direct,2,25.0,120,-0.007390086910698999,-0.46649314249835,-0.4662645147489,-0.46649314249835,-0.4662645147489,-0.007390086910698999,True
3201517,6,plaq,D,chain,3,37.5,108,-0.010779131475380002,-0.46506940985914996,-0.46506782353134996,-0.46506940985914996,-0.46506782353134996,-0.010779131475380002,True
3201524,6,plaq,P,direct,3,37.5,108,-0.01620863155929,-0.4668431373814,-0.46459349870710004,-0.4668431373814,-0.46459349870710004,-0.01620863155929,True
3201518,6,plaq,E,chain,4,50.0,108,-0.016972800758555,-0.46308595139875,-0.46307899450504997,-0.46308595139875,-0.46307899450504997,-0.016972800758555,True
3201525,6,plaq,Q,direct,4,50.0,108,-0.01693544390224,-0.46309525206014995,-0.4630991399352,-0.4630991399352,-0.46309525206014995,-0.01693544390224,True
3201519,6,plaq,F,chain,5,62.5,108,-0.025640291030980002,-0.46001049441785,-0.46001032719675,-0.46001049441785,-0.46001032719675,-0.025640291030980002,True
3201526,6,plaq,R,direct,5,62.5,108,-0.025536667351135,-0.46006615701540005,-0.45999186509640005,-0.46006615701540005,-0.45999186509640005,-0.025536667351135,True
3201520,6,plaq,G,chain,6,75.0,108,-0.03855000384657,-0.4552505415593,-0.45501929418855,-0.4552505415593,-0.45501929418855,-0.03855000384657,True
3201527,6,plaq,S,direct,6,75.0,108,-0.03837082482494,-0.45569143646929994,-0.45413744127774996,-0.45569143646929994,-0.45413744127774996,-0.03837082482494,True
3201521,6,plaq,H,chain,7,87.5,108,-0.06156319189599,-0.4486624881201,-0.44266679447005,-0.4486624881201,-0.44266679447005,-0.06156319189599,True
3201528,6,plaq,T,direct,7,87.5,108,-0.06160744388631,-0.4487187018507,-0.4425534697525,-0.4487187018507,-0.4425534697525,-0.06160744388631,True
3201522,6,plaq,I,chain,8,100.0,108,-0.23059213362815,-0.5025400691,-0.22916755199685002,-0.5025400691,-0.23059213362815,-0.22916755199685002,True
3201529,6,plaq,U,direct,8,100.0,108,-0.22957988127679999,-0.5025576036398499,-0.23014490619135,-0.5025576036398499,-0.23014490619135,-0.22957988127679999,True
3201562,7,dimer,A,chain,0,0.0,140,-0.74999984755245,3.404424977468e-06,9.0549430632265e-06,-0.74999984755245,3.404424977468e-06,9.0549430632265e-06,True
3201563,7,dimer,B,chain,1,12.5,126,-0.7492903902121499,-0.008874576233771999,-0.008914188542714,-0.7492903902121499,-0.008914188542714,-0.008874576233771999,True
3201564,7,dimer,C,chain,2,25.0,126,-0.74689988825385,-0.019133836584815,-0.01913063321508,-0.74689988825385,-0.019133836584815,-0.01913063321508,True
3201571,7,dimer,O,direct,2,25.0,126,-0.74692740692595,-0.019110721907185,-0.019037886774540002,-0.74692740692595,-0.019110721907185,-0.019037886774540002,True
3201565,7,dimer,D,chain,3,37.5,126,-0.7421769584538499,-0.031544071841085,-0.031478874361485,-0.7421769584538499,-0.031544071841085,-0.031478874361485,True
3201572,7,dimer,P,direct,3,37.5,126,-0.7422771646425,-0.031493458200265,-0.03129663540232,-0.7422771646425,-0.031493458200265,-0.03129663540232,True
3201566,7,dimer,E,chain,4,50.0,126,-0.7333156896834999,-0.04797764325596,-0.04798006793674,-0.7333156896834999,-0.04798006793674,-0.04797764325596,True
3201573,7,dimer,Q,direct,4,50.0,126,-0.7333104352155501,-0.04798614334478,-0.047994430540160005,-0.7333104352155501,-0.047994430540160005,-0.04798614334478,True
3201567,7,dimer,F,chain,5,62.5,126,-0.7168818201897,-0.07092392095161999,-0.070931263772745,-0.7168818201897,-0.070931263772745,-0.07092392095161999,True
3201574,7,dimer,R,direct,5,62.5,126,-0.7168828690703001,-0.070922028393065,-0.070935191114025,-0.7168828690703001,-0.070935191114025,-0.070922028393065,True
3201568,7,dimer,G,chain,6,75.0,126,-0.6847855973532,-0.1050718894255,-0.1050804660675,-0.6847855973532,-0.1050804660675,-0.1050718894255,True
3201575,7,dimer,S,direct,6,75.0,126,-0.6847851172018999,-0.10507653074060001,-0.10507527133595,-0.6847851172018999,-0.10507653074060001,-0.10507527133595,True
3201569,7,dimer,H,chain,7,87.5,126,-0.6216503829018,-0.15582289978285,-0.15581311322815,-0.6216503829018,-0.15582289978285,-0.15581311322815,True
3201576,7,dimer,T,direct,7,87.5,126,-0.6216460262783,-0.15582319534965,-0.15581723000325,-0.6216460262783,-0.15582319534965,-0.15581723000325,True
3201570,7,dimer,I,chain,8,100.0,126,-0.4975107570248,-0.23064215388724998,-0.23113560487639997,-0.4975107570248,-0.23113560487639997,-0.23064215388724998,True
3201577,7,dimer,U,direct,8,100.0,126,-0.49751980049885,-0.23057133042505,-0.23120020455595,-0.49751980049885,-0.23120020455595,-0.23057133042505,True
3201546,7,plaq,A,chain,0,0.0,126,-5.7477702639604994e-06,-0.4671682611006,-0.46708427931685,-0.4671682611006,-0.46708427931685,-5.7477702639604994e-06,True
3201547,7,plaq,B,chain,1,12.5,140,-0.0026315207232464996,-0.46698856397204996,-0.46689198437205,-0.46698856397204996,-0.46689198437205,-0.0026315207232464996,True
3201548,7,plaq,C,chain,2,25.0,126,-0.0060023781490394995,-0.46626615617155,-0.4662929528094,-0.4662929528094,-0.46626615617155,-0.0060023781490394995,True
3201555,7,plaq,O,direct,2,25.0,126,-0.005986188646961501,-0.4662789568527,-0.46627642910815004,-0.4662789568527,-0.46627642910815004,-0.005986188646961501,True
3201549,7,plaq,D,chain,3,37.5,126,-0.01052619454283,-0.46503119263375003,-0.46504558807295,-0.46504558807295,-0.46503119263375003,-0.01052619454283,True
3201556,7,plaq,P,direct,3,37.5,126,-0.010516721021454999,-0.46504114828884996,-0.46503699988315,-0.46504114828884996,-0.46503699988315,-0.010516721021454999,True
3201550,7,plaq,E,chain,4,50.0,126,-0.016652620972094998,-0.46300638410415,-0.4630029020039,-0.46300638410415,-0.4630029020039,-0.016652620972094998,True
3201557,7,plaq,Q,direct,4,50.0,126,-0.01664304663832,-0.46301407866555006,-0.46299313413055,-0.46301407866555006,-0.46299313413055,-0.01664304663832,True
3201551,7,plaq,F,chain,5,62.5,126,-0.025255319577654995,-0.45978727067385,-0.45979196165595004,-0.45979196165595004,-0.45978727067385,-0.025255319577654995,True
3201558,7,plaq,R,direct,5,62.5,126,-0.025243291843995,-0.45977563076125,-0.45980904874469997,-0.45980904874469997,-0.45977563076125,-0.025243291843995,True
3201552,7,plaq,G,chain,6,75.0,126,-0.038388427801375004,-0.45454953477275,-0.45452886986565,-0.45454953477275,-0.45452886986565,-0.038388427801375004,True
3201559,7,plaq,S,direct,6,75.0,126,-0.038362703805445,-0.4545948760571,-0.4544990748924,-0.4545948760571,-0.4544990748924,-0.038362703805445,True
3201553,7,plaq,H,chain,7,87.5,126,-0.0623976299588,-0.44479443375125,-0.44436862705839997,-0.44479443375125,-0.44436862705839997,-0.0623976299588,True
3201560,7,plaq,T,direct,7,87.5,126,-0.062269394291164994,-0.44481022257180003,-0.44443855318224995,-0.44481022257180003,-0.44443855318224995,-0.062269394291164994,True
3201554,7,plaq,I,chain,8,100.0,126,-0.1412084147377,-0.41365721553004997,-0.405589694609,-0.41365721553004997,-0.405589694609,-0.1412084147377,True
3201561,7,plaq,U,direct,8,100.0,126,-0.1713230258273,-0.47752618990475,-0.31048150195380003,-0.47752618990475,-0.31048150195380003,-0.1713230258273,True
