J2,D,chi,strongest,middle,weakest,delta,omega,eta,texture,threshold,tensor,observation
0.26,5,50,-0.39489855618990005,-0.31347584131670003,-0.31300711482365,0.08189144136625004,0.9942762456585214,0.9885524913170427,dimer-plaquette,0.7,D:\HyraiOn\ENS_Lyon\Internship\2026-EPFL\data\0713summary\J2_0p26\2tensor_twoC3\D_5\tensor_best.pt,D:\HyraiOn\ENS_Lyon\Internship\2026-EPFL\data\0713summary\J2_0p26\2tensor_twoC3\D_5\energy_magnetization_correlation.txt
0.26,6,72,-0.36946001015475,-0.36440386671305003,-0.28324782805794996,0.08621218209680004,0.058647668098956954,-0.8827046638020861,plaquette,0.7,D:\HyraiOn\ENS_Lyon\Internship\2026-EPFL\data\0713summary\J2_0p26\2tensor_twoC3\D_6\tensor_best.pt,D:\HyraiOn\ENS_Lyon\Internship\2026-EPFL\data\0713summary\J2_0p26\2tensor_twoC3\D_6\energy_magnetization_correlation.txt
0.265,5,50,-0.47012959151840006,-0.27082209869959994,-0.26714931685099996,0.2029802746674001,0.9819057203729863,0.9638114407459726,dimer-plaquette,0.7,D:\HyraiOn\ENS_Lyon\Internship\2026-EPFL\data\0713summary\J2_0p265\2tensor_twoC3\D_5\tensor_best.pt,D:\HyraiOn\ENS_Lyon\Internship\2026-EPFL\data\0713summary\J2_0p265\2tensor_twoC3\D_5\energy_magnetization_correlation.txt
0.265,6,72,-0.38608523812085,-0.38414312592505,-0.2400271701751,0.14605806794575,0.01329684982907851,-0.973406300341843,plaquette,0.7,D:\HyraiOn\ENS_Lyon\Internship\2026-EPFL\data\0713summary\J2_0p265\2tensor_twoC3\D_6\tensor_best.pt,D:\HyraiOn\ENS_Lyon\Internship\2026-EPFL\data\0713summary\J2_0p265\2tensor_twoC3\D_6\energy_magnetization_correlation.txt
0.27,5,50,-0.47484864856705,-0.26684853723324997,-0.26321116742905,0.21163748113800002,0.9828132059376183,0.9656264118752367,dimer-plaquette,0.7,D:\HyraiOn\ENS_Lyon\Internship\2026-EPFL\data\0713summary\J2_0p27\2tensor_twoC3\D_5\tensor_best.pt,D:\HyraiOn\ENS_Lyon\Internship\2026-EPFL\data\0713summary\J2_0p27\2tensor_twoC3\D_5\energy_magnetization_correlation.txt
0.27,6,72,-0.47155352294050007,-0.27767107532574997,-0.2514718950423,0.22008162789820007,0.8809569861253091,0.7619139722506183,dimer-plaquette,0.7,D:\HyraiOn\ENS_Lyon\Internship\2026-EPFL\data\0713summary\J2_0p27\2tensor_twoC3\D_6\tensor_best.pt,D:\HyraiOn\ENS_Lyon\Internship\2026-EPFL\data\0713summary\J2_0p27\2tensor_twoC3\D_6\energy_magnetization_correlation.txt
0.275,5,50,-0.4790185509239,-0.26289574273849997,-0.2598355645399,0.21918298638400002,0.9860382493683215,0.972076498736643,dimer-plaquette,0.7,D:\HyraiOn\ENS_Lyon\Internship\2026-EPFL\data\0713summary\J2_0p275\2tensor_twoC3\D_5\tensor_best.pt,D:\HyraiOn\ENS_Lyon\Internship\2026-EPFL\data\0713summary\J2_0p275\2tensor_twoC3\D_5\energy_magnetization_correlation.txt
0.275,6,72,-0.47788281843815006,-0.25980009566945,-0.25853717806115,0.21934564037700005,0.9942423400523057,0.9884846801046114,dimer-plaquette,0.7,D:\HyraiOn\ENS_Lyon\Internship\2026-EPFL\data\0713summary\J2_0p275\2tensor_twoC3\D_6\tensor_best.pt,D:\HyraiOn\ENS_Lyon\Internship\2026-EPFL\data\0713summary\J2_0p275\2tensor_twoC3\D_6\energy_magnetization_correlation.txt
0.28,5,50,-0.4821927192756,-0.26090233743459995,-0.25553932188455003,0.22665339739104995,0.9763382520986571,0.9526765041973142,dimer-plaquette,0.7,D:\HyraiOn\ENS_Lyon\Internship\2026-EPFL\data\0713summary\J2_0p28\2tensor_twoC3\D_5\tensor_best.pt,D:\HyraiOn\ENS_Lyon\Internship\2026-EPFL\data\0713summary\J2_0p28\2tensor_twoC3\D_5\energy_magnetization_correlation.txt
0.28,6,72,-0.4805231309269,-0.25713815293994996,-0.25504473233514996,0.22547839859175006,0.9907156489585047,0.9814312979170094,dimer-plaquette,0.7,D:\HyraiOn\ENS_Lyon\Internship\2026-EPFL\data\0713summary\J2_0p28\2tensor_twoC3\D_6\tensor_best.pt,D:\HyraiOn\ENS_Lyon\Internship\2026-EPFL\data\0713summary\J2_0p28\2tensor_twoC3\D_6\energy_magnetization_correlation.txt
0.29,5,50,-0.48933934773715,-0.2534753807531,-0.2494349968555,0.23990435088165,0.9831583550579572,0.9663167101159145,dimer-plaquette,0.7,D:\HyraiOn\ENS_Lyon\Internship\2026-EPFL\data\0713summary\J2_0p29\2tensor_twoC3\D_5\tensor_best.pt,D:\HyraiOn\ENS_Lyon\Internship\2026-EPFL\data\0713summary\J2_0p29\2tensor_twoC3\D_5\energy_magnetization_correlation.txt
0.29,6,72,-0.48710367089280004,-0.24912820203325,-0.24902980949565,0.23807386139715003,0.9995867142364031,0.9991734284728062,dimer-plaquette,0.7,D:\HyraiOn\ENS_Lyon\Internship\2026-EPFL\data\0713summary\J2_0p29\2tensor_twoC3\D_6\tensor_best.pt,D:\HyraiOn\ENS_Lyon\Internship\2026-EPFL\data\0713summary\J2_0p29\2tensor_twoC3\D_6\energy_magnetization_correlation.txt
0.3,5,50,-0.49539137371900005,-0.24988564497825003,-0.2405537296829,0.25483764403610004,0.9633809387516231,0.9267618775032462,dimer-plaquette,0.7,D:\HyraiOn\ENS_Lyon\Internship\2026-EPFL\data\0713summary\J2_0p3\2tensor_twoC3\D_5\tensor_best.pt,D:\HyraiOn\ENS_Lyon\Internship\2026-EPFL\data\0713summary\J2_0p3\2tensor_twoC3\D_5\energy_magnetization_correlation.txt
0.3,6,72,-0.49279050374929995,-0.24339629068569998,-0.24152967507595,0.25126082867335,0.9925710043240497,0.9851420086480993,dimer-plaquette,0.7,D:\HyraiOn\ENS_Lyon\Internship\2026-EPFL\data\0713summary\J2_0p3\2tensor_twoC3\D_6\tensor_best.pt,D:\HyraiOn\ENS_Lyon\Internship\2026-EPFL\data\0713summary\J2_0p3\2tensor_twoC3\D_6\energy_magnetization_correlation.txt
0.31,5,50,-0.50127415592715,-0.24525846177610003,-0.2327607589664,0.26851339696074994,0.9534559431627658,0.9069118863255317,dimer-plaquette,0.7,D:\HyraiOn\ENS_Lyon\Internship\2026-EPFL\data\0713summary\J2_0p31\2tensor_twoC3\D_5\tensor_best.pt,D:\HyraiOn\ENS_Lyon\Internship\2026-EPFL\data\0713summary\J2_0p31\2tensor_twoC3\D_5\energy_magnetization_correlation.txt
0.31,6,72,-0.4981207416984,-0.23768146273814997,-0.23445942292239996,0.263661318776,0.9877796264135074,0.9755592528270147,dimer-plaquette,0.7,D:\HyraiOn\ENS_Lyon\Internship\2026-EPFL\data\0713summary\J2_0p31\2tensor_twoC3\D_6\tensor_best.pt,D:\HyraiOn\ENS_Lyon\Internship\2026-EPFL\data\0713summary\J2_0p31\2tensor_twoC3\D_6\energy_magnetization_correlation.txt
0.32,5,50,-0.5057531043595499,-0.25321839600135,-0.21377266739875003,0.2919804369607999,0.8649028372818833,0.7298056745637667,dimer-plaquette,0.7,D:\HyraiOn\ENS_Lyon\Internship\2026-EPFL\data\0713summary\J2_0p32\2tensor_twoC3\D_5\tensor_best.pt,D:\HyraiOn\ENS_Lyon\Internship\2026-EPFL\data\0713summary\J2_0p32\2tensor_twoC3\D_5\energy_magnetization_correlation.txt
0.32,6,72,-0.5025396467990499,-0.23324976602195002,-0.2264824805883,0.27605716621074994,0.9754859273296905,0.950971854659381,dimer-plaquette,0.7,D:\HyraiOn\ENS_Lyon\Internship\2026-EPFL\data\0713summary\J2_0p32\2tensor_twoC3\D_6\tensor_best.pt,D:\HyraiOn\ENS_Lyon\Internship\2026-EPFL\data\0713summary\J2_0p32\2tensor_twoC3\D_6\energy_magnetization_correlation.txt
