priority,J2,D,chi,pair,normal_env,swapped_env,qos,walltime,job_name,job_path,output_directory
1,0.26,8,80,1,1,1,normal,71:59:50,r2j026D8p1,jobs/J2_0p26_D8_pair1.run,Results/J2_0p26/D_8/chi_80/pair_1
2,0.26,8,80,2,2,3,normal,71:59:50,r2j026D8p2,jobs/J2_0p26_D8_pair2.run,Results/J2_0p26/D_8/chi_80/pair_2
3,0.26,8,80,3,3,2,normal,71:59:50,r2j026D8p3,jobs/J2_0p26_D8_pair3.run,Results/J2_0p26/D_8/chi_80/pair_3
4,0.25,8,80,1,1,1,normal,71:59:50,r2j025D8p1,jobs/J2_0p25_D8_pair1.run,Results/J2_0p25/D_8/chi_80/pair_1
5,0.25,8,80,2,2,3,normal,71:59:50,r2j025D8p2,jobs/J2_0p25_D8_pair2.run,Results/J2_0p25/D_8/chi_80/pair_2
6,0.25,8,80,3,3,2,normal,71:59:50,r2j025D8p3,jobs/J2_0p25_D8_pair3.run,Results/J2_0p25/D_8/chi_80/pair_3
7,0.265,8,80,1,1,1,normal,71:59:50,r2j0265D8p1,jobs/J2_0p265_D8_pair1.run,Results/J2_0p265/D_8/chi_80/pair_1
8,0.265,8,80,2,2,3,normal,71:59:50,r2j0265D8p2,jobs/J2_0p265_D8_pair2.run,Results/J2_0p265/D_8/chi_80/pair_2
9,0.265,8,80,3,3,2,normal,71:59:50,r2j0265D8p3,jobs/J2_0p265_D8_pair3.run,Results/J2_0p265/D_8/chi_80/pair_3
10,0.32,8,80,1,1,1,normal,71:59:50,r2j032D8p1,jobs/J2_0p32_D8_pair1.run,Results/J2_0p32/D_8/chi_80/pair_1
11,0.32,8,80,2,2,3,normal,71:59:50,r2j032D8p2,jobs/J2_0p32_D8_pair2.run,Results/J2_0p32/D_8/chi_80/pair_2
12,0.32,8,80,3,3,2,normal,71:59:50,r2j032D8p3,jobs/J2_0p32_D8_pair3.run,Results/J2_0p32/D_8/chi_80/pair_3
13,0.20,8,80,1,1,1,normal,71:59:50,r2j020D8p1,jobs/J2_0p20_D8_pair1.run,Results/J2_0p20/D_8/chi_80/pair_1
14,0.20,8,80,2,2,3,normal,71:59:50,r2j020D8p2,jobs/J2_0p20_D8_pair2.run,Results/J2_0p20/D_8/chi_80/pair_2
15,0.20,8,80,3,3,2,normal,71:59:50,r2j020D8p3,jobs/J2_0p20_D8_pair3.run,Results/J2_0p20/D_8/chi_80/pair_3
16,0.27,8,80,1,1,1,long,167:59:50,r2j027D8p1,jobs/J2_0p27_D8_pair1.run,Results/J2_0p27/D_8/chi_80/pair_1
17,0.27,8,80,2,2,3,long,167:59:50,r2j027D8p2,jobs/J2_0p27_D8_pair2.run,Results/J2_0p27/D_8/chi_80/pair_2
18,0.27,8,80,3,3,2,long,167:59:50,r2j027D8p3,jobs/J2_0p27_D8_pair3.run,Results/J2_0p27/D_8/chi_80/pair_3
19,0.245,8,80,1,1,1,long,167:59:50,r2j0245D8p1,jobs/J2_0p245_D8_pair1.run,Results/J2_0p245/D_8/chi_80/pair_1
20,0.245,8,80,2,2,3,long,167:59:50,r2j0245D8p2,jobs/J2_0p245_D8_pair2.run,Results/J2_0p245/D_8/chi_80/pair_2
21,0.245,8,80,3,3,2,long,167:59:50,r2j0245D8p3,jobs/J2_0p245_D8_pair3.run,Results/J2_0p245/D_8/chi_80/pair_3
22,0.275,8,80,1,1,1,long,167:59:50,r2j0275D8p1,jobs/J2_0p275_D8_pair1.run,Results/J2_0p275/D_8/chi_80/pair_1
23,0.275,8,80,2,2,3,long,167:59:50,r2j0275D8p2,jobs/J2_0p275_D8_pair2.run,Results/J2_0p275/D_8/chi_80/pair_2
24,0.275,8,80,3,3,2,long,167:59:50,r2j0275D8p3,jobs/J2_0p275_D8_pair3.run,Results/J2_0p275/D_8/chi_80/pair_3
25,0.24,8,80,1,1,1,long,167:59:50,r2j024D8p1,jobs/J2_0p24_D8_pair1.run,Results/J2_0p24/D_8/chi_80/pair_1
26,0.24,8,80,2,2,3,long,167:59:50,r2j024D8p2,jobs/J2_0p24_D8_pair2.run,Results/J2_0p24/D_8/chi_80/pair_2
27,0.24,8,80,3,3,2,long,167:59:50,r2j024D8p3,jobs/J2_0p24_D8_pair3.run,Results/J2_0p24/D_8/chi_80/pair_3
28,0.28,8,80,1,1,1,long,167:59:50,r2j028D8p1,jobs/J2_0p28_D8_pair1.run,Results/J2_0p28/D_8/chi_80/pair_1
29,0.28,8,80,2,2,3,long,167:59:50,r2j028D8p2,jobs/J2_0p28_D8_pair2.run,Results/J2_0p28/D_8/chi_80/pair_2
30,0.28,8,80,3,3,2,long,167:59:50,r2j028D8p3,jobs/J2_0p28_D8_pair3.run,Results/J2_0p28/D_8/chi_80/pair_3
