priority,J2,D,source_chi,relative_path,sha256,source_group,source_job,source_path
1,0.26,8,104,seeds/J2_0p26/D_8/tensor_best.pt,6f5ae6fca3899c565155ba8c7206bff8a89949dacf020c30e87955b5524ccc2c,0713summary,0730newdata/Working_AD_Honeycomb_August19/Results_J2_twoc3_0.26/D_8,D:\HyraiOn\ENS_Lyon\Internship\2026-EPFL\data\0713summary\J2_0p26\2tensor_twoC3\D_8\tensor_best.pt
2,0.25,8,104,seeds/J2_0p25/D_8/tensor_best.pt,9f92cf26c1c2722cf787e4020302e791df1831062e48cfda6ce535bbb1e13b86,0713summary,external/Results_J2_0.25/D_8,D:\HyraiOn\ENS_Lyon\Internship\2026-EPFL\data\0713summary\J2_0p25\2tensor_twoC3\D_8\tensor_best.pt
3,0.265,8,104,seeds/J2_0p265/D_8/tensor_best.pt,30c7c86b2ac9a2751a945f566eb645b7fc830d35cf2125a75b50d8f20f15e9a9,0713summary,0730newdata/0727core/2tensor_twoC3__J2_0p265_20260727_211930,D:\HyraiOn\ENS_Lyon\Internship\2026-EPFL\data\0713summary\J2_0p265\2tensor_twoC3\D_8\tensor_best.pt
4,0.32,8,104,seeds/J2_0p32/D_8/tensor_best.pt,ee0698d0d7f08b7cab8d72567ee2979c9a4928544c6ebfb373168592e560473d,0713summary,0730newdata/0727core/2tensor_twoC3__J2_0p32_20260728_200746,D:\HyraiOn\ENS_Lyon\Internship\2026-EPFL\data\0713summary\J2_0p32\2tensor_twoC3\D_8\tensor_best.pt
5,0.20,8,104,seeds/J2_0p20/D_8/tensor_best.pt,ee47f6e639297dd12f27ccf5709771cc5a043bf395bff7e65ecd673b6ace016a,0507core,2tensor_twoC3__J2_0p2_20260617_075601,D:\HyraiOn\ENS_Lyon\Internship\2026-EPFL\data\0507core\2tensor_twoC3__J2_0p2_20260617_075601\sweep_D8_chi104_best.pt
6,0.27,8,104,seeds/J2_0p27/D_8/tensor_best.pt,5406e429c5ac9ac55b4efdfb131381c1bfb63753364c027fc1c1cd57788b0d55,0713summary,external/Results_J2_0.27/D_8,D:\HyraiOn\ENS_Lyon\Internship\2026-EPFL\data\0713summary\J2_0p27\2tensor_twoC3\D_8\tensor_best.pt
7,0.245,8,112,seeds/J2_0p245/D_8/tensor_best.pt,b7ac870b5eb09550bd12b83ca718bc21ab45afe0a2a610f545c01447185514b8,0713summary,0730newdata/0727core/2tensor_twoC3__J2_0p245_20260730_211313,D:\HyraiOn\ENS_Lyon\Internship\2026-EPFL\data\0713summary\J2_0p245\2tensor_twoC3\D_8\tensor_best.pt
8,0.275,8,112,seeds/J2_0p275/D_8/tensor_best.pt,e7f34fdbac402bfac4bd08b908a5afb46a2e4a4049848966180a8c61674b7107,0713summary,0730newdata/Working_AD_Honeycomb_August19/Results_J2_twoc3_0.275/D_8,D:\HyraiOn\ENS_Lyon\Internship\2026-EPFL\data\0713summary\J2_0p275\2tensor_twoC3\D_8\tensor_best.pt
9,0.24,8,104,seeds/J2_0p24/D_8/tensor_best.pt,7b4f2a1576705884407eae9eca46aa903a1d19d071ab5cdff4cb4ffe659a9dfb,0713summary,external/Results_J2_0.24/D_8,D:\HyraiOn\ENS_Lyon\Internship\2026-EPFL\data\0713summary\J2_0p24\2tensor_twoC3\D_8\tensor_best.pt
10,0.28,8,104,seeds/J2_0p28/D_8/tensor_best.pt,8015f48791619c1e9d5efb7f31fe729ea66d0774c203a46c8995b915d1926492,0713summary,external/Results_J2_0.28/D_8,D:\HyraiOn\ENS_Lyon\Internship\2026-EPFL\data\0713summary\J2_0p28\2tensor_twoC3\D_8\tensor_best.pt
