J2,target_D,seed_D,seed_relative_path,sha256,G0,G1,G2,middle_fraction,clock_z6,seed_texture,orientation,source_path
0.275,6,6,seeds/J2_0p275/D_6/tensor_best.pt,965cf0dddf4dd2745cf437628df4fe8f85a0aae207dafbc4feebd9bfe097aac5,-0.47788281843815,-0.25853717806115,-0.25980009566945,0.994242340052306,-0.991313974976508,dimer-plaquette,0,D:\HyraiOn\ENS_Lyon\Internship\2026-EPFL\data\0713summary\J2_0p275\2tensor_twoC3\D_6\tensor_best.pt
0.275,7,7,seeds/J2_0p275/D_7/tensor_best.pt,3947f795d753ab8c12a9f65c95e264dca7332e72dbbb5dfabb5d348887390c17,-0.38544195162915,-0.22679958353205,-0.3878101415194,0.014708289442957,0.977616247067886,plaquette,1,D:\HyraiOn\ENS_Lyon\Internship\2026-EPFL\data\0713summary\J2_0p275\2tensor_twoC3\D_7\tensor_best.pt
0.275,8,8,seeds/J2_0p275/D_8/tensor_best.pt,e7f34fdbac402bfac4bd08b908a5afb46a2e4a4049848966180a8c61674b7107,-0.3390522824381,-0.3379938690443,-0.3253672739057,0.0773410839528616,0.875478535944286,plaquette,2,D:\HyraiOn\ENS_Lyon\Internship\2026-EPFL\data\0713summary\J2_0p275\2tensor_twoC3\D_8\tensor_best.pt
0.275,9,9,seeds/J2_0p275/D_9/tensor_best.pt,beb816e485ce9425db3f2a06e74c512637c22d91eb26b73d46e75dc5ba34d912,-0.3371930609571,-0.3127254302265,-0.35026724528355,0.348256585532211,0.33792862900455,three-distinct/mixed,1,D:\HyraiOn\ENS_Lyon\Internship\2026-EPFL\data\0713summary\J2_0p275\2tensor_twoC3\D_9\tensor_best.pt
0.275,10,10,seeds/J2_0p275/D_10/tensor_best.pt,085f08a317b88f129cd79dc8437c5322fdd8f08d296963b7c31949d2acf6a6fe,-0.31485197441755,-0.35488708585145,-0.3300447835095,0.620512881123508,-0.269403731231509,three-distinct/mixed,1,D:\HyraiOn\ENS_Lyon\Internship\2026-EPFL\data\0713summary\J2_0p275\2tensor_twoC3\D_10\tensor_best.pt
0.275,11,11,seeds/J2_0p275/D_11/tensor_best.pt,6c921d295ed12997c7bf750413595a57b873e71a6661e8ef8a2b42ab210986d7,-0.3254750793695,-0.30864933831945,-0.3651946352921,0.702437833898223,-0.447189005894617,three-distinct/mixed,2,D:\HyraiOn\ENS_Lyon\Internship\2026-EPFL\data\0713summary\J2_0p275\2tensor_twoC3\D_11\tensor_best.pt
0.27,6,6,seeds/J2_0p27/D_6/tensor_best.pt,3afc26cf2598c86a37d65b429a35ab0d63a67ff32953079b5f412c46618d28d0,-0.4715535229405,-0.27767107532575,-0.2514718950423,0.880956986125309,-0.801865607478445,dimer-plaquette,0,D:\HyraiOn\ENS_Lyon\Internship\2026-EPFL\data\0713summary\J2_0p27\2tensor_twoC3\D_6\tensor_best.pt
0.27,7,7,seeds/J2_0p27/D_7/tensor_best.pt,5e81efd945e3944f872956495775d69ce8947423478b966e7e62e09633969f16,-0.3634421791111,-0.3302946542487,-0.3144790704787,0.67698979473018,-0.392682764250294,three-distinct/mixed,0,D:\HyraiOn\ENS_Lyon\Internship\2026-EPFL\data\0713summary\J2_0p27\2tensor_twoC3\D_7\tensor_best.pt
0.27,8,8,seeds/J2_0p27/D_8/tensor_best.pt,5406e429c5ac9ac55b4efdfb131381c1bfb63753364c027fc1c1cd57788b0d55,-0.33090062976525,-0.3368129293641,-0.33861760127485,0.233857531870497,0.579969199666436,plaquette,0,D:\HyraiOn\ENS_Lyon\Internship\2026-EPFL\data\0713summary\J2_0p27\2tensor_twoC3\D_8\tensor_best.pt
0.27,9,9,seeds/J2_0p27/D_9/tensor_best.pt,8fb9d31622dee9a80b741771dd8b983718c47a43b1ac01ab5229a8287f047a42,-0.3441205586007,-0.3280500071935,-0.3322081871856,0.741254678402818,-0.528781082566316,three-distinct/mixed,0,D:\HyraiOn\ENS_Lyon\Internship\2026-EPFL\data\0713summary\J2_0p27\2tensor_twoC3\D_9\tensor_best.pt
0.27,10,10,seeds/J2_0p27/D_10/tensor_best.pt,7688f4e4ec4effaa618ee92a74b3e788736a868fbaab082611af6fbbe652e87b,-0.3375670253172,-0.33427921063535,-0.33216181676055,0.608267867445196,-0.242333593266832,three-distinct/mixed,0,D:\HyraiOn\ENS_Lyon\Internship\2026-EPFL\data\0713summary\J2_0p27\2tensor_twoC3\D_10\tensor_best.pt
0.28,6,6,seeds/J2_0p28/D_6/tensor_best.pt,2e66f8cc83d3ea60b45099fef7d21b2a8a19315f7417757774cb6803296fed89,-0.25504473233515,-0.25713815293995,-0.4805231309269,0.990715648958505,-0.985944974979758,dimer-plaquette,2,D:\HyraiOn\ENS_Lyon\Internship\2026-EPFL\data\0713summary\J2_0p28\2tensor_twoC3\D_6\tensor_best.pt
0.28,7,7,seeds/J2_0p28/D_7/tensor_best.pt,935706ce9cf8163f90accb1f0cc6f9ce09ef8f5865e5cafa12dbf04c072eea71,-0.3998504474505,-0.39947187419195,-0.19395787386095,0.00183869312015449,0.997236895347423,plaquette,2,D:\HyraiOn\ENS_Lyon\Internship\2026-EPFL\data\0713summary\J2_0p28\2tensor_twoC3\D_7\tensor_best.pt
0.28,8,8,seeds/J2_0p28/D_8/tensor_best.pt,8015f48791619c1e9d5efb7f31fe729ea66d0774c203a46c8995b915d1926492,-0.20720584308005,-0.38566676350415,-0.4000806136121,0.0747316513621196,0.879942656183741,plaquette,0,D:\HyraiOn\ENS_Lyon\Internship\2026-EPFL\data\0713summary\J2_0p28\2tensor_twoC3\D_8\tensor_best.pt
0.28,9,9,seeds/J2_0p28/D_9/tensor_best.pt,d26bb31c3a6bdbf72a6f743d89b3d926377a5e51e0e0382c6ab4981e3987c2e7,-0.3727120581771,-0.35561871215755,-0.26681356021095,0.161412544538769,0.723005612864523,plaquette,2,D:\HyraiOn\ENS_Lyon\Internship\2026-EPFL\data\0713summary\J2_0p28\2tensor_twoC3\D_9\tensor_best.pt
0.28,10,10,seeds/J2_0p28/D_10/tensor_best.pt,c7332979215b73f4168d2812db134fddc769c32c64a32615521adea42c66923c,-0.2725748883042,-0.36840765220485,-0.35407563896575,0.149552331120889,0.745467526147414,plaquette,0,D:\HyraiOn\ENS_Lyon\Internship\2026-EPFL\data\0713summary\J2_0p28\2tensor_twoC3\D_10\tensor_best.pt
0.28,11,11,seeds/J2_0p28/D_11/tensor_best.pt,27f03f577abaaf18fcc67f1b56bda633c2e9e6fd4fc039959c95d5f505d989e7,-0.290643757145,-0.3410789188706,-0.3636723918699,0.309378274486576,0.421972328962487,three-distinct/mixed,0,D:\HyraiOn\ENS_Lyon\Internship\2026-EPFL\data\0713summary\J2_0p28\2tensor_twoC3\D_11\tensor_best.pt
0.265,6,6,seeds/J2_0p265/D_6/tensor_best.pt,2d8991856f3041f2d19a4337ff1118b587a53a13ec8b5a24f8017ce0e5246e14,-0.38608523812085,-0.38414312592505,-0.2400271701751,0.0132968498290785,0.979791866899012,plaquette,2,D:\HyraiOn\ENS_Lyon\Internship\2026-EPFL\data\0713summary\J2_0p265\2tensor_twoC3\D_6\tensor_best.pt
0.265,7,7,seeds/J2_0p265/D_7/tensor_best.pt,a106a35011c09ec8209da63172104188f9ca0ab49c80cc3891e2f262fc430739,-0.27826899901295,-0.36556853995425,-0.36604659236535,0.0054461781514185,0.991786403026496,plaquette,0,D:\HyraiOn\ENS_Lyon\Internship\2026-EPFL\data\0713summary\J2_0p265\2tensor_twoC3\D_7\tensor_best.pt
0.265,8,8,seeds/J2_0p265/D_8/tensor_best.pt,30c7c86b2ac9a2751a945f566eb645b7fc830d35cf2125a75b50d8f20f15e9a9,-0.33755365381435,-0.34138744342815,-0.33126527876355,0.378751950875473,0.271025632118435,three-distinct/mixed,2,D:\HyraiOn\ENS_Lyon\Internship\2026-EPFL\data\0713summary\J2_0p265\2tensor_twoC3\D_8\tensor_best.pt
0.265,9,9,seeds/J2_0p265/D_9/tensor_best.pt,b5e5d71e54c3c0f72753ca66558e9a61273230523b98c0ad22aad3032dcef23b,-0.33525238156955,-0.33916005971045,-0.3338830628904,0.740511748283175,-0.527238814841676,three-distinct/mixed,1,D:\HyraiOn\ENS_Lyon\Internship\2026-EPFL\data\0713summary\J2_0p265\2tensor_twoC3\D_9\tensor_best.pt
0.265,10,10,seeds/J2_0p265/D_10/tensor_best.pt,490ceca3986a914960c16783b5fba892f60d3ca9f4faa2c5302c12d0297d090c,-0.33411208169125,-0.3359434567534,-0.33781682969845,0.505668115998486,-0.0127530788940086,three-distinct/mixed,2,D:\HyraiOn\ENS_Lyon\Internship\2026-EPFL\data\0713summary\J2_0p265\2tensor_twoC3\D_10\tensor_best.pt
0.29,6,6,seeds/J2_0p29/D_6/tensor_best.pt,6eaaaa5888010c646af776289ff3244da5a8826db647ce0e21b4fc143b339f4c,-0.24902980949565,-0.24912820203325,-0.4871036708928,0.999586714236403,-0.999379815217512,dimer-plaquette,2,D:\HyraiOn\ENS_Lyon\Internship\2026-EPFL\data\0713summary\J2_0p29\2tensor_twoC3\D_6\tensor_best.pt
0.29,7,7,seeds/J2_0p29/D_7/tensor_best.pt,9adcc028d3219c48187426a05201fa563770a25e6aff87bedc313a57355a879e,-0.47914727455005,-0.23195352816285,-0.27271789419725,0.835091434835299,-0.716329561153354,dimer-plaquette,0,D:\HyraiOn\ENS_Lyon\Internship\2026-EPFL\data\0713summary\J2_0p29\2tensor_twoC3\D_7\tensor_best.pt
0.29,8,8,seeds/J2_0p29/D_8/tensor_best.pt,9157ad6a37a08e1ee3ec420850877f69bb686068012ea571e7f6f8d7744f3ae3,-0.4152480571889,-0.37408820891945,-0.19548410820635,0.187291175190514,0.673016057661519,plaquette,2,D:\HyraiOn\ENS_Lyon\Internship\2026-EPFL\data\0713summary\J2_0p29\2tensor_twoC3\D_8\tensor_best.pt
0.29,9,9,seeds/J2_0p29/D_9/tensor_best.pt,07b925ade9b6291840d6b275b975424b28b69e4778392569b8f3dfde9ab72d5e,-0.35857979275615,-0.2267067553111,-0.40040651820875,0.2407989783915,0.565787834021116,plaquette,1,D:\HyraiOn\ENS_Lyon\Internship\2026-EPFL\data\0713summary\J2_0p29\2tensor_twoC3\D_9\tensor_best.pt
0.29,10,10,seeds/J2_0p29/D_10/tensor_best.pt,2cb237d174ad07f01893ddcba35627ada9442c9ec62f2e11387e0a4b858bc03c,-0.3846884650363,-0.37373016543035,-0.22722628029545,0.0695932145485286,0.888682409846587,plaquette,2,D:\HyraiOn\ENS_Lyon\Internship\2026-EPFL\data\0713summary\J2_0p29\2tensor_twoC3\D_10\tensor_best.pt
0.29,11,11,seeds/J2_0p29/D_11/tensor_best.pt,5ea65bb6e2968621e7ad54bb65d06b188895cfbcad30b47c6c1f6cf20b161002,-0.4045695440132,-0.23359238971925,-0.3470015180324,0.336700106037717,0.363070066761221,three-distinct/mixed,1,D:\HyraiOn\ENS_Lyon\Internship\2026-EPFL\data\0713summary\J2_0p29\2tensor_twoC3\D_11\tensor_best.pt
0.26,6,6,seeds/J2_0p26/D_6/tensor_best.pt,df82a87b0f026999055cf73ccd23d29fa936d2b728cdd269e09f3afb1c3732c0,-0.36440386671305,-0.36946001015475,-0.28324782805795,0.058647668098957,0.907070895918001,plaquette,2,D:\HyraiOn\ENS_Lyon\Internship\2026-EPFL\data\0713summary\J2_0p26\2tensor_twoC3\D_6\tensor_best.pt
0.26,7,7,seeds/J2_0p26/D_7/tensor_best.pt,4810bc1beb19a85fa0f9b06556ca262f7bf4a882285fa6b8eb8a0096ad1c0a5e,-0.33580842655045,-0.34696984024445,-0.3327930310722,0.787300834650972,-0.622712558667593,dimer-plaquette,1,D:\HyraiOn\ENS_Lyon\Internship\2026-EPFL\data\0713summary\J2_0p26\2tensor_twoC3\D_7\tensor_best.pt
0.26,8,8,seeds/J2_0p26/D_8/tensor_best.pt,6f5ae6fca3899c565155ba8c7206bff8a89949dacf020c30e87955b5524ccc2c,-0.33833265633615,-0.3361207828042,-0.3393040874213,0.305164350257833,0.430984069378538,three-distinct/mixed,1,D:\HyraiOn\ENS_Lyon\Internship\2026-EPFL\data\0713summary\J2_0p26\2tensor_twoC3\D_8\tensor_best.pt
0.26,9,9,seeds/J2_0p26/D_9/tensor_best.pt,04793975ff7af2d705a9db120e63f2fce595aa8c5c86fef34b242246d42d120e,-0.33741683763615,-0.3360551663381,-0.3384995288325,0.4429339751491,0.12821271862463,three-distinct/mixed,1,D:\HyraiOn\ENS_Lyon\Internship\2026-EPFL\data\0713summary\J2_0p26\2tensor_twoC3\D_9\tensor_best.pt
0.26,10,10,seeds/J2_0p26/D_10/tensor_best.pt,472c4067adf6f1ed852bd9b662a9da012c30ca926812d2cccc6197ade07d2362,-0.33810357039,-0.33676055948835,-0.3368023519069,0.968881549287045,-0.951899920768316,dimer-plaquette,0,D:\HyraiOn\ENS_Lyon\Internship\2026-EPFL\data\0713summary\J2_0p26\2tensor_twoC3\D_10\tensor_best.pt
0.30,6,6,seeds/J2_0p30/D_6/tensor_best.pt,6762e69e2bd5a746b2efd748d849bbd4e9b0cfdc2f077dd4696ffd0a5216446d,-0.4927905037493,-0.24152967507595,-0.2433962906857,0.99257100432405,-0.988774131527044,dimer-plaquette,0,D:\HyraiOn\ENS_Lyon\Internship\2026-EPFL\data\0713summary\J2_0p3\2tensor_twoC3\D_6\tensor_best.pt
0.30,7,7,seeds/J2_0p30/D_7/tensor_best.pt,c1f9d6ba897fb7d5e8395105fa87c675147db4cb503e030f0e536a152c751ea1,-0.4756805434383,-0.30068498572905,-0.19942370136645,0.63345239305869,-0.297891158487889,three-distinct/mixed,0,D:\HyraiOn\ENS_Lyon\Internship\2026-EPFL\data\0713summary\J2_0p3\2tensor_twoC3\D_7\tensor_best.pt
0.30,8,8,seeds/J2_0p30/D_8/tensor_best.pt,a3d49e2783d6caa84297206c5bf280876d163a8fda54c61734c1d0164a4ff698,-0.24914865990995,-0.249070925384,-0.4764076250642,0.99965806433339,-0.999486921160065,dimer-plaquette,2,D:\HyraiOn\ENS_Lyon\Internship\2026-EPFL\data\0713summary\J2_0p3\2tensor_twoC3\D_8\tensor_best.pt
0.30,9,9,seeds/J2_0p30/D_9/tensor_best.pt,3de89a840ee768672146de9f8572c9fb0c230b83d8a17dd702065db05b26896c,-0.20150947044445,-0.38779609943905,-0.3872725273683,0.00281057246875816,0.995772314522065,plaquette,0,D:\HyraiOn\ENS_Lyon\Internship\2026-EPFL\data\0713summary\J2_0p3\2tensor_twoC3\D_9\tensor_best.pt
0.30,10,10,seeds/J2_0p30/D_10/tensor_best.pt,49496805fca7913542768f7aa1e1dd14d9f6a0c4e5b4d9fb620af87456e529f8,-0.20555965008055,-0.3705820601736,-0.4004428344961,0.153223965485025,0.738545004833068,plaquette,0,D:\HyraiOn\ENS_Lyon\Internship\2026-EPFL\data\0713summary\J2_0p3\2tensor_twoC3\D_10\tensor_best.pt
0.30,11,11,seeds/J2_0p30/D_11/tensor_best.pt,c2c18dc2145aedab2c73cbe597a88cdf2c27f8c6e06d79b1924b3c7f0bf6056f,-0.3792472208985,-0.20618344064355,-0.3907296029623,0.0622195656605825,0.901104608991311,plaquette,1,D:\HyraiOn\ENS_Lyon\Internship\2026-EPFL\data\0713summary\J2_0p3\2tensor_twoC3\D_11\tensor_best.pt
0.31,6,6,seeds/J2_0p31/D_6/tensor_best.pt,0dc21cbec2d7047645896035a5467cae2d6fda4d234614f8206a62fa13843063,-0.4981207416984,-0.2344594229224,-0.23768146273815,0.987779626413508,-0.981447258284786,dimer-plaquette,0,D:\HyraiOn\ENS_Lyon\Internship\2026-EPFL\data\0713summary\J2_0p31\2tensor_twoC3\D_6\tensor_best.pt
0.31,7,7,seeds/J2_0p31/D_7/tensor_best.pt,32d5d0a49ad7bbc8311046e1cce594b8c4cdc326964bbbd73de8054a07675568,-0.19257501308695,-0.48158142597075,-0.29344140161495,0.650989099094645,-0.336283267563752,three-distinct/mixed,1,D:\HyraiOn\ENS_Lyon\Internship\2026-EPFL\data\0713summary\J2_0p31\2tensor_twoC3\D_7\tensor_best.pt
0.31,8,8,seeds/J2_0p31/D_8/tensor_best.pt,378cbfe33ad5c962ed294f97189b2e48a567d1cb2f2ce7cafd9c9ddeae6a385f,-0.4803758804273,-0.24219511181975,-0.2436993647546,0.993684406412641,-0.990467031443749,dimer-plaquette,0,D:\HyraiOn\ENS_Lyon\Internship\2026-EPFL\data\0713summary\J2_0p31\2tensor_twoC3\D_8\tensor_best.pt
0.31,9,9,seeds/J2_0p31/D_9/tensor_best.pt,0513b5f40f1cc55d4c63787649a7c5b6e98f6e729262b13f3a157b305474fb08,-0.36884484087815,-0.4145864980613,-0.18423776793985,0.198575686347535,0.650818312339977,plaquette,2,D:\HyraiOn\ENS_Lyon\Internship\2026-EPFL\data\0713summary\J2_0p31\2tensor_twoC3\D_9\tensor_best.pt
0.31,10,10,seeds/J2_0p31/D_10/tensor_best.pt,44dac56711abbd559db21c67fa8a4284efcd5535cec681b012b70dc1ce6479c3,-0.3538727644928,-0.4192060612416,-0.19431691854575,0.290513343443884,0.462151726705625,three-distinct/mixed,2,D:\HyraiOn\ENS_Lyon\Internship\2026-EPFL\data\0713summary\J2_0p31\2tensor_twoC3\D_10\tensor_best.pt
0.31,11,11,seeds/J2_0p31/D_11/tensor_best.pt,4273021486d8d0884256314019b3aced8d486079b3cfbf09d9c477bb075c8437,-0.20110214787485,-0.34906714931265,-0.4171165234411,0.315022432882388,0.409870204031542,three-distinct/mixed,0,D:\HyraiOn\ENS_Lyon\Internship\2026-EPFL\data\0713summary\J2_0p31\2tensor_twoC3\D_11\tensor_best.pt
0.32,6,6,seeds/J2_0p32/D_6/tensor_best.pt,ed016066968a5ab7b2151f7e64eb00840ad13d64390ba63454728cbdb9491b01,-0.2264824805883,-0.50253964679905,-0.23324976602195,0.975485927329691,-0.962342212837128,dimer-plaquette,1,D:\HyraiOn\ENS_Lyon\Internship\2026-EPFL\data\0713summary\J2_0p32\2tensor_twoC3\D_6\tensor_best.pt
0.32,7,7,seeds/J2_0p32/D_7/tensor_best.pt,f1dc7d484c8f9883ec97789d5cb7725b5d030faa3f8f26ac44fc69d7a526d577,-0.23141334853875,-0.2302595585583,-0.49758963584455,0.995684024812462,-0.993498176152404,dimer-plaquette,2,D:\HyraiOn\ENS_Lyon\Internship\2026-EPFL\data\0713summary\J2_0p32\2tensor_twoC3\D_7\tensor_best.pt
0.32,8,8,seeds/J2_0p32/D_8/tensor_best.pt,ee0698d0d7f08b7cab8d72567ee2979c9a4928544c6ebfb373168592e560473d,-0.15469241739945,-0.40562073761465,-0.3985363438361,0.0282327390247312,0.956477764098504,plaquette,0,D:\HyraiOn\ENS_Lyon\Internship\2026-EPFL\data\0713summary\J2_0p32\2tensor_twoC3\D_8\tensor_best.pt
0.32,9,9,seeds/J2_0p32/D_9/tensor_best.pt,241828f2ecb420a74c4c5f0f28739b7623f1f6215fcce9e598a2e5de3c3c5d9b,-0.4069294340482,-0.38078973374865,-0.17079049311545,0.110696271425196,0.816931531073315,plaquette,2,D:\HyraiOn\ENS_Lyon\Internship\2026-EPFL\data\0713summary\J2_0p32\2tensor_twoC3\D_9\tensor_best.pt
0.32,10,10,seeds/J2_0p32/D_10/tensor_best.pt,d122fc56935cd01d1aadf9cbd8ea9a42defd1f473bb7d65c2ccbbd78aa6a061c,-0.17912094082035,-0.36501037396245,-0.4141941795155,0.209227582969719,0.629653537974127,plaquette,0,D:\HyraiOn\ENS_Lyon\Internship\2026-EPFL\data\0713summary\J2_0p32\2tensor_twoC3\D_10\tensor_best.pt
0.32,11,11,seeds/J2_0p32/D_11/tensor_best.pt,f474e11d64460444bc00107928080d4aec155e494ba927040213adedf47fbe91,-0.41423770971505,-0.17934738492205,-0.3641439897337,0.213264296967088,0.621580678329825,plaquette,1,D:\HyraiOn\ENS_Lyon\Internship\2026-EPFL\data\0713summary\J2_0p32\2tensor_twoC3\D_11\tensor_best.pt
0.33,6,6,seeds/J2_0p33/D_6/tensor_best.pt,bc42b32f942924728bd2bf9313bf7bbf3a38576c9ded0e1def1f881eb7018a61,-0.2281304527665,-0.21959950200775,-0.5066889628056,0.970284695456804,-0.954128782792891,dimer-plaquette,2,D:\HyraiOn\ENS_Lyon\Internship\2026-EPFL\data\0713summary\J2_0p33\2tensor_twoC3\D_6\tensor_best.pt
0.33,7,7,seeds/J2_0p33/D_7/tensor_best.pt,b70fd62caa8884fc87ba4566477994d310caae4aaf506ab3fee5b89a3918d213,-0.5009690401376,-0.2257476513866,-0.2243294574219,0.994873495864988,-0.992270956960397,dimer-plaquette,0,D:\HyraiOn\ENS_Lyon\Internship\2026-EPFL\data\0713summary\J2_0p33\2tensor_twoC3\D_7\tensor_best.pt
0.33,8,8,seeds/J2_0p33/D_8/tensor_best.pt,abc5d086407e5c4c08fe544a21e6ec7fee3fabad8b7ce2b1bab144f5a89a9492,-0.22990108850385,-0.2322909111769,-0.4866812438832,0.990693117739105,-0.985910555666592,dimer-plaquette,2,D:\HyraiOn\ENS_Lyon\Internship\2026-EPFL\data\0713summary\J2_0p33\2tensor_twoC3\D_8\tensor_best.pt
0.33,9,9,seeds/J2_0p33/D_9/tensor_best.pt,0af2db9a35dbe9a72dc25c13c74fc5bed7c780a2030b1b5317c8eda46b0e0e1a,-0.3975463872409,-0.15236016820875,-0.39843162405215,0.0035974786600742,0.994584415788863,plaquette,1,D:\HyraiOn\ENS_Lyon\Internship\2026-EPFL\data\0713summary\J2_0p33\2tensor_twoC3\D_9\tensor_best.pt
0.33,10,10,seeds/J2_0p33/D_10/tensor_best.pt,ae504cdc8fd5541a5ddcccbc75ea1273a1bc2b923b89e12c331471c5445f6530,-0.4246822029708,-0.1695134265367,-0.3547075249859,0.274228998401659,0.496476631020864,three-distinct/mixed,1,D:\HyraiOn\ENS_Lyon\Internship\2026-EPFL\data\0713summary\J2_0p33\2tensor_twoC3\D_10\tensor_best.pt
0.33,11,11,seeds/J2_0p33/D_11/tensor_best.pt,82351f50785f24f2e66d937720f74af33e449e0fed36e96771a1f7ae0ef6cece,-0.1789249144639,-0.3388510698987,-0.4306347306154,0.36464076816717,0.302078203312809,three-distinct/mixed,0,D:\HyraiOn\ENS_Lyon\Internship\2026-EPFL\data\0713summary\J2_0p33\2tensor_twoC3\D_11\tensor_best.pt
0.34,6,6,seeds/J2_0p34/D_6/tensor_best.pt,f058eef116410326bf36b7e820fc4a4a1ca63bc576066d6c2a5eb6655781b0b1,-0.24548368324765,-0.19182351170985,-0.50954802561725,0.831111012248054,-0.708698586480572,dimer-plaquette,2,D:\HyraiOn\ENS_Lyon\Internship\2026-EPFL\data\0713summary\J2_0p34\2tensor_twoC3\D_6\tensor_best.pt
0.34,7,7,seeds/J2_0p34/D_7/tensor_best.pt,4391cc44661c9606cc9c2f0680ef96ab8ff1a6bb61ec7181dde8d73127c062d3,-0.22070138535565,-0.50358174397345,-0.21844383962435,0.992082617930249,-0.988030395787727,dimer-plaquette,1,D:\HyraiOn\ENS_Lyon\Internship\2026-EPFL\data\0713summary\J2_0p34\2tensor_twoC3\D_7\tensor_best.pt
0.34,8,8,seeds/J2_0p34/D_8/tensor_best.pt,9038848583668620c29a032d4bff9a8f8a44b2d7b7ceaba488eaaf66b3fce192,-0.22585197480405,-0.22624696512055,-0.48798774389165,0.998493184208035,-0.997736373992522,dimer-plaquette,2,D:\HyraiOn\ENS_Lyon\Internship\2026-EPFL\data\0713summary\J2_0p34\2tensor_twoC3\D_8\tensor_best.pt
0.34,9,9,seeds/J2_0p34/D_9/tensor_best.pt,0f344d7efa33352621f0fec2953fbd6a06b784050d665ff6c77ca300f3613a1d,-0.4049450390918,-0.1453859140797,-0.3892832724982,0.060339880529609,0.904248518974457,plaquette,1,D:\HyraiOn\ENS_Lyon\Internship\2026-EPFL\data\0713summary\J2_0p34\2tensor_twoC3\D_9\tensor_best.pt
0.34,10,10,seeds/J2_0p34/D_10/tensor_best.pt,17e237447f4b0ecd9a6e55c72fd8a23c4948b879cc26b4ff99fde6cd098b92cb,-0.37385570516245,-0.15213903879825,-0.41270000941715,0.149079519324919,0.746356914442024,plaquette,1,D:\HyraiOn\ENS_Lyon\Internship\2026-EPFL\data\0713summary\J2_0p34\2tensor_twoC3\D_10\tensor_best.pt
0.34,11,11,seeds/J2_0p34/D_11/tensor_best.pt,be0512d0bc21a81455c53903900842238d81080aab40841320d4e0dba070e134,-0.3117745085918,-0.44541582016285,-0.1815494058581,0.506473368060788,-0.0145648068735592,three-distinct/mixed,1,D:\HyraiOn\ENS_Lyon\Internship\2026-EPFL\data\0713summary\J2_0p34\2tensor_twoC3\D_11\tensor_best.pt
