L_cut_bonds,S2
1.000000000000000000e+02,1.669984752101072445e-02
2.000000000000000000e+02,3.339969504202144890e-02
3.000000000000000000e+02,5.009954256303217335e-02
4.000000000000000000e+02,6.679939008404289780e-02
5.000000000000000000e+02,8.349923760511046567e-02
6.000000000000000000e+02,1.001990851260643467e-01
7.000000000000000000e+02,1.168989326470182277e-01
8.000000000000000000e+02,1.335987801680857956e-01
9.000000000000000000e+02,1.502986276891533635e-01
1.000000000000000000e+03,1.669984752102209313e-01
