texture,J2,Ds,fixed_a_g_2C3,rank,C_inf,k,rms,max_abs,extrapolated_splitting
dimer-plaquette,0.26,5 6 7 8 9 10,0.5018716455411518,strongest,-0.3307283083486088,-0.7957339443082722,0.0034224954314991517,0.005781997614350609,0.01694116223892117
dimer-plaquette,0.26,5 6 7 8 9 10,0.5018716455411518,middle,-0.34766947058752995,0.19261827836151646,0.015688623298072024,0.026217204598729282,0.01694116223892117
dimer-plaquette,0.26,5 6 7 8 9 10,0.5018716455411518,weakest,-0.3323808679635914,0.4738818497315103,0.01733714522850419,0.025803318250150642,0.01694116223892117
dimer-plaquette,0.265,5 6 7 8 9 10,0.408518443974011,strongest,-0.3052906581347909,-1.1570466496798086,0.011991978348896483,0.0189402917079477,0.054639026702167304
dimer-plaquette,0.265,5 6 7 8 9 10,0.408518443974011,middle,-0.3599296848369582,0.3687061153279294,0.03208782399598643,0.055995095799423356,0.054639026702167304
dimer-plaquette,0.265,5 6 7 8 9 10,0.408518443974011,weakest,-0.3437836405505115,0.786668076738765,0.021493288375702795,0.035947415553789885,0.054639026702167304
dimer-plaquette,0.27,5 6 7 8 9 10,0.2653924300992874,strongest,-0.2622217568523812,-0.834838040159598,0.023579092792874692,0.039487291736032104,0.1107209442709961
dimer-plaquette,0.27,5 6 7 8 9 10,0.2653924300992874,middle,-0.3729427011233773,0.3966060807737552,0.011874818542713031,0.019231922917176514,0.1107209442709961
dimer-plaquette,0.27,5 6 7 8 9 10,0.2653924300992874,weakest,-0.3704076833289491,0.4436306175288166,0.014975555751079266,0.028680906002812312,0.1107209442709961
dimer-plaquette,0.275,5 6 7 8 9 10,0.3433747697151876,strongest,-0.3026225446126078,-1.0628082184021526,0.02325685919700767,0.03983482058384802,0.06965686730444087
dimer-plaquette,0.275,5 6 7 8 9 10,0.3433747697151876,middle,-0.37227941191704866,0.5939202017770908,0.032766697815166695,0.06684689275823313,0.06965686730444087
dimer-plaquette,0.275,5 6 7 8 9 10,0.3433747697151876,weakest,-0.3254149978094151,0.47166395993223575,0.027557915507822557,0.055981783583586964,0.06965686730444087
dimer-plaquette,0.28,5 6 7 8 9 10,0.3819375911797818,strongest,-0.42280649743260396,-0.5006021620732479,0.01766067628300011,0.02584349363191607,0.1467580648238449
dimer-plaquette,0.28,5 6 7 8 9 10,0.3819375911797818,middle,-0.29238285673697684,0.2958911784981114,0.01316019522214291,0.016414465462811223,0.1467580648238449
dimer-plaquette,0.28,5 6 7 8 9 10,0.3819375911797818,weakest,-0.27604843260875905,0.17194376480760468,0.008710777720357206,0.01705597276517684,0.1467580648238449
dimer-plaquette,0.29,5 6 7 8 9 10,0.37698206158519687,strongest,-0.43469421226514393,-0.44467125097088434,0.013673901836086175,0.018260676552336763,0.16825713728070235
dimer-plaquette,0.29,5 6 7 8 9 10,0.37698206158519687,middle,-0.2810557392849638,0.25023891800178777,0.011081937280087968,0.01404140508548582,0.16825713728070235
dimer-plaquette,0.29,5 6 7 8 9 10,0.37698206158519687,weakest,-0.2664370749844416,0.14510908635782627,0.004825474278000796,0.006987664080060851,0.16825713728070235
dimer-plaquette,0.3,5 6 7 8 9 10,0.35721086306996586,strongest,-0.4465519356075121,-0.3504475031460319,0.009725777271173078,0.014170663836132524,0.1922576232421465
dimer-plaquette,0.3,5 6 7 8 9 10,0.35721086306996586,middle,-0.2719910423683909,0.19580544921662152,0.009238275289720379,0.012767958348277292,0.1922576232421465
dimer-plaquette,0.3,5 6 7 8 9 10,0.35721086306996586,weakest,-0.2542943123653656,0.09278831222295572,0.0029472208359419276,0.004594009621485429,0.1922576232421465
dimer-plaquette,0.31,5 6 7 8 9 10,0.3792320917806884,strongest,-0.453442514939323,-0.3821813742835731,0.009461217042602311,0.01353636726698687,0.20852389527281875
dimer-plaquette,0.31,5 6 7 8 9 10,0.3792320917806884,middle,-0.2650333771241358,0.207460710956805,0.010218201354083762,0.013647459334795303,0.20852389527281875
dimer-plaquette,0.31,5 6 7 8 9 10,0.3792320917806884,weakest,-0.24491861966650427,0.08542616686040216,0.0015467159467209967,0.0022520047202372884,0.20852389527281875
dimer-plaquette,0.32,5 6 7 8 9 10,0.4666533971126164,strongest,-0.46085252544218785,-0.5770007273082715,0.010792352800375321,0.014752974489755488,0.22333421678067383
dimer-plaquette,0.32,5 6 7 8 9 10,0.4666533971126164,middle,-0.25707217547690747,0.2850972303636415,0.011329483867784037,0.014669411448128195,0.22333421678067383
dimer-plaquette,0.32,5 6 7 8 9 10,0.4666533971126164,weakest,-0.23751830866151402,0.13826831920217933,0.002039225088427113,0.0027934132263455758,0.22333421678067383
plaquette,0.26,6 7 8 9 10,0.5018716455411518,strongest,-0.32936566760733454,-0.7460495457169142,0.0034821884539619295,0.004631335892438859,0.024018318521826842
plaquette,0.26,6 7 8 9 10,0.5018716455411518,middle,-0.3287894026507958,-0.6004182744380752,0.005953817537576613,0.010876041835877981,0.024018318521826842
plaquette,0.26,6 7 8 9 10,0.5018716455411518,weakest,-0.35280772117262266,1.213286773377137,0.00960233621964079,0.016146511998156865,0.024018318521826842
plaquette,0.265,6 7 8 9 10,0.408518443974011,strongest,-0.32058515311283486,-0.7491123497156564,0.004208531812544953,0.007721583663952369,0.05285871535183628
plaquette,0.265,6 7 8 9 10,0.408518443974011,middle,-0.3172005917452618,-0.7709629422961933,0.005184710843269395,0.009002814679024529,0.05285871535183628
plaquette,0.265,6 7 8 9 10,0.408518443974011,weakest,-0.37005930709709806,1.487491847262776,0.009863987644845138,0.017845045915616586,0.05285871535183628
plaquette,0.27,6 7 8 9 10,0.2653924300992874,strongest,-0.29758339954739443,-0.46113117395213543,0.008757946365284553,0.014142627452360113,0.10827602405078357
plaquette,0.27,6 7 8 9 10,0.2653924300992874,middle,-0.29997123977663476,-0.3426373892384123,0.013586106940887655,0.023136157439358818,0.10827602405078357
plaquette,0.27,6 7 8 9 10,0.2653924300992874,weakest,-0.405859423598178,0.7859782732786541,0.021915063519507436,0.031250928056670346,0.10827602405078357
plaquette,0.275,6 7 8 9 10 11,0.3433747697151876,strongest,-0.33605721852429665,-0.48855308239825024,0.014809934360317096,0.0283309845873862,0.04854659143259976
plaquette,0.275,6 7 8 9 10 11,0.3433747697151876,middle,-0.30745998263683505,-0.6802338195302573,0.008935619792906486,0.016495741697277022,0.04854659143259976
plaquette,0.275,6 7 8 9 10 11,0.3433747697151876,weakest,-0.3560065740694348,1.1531171731968066,0.022525564194918343,0.043298631652795794,0.04854659143259976
plaquette,0.28,6 7 8 9 10 11,0.3819375911797818,strongest,-0.35936745116998975,-0.5503601533012988,0.007122742554561265,0.014791677515753165,0.06533781090969021
plaquette,0.28,6 7 8 9 10 11,0.3819375911797818,middle,-0.3407747662074096,-0.6409808344891047,0.01098303896645572,0.014702357040940528,0.06533781090969021
plaquette,0.28,6 7 8 9 10 11,0.3819375911797818,weakest,-0.29402964026029954,1.1765295099777007,0.01880741610712584,0.031410279731058116,0.06533781090969021
plaquette,0.29,7 8 9 10 11,0.37698206158519687,strongest,-0.3801793042928082,-0.31184008427457466,0.004028720415897274,0.005960744983982025,0.14067276022168793
plaquette,0.29,7 8 9 10 11,0.37698206158519687,middle,-0.36537999684899986,-0.511062915814943,0.003674837707877839,0.0050103615038847304,0.14067276022168793
plaquette,0.29,7 8 9 10 11,0.37698206158519687,weakest,-0.2395065440711203,0.8208806813609457,0.008104514111697792,0.011073281256228112,0.14067276022168793
plaquette,0.3,7 8 9 10 11,0.35721086306996586,strongest,-0.38452564861485067,-0.2463488466569873,0.002660567392406604,0.004871786378288612,0.161353847184435
plaquette,0.3,7 8 9 10 11,0.35721086306996586,middle,-0.3681849634588101,-0.451135634200833,0.0036589322389990343,0.006666389066301626,0.161353847184435
plaquette,0.3,7 8 9 10 11,0.35721086306996586,weakest,-0.22317180143041568,0.683861085253526,0.005081557151764203,0.007129926823614824,0.161353847184435
plaquette,0.31,7 8 9 10 11,0.3792320917806884,strongest,-0.3858604491654555,-0.3151606447718968,0.001975376603700779,0.0033442067202963943,0.17767133412843505
plaquette,0.31,7 8 9 10 11,0.3792320917806884,middle,-0.3727554012025087,-0.48192538864676665,0.003019300041200488,0.00539985333115689,0.17767133412843505
plaquette,0.31,7 8 9 10 11,0.3792320917806884,weakest,-0.20818911503702042,0.7699890923493223,0.005240836427423917,0.009256476625980142,0.17767133412843505
plaquette,0.32,7 8 9 10,0.4666533971126164,strongest,-0.39659347512979376,-0.40063773970803457,0.003744203456072413,0.0048977907595526005,0.2042432226964064
plaquette,0.32,7 8 9 10,0.4666533971126164,middle,-0.36888605422768245,-1.0156938732356962,0.002057039340450702,0.003329055056955632,0.2042432226964064
plaquette,0.32,7 8 9 10,0.4666533971126164,weakest,-0.19235025243338735,1.3549544213197173,0.0031733440529101526,0.004618989903217657,0.2042432226964064
