selected,eligible,delta_exception,rejection_reason,candidate_id,texture,J2,D,chi,source,energy,reference_available,reference_energy,energy_difference,delta,delta_error,reference_delta,relative_delta_difference,eta,local_score,strongest,strongest_error,middle,middle_error,weakest,weakest_error,observation,tensor
True,True,False,,original_2c3:symmetry_restored:439dce8bf334,dimer-plaquette,0.26,5,0,original_2c3:symmetry_restored,-0.4327170350214,True,-0.4327170350214,0.0,0.08189144136625004,4.2849329390987774e-07,0.08189144136625004,0.0,0.9885524913170427,0.0,-0.39489855618990005,2.9620019997844693e-07,-0.31347584131670003,1.2926090000031643e-06,-0.31300711482365,3.0963194999622523e-07,D:\HyraiOn\ENS_Lyon\Internship\2026-EPFL\data\0713summary\J2_0p26\2tensor_twoC3\D_5\energy_magnetization_correlation.txt,D:\HyraiOn\ENS_Lyon\Internship\2026-EPFL\data\0713summary\J2_0p26\2tensor_twoC3\D_5\tensor_best.pt
True,True,False,,original_2c3:symmetry_restored:cf13d1bdc1f2,dimer-plaquette,0.265,5,0,original_2c3:symmetry_restored,-0.4317116373303,True,-0.4317116373303,0.0,0.2029802746674001,1.908224332251491e-06,0.2029802746674001,0.0,0.9638114407459726,0.0,-0.47012959151840006,1.0606013999825414e-06,-0.27082209869959994,5.246588000162866e-07,-0.26714931685099996,1.5863306000174495e-06,D:\HyraiOn\ENS_Lyon\Internship\2026-EPFL\data\0713summary\J2_0p265\2tensor_twoC3\D_5\energy_magnetization_correlation.txt,D:\HyraiOn\ENS_Lyon\Internship\2026-EPFL\data\0713summary\J2_0p265\2tensor_twoC3\D_5\tensor_best.pt
True,True,False,,original_2c3:symmetry_restored:9705b1823192,dimer-plaquette,0.27,5,0,original_2c3:symmetry_restored,-0.4303610380026,True,-0.4303610380026,0.0,0.21163748113800002,2.734674277065933e-06,0.21163748113800002,0.0,0.9656264118752367,0.0,-0.47484864856705,1.7354419499793215e-06,-0.26684853723324997,2.2797758500170406e-06,-0.26321116742905,2.1134532499911263e-06,D:\HyraiOn\ENS_Lyon\Internship\2026-EPFL\data\0713summary\J2_0p27\2tensor_twoC3\D_5\energy_magnetization_correlation.txt,D:\HyraiOn\ENS_Lyon\Internship\2026-EPFL\data\0713summary\J2_0p27\2tensor_twoC3\D_5\tensor_best.pt
True,True,False,,original_2c3:symmetry_restored:d95f1c58bf3d,dimer-plaquette,0.275,5,0,original_2c3:symmetry_restored,-0.4290383026651,True,-0.4290383026651,0.0,0.21918298638400002,2.2406236631213093e-06,0.21918298638400002,0.0,0.972076498736643,0.0,-0.4790185509239,6.936849999972239e-08,-0.26289574273849997,2.0164659999821755e-06,-0.2598355645399,2.239549600019375e-06,D:\HyraiOn\ENS_Lyon\Internship\2026-EPFL\data\0713summary\J2_0p275\2tensor_twoC3\D_5\energy_magnetization_correlation.txt,D:\HyraiOn\ENS_Lyon\Internship\2026-EPFL\data\0713summary\J2_0p275\2tensor_twoC3\D_5\tensor_best.pt
True,True,False,,original_2c3:c01675f8257c,dimer-plaquette,0.28,5,0,original_2c3,-0.4277485793095,True,-0.4277485793095,0.0,0.22665339739104995,2.4988947893902657e-06,0.22665339739104995,0.0,0.9526765041973142,0.0,-0.4821927192756,1.5291352999935448e-06,-0.26090233743459995,2.5074646000100564e-06,-0.25553932188455003,1.97641605001464e-06,D:\HyraiOn\ENS_Lyon\Internship\2026-EPFL\data\0713summary\J2_0p28\2tensor_twoC3\D_5\energy_magnetization_correlation.txt,D:\HyraiOn\ENS_Lyon\Internship\2026-EPFL\data\0713summary\J2_0p28\2tensor_twoC3\D_5\tensor_best.pt
True,True,False,,original_2c3:89a07ab624e0,dimer-plaquette,0.29,5,0,original_2c3,-0.4252467227038,True,-0.4252467227038,0.0,0.23990435088165,2.3776701656958374e-06,0.23990435088165,0.0,0.9663167101159145,0.0,-0.48933934773715,2.5539754999748254e-07,-0.2534753807531,1.435359699986094e-06,-0.2494349968555,2.3639136000064287e-06,D:\HyraiOn\ENS_Lyon\Internship\2026-EPFL\data\0713summary\J2_0p29\2tensor_twoC3\D_5\energy_magnetization_correlation.txt,D:\HyraiOn\ENS_Lyon\Internship\2026-EPFL\data\0713summary\J2_0p29\2tensor_twoC3\D_5\tensor_best.pt
True,True,False,,lastizar:last_D5_dimer_adiabatic:right:insurance1:875c7ac308fc,dimer-plaquette,0.3,5,50,lastizar:last_D5_dimer_adiabatic:right:insurance1,-0.4228576206174,True,-0.4228575645321,-5.608530001532941e-08,0.25365211969120005,2.45618374424229e-06,0.25483764403610004,0.0046520770092037525,0.9466765092975913,-0.009722827419561715,-0.49544746698845005,1.2556555001319578e-07,-0.24855815552024998,7.509590499998886e-07,-0.24179534729724997,2.4529720500099383e-06,D:\HyraiOn\ENS_Lyon\Internship\2026-EPFL\data\distinVBCsJ2Continuation\LastIzar\Results_LastIzar\task6_D5_dimer_adiabatic\J2_0p30\D_5_chi_50_energy_magnetization_correlation.txt,D:\HyraiOn\ENS_Lyon\Internship\2026-EPFL\data\distinVBCsJ2Continuation\LastIzar\Results_LastIzar\task6_D5_dimer_adiabatic\J2_0p30\sweep_D5_chi50_best.pt
True,True,False,,lastizar:last_D5_dimer_adiabatic:right:insurance1:4089d4bbd827,dimer-plaquette,0.31,5,50,lastizar:last_D5_dimer_adiabatic:right:insurance1,-0.4205759197443,True,-0.4205764796912,5.599469000139301e-07,0.26736364701905,2.6706971990326372e-06,0.26851339696074994,0.0042819090395999244,0.9236904233250289,-0.009749638237158622,-0.50128304050225,1.1352048500112843e-06,-0.24412059684435003,1.4025185499921824e-06,-0.2339193934832,2.417422899997357e-06,D:\HyraiOn\ENS_Lyon\Internship\2026-EPFL\data\distinVBCsJ2Continuation\LastIzar\Results_LastIzar\task6_D5_dimer_adiabatic\J2_0p31\D_5_chi_50_energy_magnetization_correlation.txt,D:\HyraiOn\ENS_Lyon\Internship\2026-EPFL\data\distinVBCsJ2Continuation\LastIzar\Results_LastIzar\task6_D5_dimer_adiabatic\J2_0p31\sweep_D5_chi50_best.pt
True,True,False,,lastizar:last_D5_dimer_adiabatic:right:insurance1:f587c79bb0eb,dimer-plaquette,0.32,5,50,lastizar:last_D5_dimer_adiabatic:right:insurance1,-0.4184005742074,True,-0.4183991752452,-1.3989622000276647e-06,0.2806367692656,3.483127406706541e-06,0.2919804369607999,0.038850779912774955,0.9064728315046304,0.00941795843969055,-0.50694686408085,1.3700416500173063e-06,-0.2394336760178,1.4004804999995235e-06,-0.22631009481525,3.202368249993759e-06,D:\HyraiOn\ENS_Lyon\Internship\2026-EPFL\data\distinVBCsJ2Continuation\LastIzar\Results_LastIzar\task6_D5_dimer_adiabatic\J2_0p32\D_5_chi_50_energy_magnetization_correlation.txt,D:\HyraiOn\ENS_Lyon\Internship\2026-EPFL\data\distinVBCsJ2Continuation\LastIzar\Results_LastIzar\task6_D5_dimer_adiabatic\J2_0p32\sweep_D5_chi50_best.pt
True,True,False,,original_2c3:symmetry_restored:e7bf9e8a0c90,dimer-plaquette,0.26,6,0,original_2c3:symmetry_restored,-0.4336099793702,True,-0.4336099793702,0.0,0.08621218209680004,2.72420431395234e-06,0.08621218209680004,0.0,-0.8827046638020861,0.0,-0.36946001015475,2.2908189499792897e-06,-0.36440386671305003,1.2961683500123389e-06,-0.28324782805794996,1.474258350009361e-06,D:\HyraiOn\ENS_Lyon\Internship\2026-EPFL\data\0713summary\J2_0p26\2tensor_twoC3\D_6\energy_magnetization_correlation.txt,D:\HyraiOn\ENS_Lyon\Internship\2026-EPFL\data\0713summary\J2_0p26\2tensor_twoC3\D_6\tensor_best.pt
True,True,False,,original_2c3:symmetry_restored:289638e242d0,dimer-plaquette,0.265,6,0,original_2c3:symmetry_restored,-0.4322609832064,True,-0.4322609832064,0.0,0.14605806794575,1.5396811587225247e-06,0.14605806794575,0.0,-0.973406300341843,0.0,-0.38608523812085,1.4114509500062766e-06,-0.38414312592505,5.181706149992582e-06,-0.2400271701751,6.151620000061087e-07,D:\HyraiOn\ENS_Lyon\Internship\2026-EPFL\data\0713summary\J2_0p265\2tensor_twoC3\D_6\energy_magnetization_correlation.txt,D:\HyraiOn\ENS_Lyon\Internship\2026-EPFL\data\0713summary\J2_0p265\2tensor_twoC3\D_6\tensor_best.pt
True,True,False,,original_2c3:symmetry_restored:3d2c76a6bb1b,dimer-plaquette,0.27,6,0,original_2c3:symmetry_restored,-0.4309779074683,True,-0.4309779074683,0.0,0.22008162789820007,4.1388035324369546e-07,0.22008162789820007,0.0,0.7619139722506183,0.0,-0.47155352294050007,1.5449500012643114e-08,-0.27767107532574997,2.8131475002246553e-07,-0.2514718950423,4.135919000058941e-07,D:\HyraiOn\ENS_Lyon\Internship\2026-EPFL\data\0713summary\J2_0p27\2tensor_twoC3\D_6\energy_magnetization_correlation.txt,D:\HyraiOn\ENS_Lyon\Internship\2026-EPFL\data\0713summary\J2_0p27\2tensor_twoC3\D_6\tensor_best.pt
True,True,False,,original_2c3:symmetry_restored:eaa294d6d018,dimer-plaquette,0.275,6,0,original_2c3:symmetry_restored,-0.4297234152874,True,-0.4297234152874,0.0,0.21934564037700005,7.670639617464571e-07,0.21934564037700005,0.0,0.9884846801046114,0.0,-0.47788281843815006,7.44463049984212e-07,-0.25980009566945,6.954674999781751e-08,-0.25853717806115,1.8482934999175527e-07,D:\HyraiOn\ENS_Lyon\Internship\2026-EPFL\data\0713summary\J2_0p275\2tensor_twoC3\D_6\energy_magnetization_correlation.txt,D:\HyraiOn\ENS_Lyon\Internship\2026-EPFL\data\0713summary\J2_0p275\2tensor_twoC3\D_6\tensor_best.pt
True,True,False,,catalog:izar_replica1_small_h:plaquette:0c6d56a214ca,dimer-plaquette,0.28,6,72,catalog:izar_replica1_small_h:plaquette,-0.4284969114549,True,-0.4284879576922,-8.953762699992485e-06,0.22536898680160006,1.0019009934626695e-06,0.22547839859175006,0.00048524289170646923,0.9971084527150418,-0.010388492779112584,-0.48101188337985,9.727206499998697e-07,-0.25596872911919993,4.5251000002632935e-08,-0.25564289657824996,2.4004195001148254e-07,D:\HyraiOn\ENS_Lyon\Internship\2026-EPFL\data\distinVBCsSmallH\Results_Izar_replica1\J2_0.28\D_6\orientation_2\plaquette\replica_1\h_0\D_6_chi_72_energy_magnetization_correlation.txt,D:\HyraiOn\ENS_Lyon\Internship\2026-EPFL\data\distinVBCsSmallH\Results_Izar_replica1\J2_0.28\D_6\orientation_2\plaquette\replica_1\h_0\sweep_D6_chi72_best.pt
True,True,False,,catalog:izar_replica1_small_h:plaquette:f180e36dde81,dimer-plaquette,0.29,6,72,catalog:izar_replica1_small_h:plaquette,-0.4261390270226,True,-0.4261398470472,8.200246000011902e-07,0.238748245867,7.174240084353372e-07,0.23807386139715003,0.002832669096440495,0.9867784154684069,-0.014263670600882555,-0.48705973410764997,6.130701500073332e-07,-0.24988980329790003,7.796379999924774e-07,-0.24831148824064997,3.7261534999166734e-07,D:\HyraiOn\ENS_Lyon\Internship\2026-EPFL\data\distinVBCsSmallH\Results_Izar_replica1\J2_0.29\D_6\orientation_2\plaquette\replica_1\h_0\D_6_chi_72_energy_magnetization_correlation.txt,D:\HyraiOn\ENS_Lyon\Internship\2026-EPFL\data\distinVBCsSmallH\Results_Izar_replica1\J2_0.29\D_6\orientation_2\plaquette\replica_1\h_0\sweep_D6_chi72_best.pt
True,True,False,,catalog:izar_replica1_small_h:plaquette:472ab9fe4b10,dimer-plaquette,0.3,6,72,catalog:izar_replica1_small_h:plaquette,-0.4239102515131,True,-0.423910796932,5.454188999887144e-07,0.25122799589230005,9.354664822916661e-07,0.25126082867335,0.00013067210365931586,0.9840401257146558,-0.01438490734863372,-0.49272321284090004,5.837262999908166e-07,-0.24350000056430002,1.8844376000054508e-06,-0.2414952169486,7.310000999932731e-07,D:\HyraiOn\ENS_Lyon\Internship\2026-EPFL\data\distinVBCsSmallH\Results_Izar_replica1\J2_0.30\D_6\orientation_0\plaquette\replica_1\h_0\D_6_chi_72_energy_magnetization_correlation.txt,D:\HyraiOn\ENS_Lyon\Internship\2026-EPFL\data\distinVBCsSmallH\Results_Izar_replica1\J2_0.30\D_6\orientation_0\plaquette\replica_1\h_0\sweep_D6_chi72_best.pt
True,True,False,,original_2c3:85ab3e5c6b1d,dimer-plaquette,0.31,6,0,original_2c3,-0.4217907597649,True,-0.4217907597649,0.0,0.263661318776,1.4690153286616782e-06,0.263661318776,0.0,0.9755592528270147,0.0,-0.4981207416984,1.0331346000092e-06,-0.23768146273814997,5.526203500083593e-07,-0.23445942292239996,1.0443366000034704e-06,D:\HyraiOn\ENS_Lyon\Internship\2026-EPFL\data\0713summary\J2_0p31\2tensor_twoC3\D_6\energy_magnetization_correlation.txt,D:\HyraiOn\ENS_Lyon\Internship\2026-EPFL\data\0713summary\J2_0p31\2tensor_twoC3\D_6\tensor_best.pt
True,True,False,,original_2c3:415e3b6397c6,dimer-plaquette,0.32,6,0,original_2c3,-0.4198309439578,True,-0.4198309439578,0.0,0.27605716621074994,8.068042098265809e-07,0.27605716621074994,0.0,0.950971854659381,0.0,-0.5025396467990499,8.043482499497934e-07,-0.23324976602195002,3.5159449500027362e-06,-0.2264824805883,6.29040999983177e-08,D:\HyraiOn\ENS_Lyon\Internship\2026-EPFL\data\0713summary\J2_0p32\2tensor_twoC3\D_6\energy_magnetization_correlation.txt,D:\HyraiOn\ENS_Lyon\Internship\2026-EPFL\data\0713summary\J2_0p32\2tensor_twoC3\D_6\tensor_best.pt
True,True,False,,original_2c3:symmetry_restored:999f1ff492f0,dimer-plaquette,0.265,7,0,original_2c3:symmetry_restored,-0.4326901470531,True,-0.4326901470531,0.0,0.08777759335239999,1.2481879749623734e-06,0.08777759335239999,0.0,-0.9891076436971604,0.0,-0.36604659236535,4.6164675002180466e-07,-0.3655685399542499,7.325961550008753e-06,-0.27826899901295,1.1596790500112417e-06,D:\HyraiOn\ENS_Lyon\Internship\2026-EPFL\data\0713summary\J2_0p265\2tensor_twoC3\D_7\energy_magnetization_correlation.txt,D:\HyraiOn\ENS_Lyon\Internship\2026-EPFL\data\0713summary\J2_0p265\2tensor_twoC3\D_7\tensor_best.pt
True,True,False,,original_2c3:symmetry_restored:d15f5b2312e9,dimer-plaquette,0.27,7,0,original_2c3:symmetry_restored,-0.4313330541337,True,-0.4313330541337,0.0,0.04896310863239994,3.1405232284402867e-06,0.04896310863239994,0.0,0.353979589460361,0.0,-0.36344217911109994,1.379774900001074e-06,-0.33029465424869997,2.5286476000030422e-06,-0.3144790704787,2.821188999996283e-06,D:\HyraiOn\ENS_Lyon\Internship\2026-EPFL\data\0713summary\J2_0p27\2tensor_twoC3\D_7\energy_magnetization_correlation.txt,D:\HyraiOn\ENS_Lyon\Internship\2026-EPFL\data\0713summary\J2_0p27\2tensor_twoC3\D_7\tensor_best.pt
True,True,False,,original_2c3:symmetry_restored:ae551eca2ad6,dimer-plaquette,0.275,7,0,original_2c3:symmetry_restored,-0.4300468913218,True,-0.4300468913218,0.0,0.16101055798735003,2.5727072063779474e-06,0.16101055798735003,0.0,-0.9705834211140854,1.507251483746435,-0.3878101415194,2.416226399987176e-06,-0.38544195162915,1.6267262500091473e-06,-0.22679958353205,8.835566499970637e-07,D:\HyraiOn\ENS_Lyon\Internship\2026-EPFL\data\0713summary\J2_0p275\2tensor_twoC3\D_7\energy_magnetization_correlation.txt,D:\HyraiOn\ENS_Lyon\Internship\2026-EPFL\data\0713summary\J2_0p275\2tensor_twoC3\D_7\tensor_best.pt
True,True,False,,legacy:s002:left:insurance2:b9d53ec82506,dimer-plaquette,0.28,7,91,legacy:s002:left:insurance2,-0.4287596978297,True,-0.4289195349411,0.00015983711139999635,0.22420297727015004,7.433908521584573e-07,0.20589257358955002,0.0889318315924405,0.9981390470903635,1.3604286536156855,-0.47954451317240004,4.884150001105425e-08,-0.25555015149370003,2.392657000027665e-07,-0.25534153590225,7.417846499824242e-07,D:\HyraiOn\ENS_Lyon\Internship\2026-EPFL\data\distinVBCsJ2Continuation\Results_Izar_J2_sequences\s002_J2_0p3_D_7_dimer-plaquette\left\insurance_2\J2_0p28\D_7_chi_91_energy_magnetization_correlation.txt,D:\HyraiOn\ENS_Lyon\Internship\2026-EPFL\data\distinVBCsJ2Continuation\Results_Izar_J2_sequences\s002_J2_0p3_D_7_dimer-plaquette\left\insurance_2\J2_0p28\sweep_D7_chi91_best.pt
True,True,False,,catalog:izar_replica1_small_h:dimer-plaquette:70566a68fd01,dimer-plaquette,0.29,7,91,catalog:izar_replica1_small_h:dimer-plaquette,-0.4264517654917,True,-0.4264626942928,1.0928801099985286e-05,0.23564035056625005,8.38811542725235e-07,0.24719374638720004,0.04673822048415802,0.9995393314814751,0.015733038725681818,-0.48472293082620005,6.950000019934065e-09,-0.24913685630555002,2.8057784999535595e-07,-0.24908258025995,8.387827500067057e-07,D:\HyraiOn\ENS_Lyon\Internship\2026-EPFL\data\distinVBCsSmallH\Results_Izar_replica1\J2_0.29\D_7\orientation_0\dimer-plaquette\replica_1\h_0\D_7_chi_91_energy_magnetization_correlation.txt,D:\HyraiOn\ENS_Lyon\Internship\2026-EPFL\data\distinVBCsSmallH\Results_Izar_replica1\J2_0.29\D_7\orientation_0\dimer-plaquette\replica_1\h_0\sweep_D7_chi91_best.pt
True,True,False,,catalog:kuma_replica1:rank-split:befed756e6a4,dimer-plaquette,0.3,7,91,catalog:kuma_replica1:rank-split,-0.4242753468306,True,-0.4242729290438,-2.4177867999908287e-06,0.24687269560455002,4.6348320276087444e-07,0.2762568420718501,0.10636531659063019,0.9955009397577153,0.12690611599035034,-0.48947539147675,3.0337474998809455e-07,-0.24315804343705003,1.2057675000121115e-07,-0.24260269587219999,3.504003999871275e-07,D:\HyraiOn\ENS_Lyon\Internship\2026-EPFL\data\distinVBCs\Results_Kuma_replica1\J2_0.30\D_7\orientation_0\rank-split\replica_1\h_0p0\D_7_chi_91_energy_magnetization_correlation.txt,D:\HyraiOn\ENS_Lyon\Internship\2026-EPFL\data\distinVBCs\Results_Kuma_replica1\J2_0.30\D_7\orientation_0\rank-split\replica_1\h_0p0\sweep_D7_chi91_best.pt
True,True,False,,legacy:s002:right:insurance2:17bf118255ab,dimer-plaquette,0.31,7,91,legacy:s002:right:insurance2,-0.4222286596993,True,-0.4222206393717,-8.020327600000154e-06,0.25719687552275,9.350911657334604e-07,0.2890064128838,0.11006516098948846,0.998933149078338,0.140079830435184,-0.49385587556675,6.349167499808406e-07,-0.23679619540584998,6.47071149995071e-07,-0.23665900004399998,6.864956000052213e-07,D:\HyraiOn\ENS_Lyon\Internship\2026-EPFL\data\distinVBCsJ2Continuation\Results_Izar_J2_sequences\s002_J2_0p3_D_7_dimer-plaquette\right\insurance_2\J2_0p31\D_7_chi_91_energy_magnetization_correlation.txt,D:\HyraiOn\ENS_Lyon\Internship\2026-EPFL\data\distinVBCsJ2Continuation\Results_Izar_J2_sequences\s002_J2_0p3_D_7_dimer-plaquette\right\insurance_2\J2_0p31\sweep_D7_chi91_best.pt
True,True,False,,legacy:s002:right:insurance2:a0a4e5373148,dimer-plaquette,0.32,7,91,legacy:s002:right:insurance2,-0.4203112065525,True,-0.4203108986799,-3.078725999694498e-07,0.26749113814115,2.987386552430602e-07,0.26733007728625,0.0006024793638447015,0.9894524689998847,-0.01819061456139601,-0.49761050096520004,2.824917000043836e-07,-0.23153004835994997,7.759834499965201e-07,-0.23011936282405002,9.717625000515984e-08,D:\HyraiOn\ENS_Lyon\Internship\2026-EPFL\data\distinVBCsJ2Continuation\Results_Izar_J2_sequences\s002_J2_0p3_D_7_dimer-plaquette\right\insurance_2\J2_0p32\D_7_chi_91_energy_magnetization_correlation.txt,D:\HyraiOn\ENS_Lyon\Internship\2026-EPFL\data\distinVBCsJ2Continuation\Results_Izar_J2_sequences\s002_J2_0p3_D_7_dimer-plaquette\right\insurance_2\J2_0p32\sweep_D7_chi91_best.pt
True,True,False,,original_2c3:symmetry_restored:c2cf5e278775,dimer-plaquette,0.26,8,0,original_2c3:symmetry_restored,-0.4343870123737,True,-0.4343870123737,0.0,0.00318330461709998,6.978928978051355e-06,0.00318330461709998,0.0,-0.3896712994843683,0.0,-0.3393040874213,6.517603100025805e-06,-0.33833265633615,2.9762857499948674e-06,-0.33612078280420005,2.495255399997953e-06,D:\HyraiOn\ENS_Lyon\Internship\2026-EPFL\data\0713summary\J2_0p26\2tensor_twoC3\D_8\energy_magnetization_correlation.txt,D:\HyraiOn\ENS_Lyon\Internship\2026-EPFL\data\0713summary\J2_0p26\2tensor_twoC3\D_8\tensor_best.pt
True,True,False,,original_2c3:symmetry_restored:0d3d4b143dd4,dimer-plaquette,0.265,8,0,original_2c3:symmetry_restored,-0.4330308105537,True,-0.4330308105537,0.0,0.010122164664600086,1.2661630546015344e-05,0.010122164664600086,0.0,-0.2424960982490575,0.0,-0.34138744342815003,4.074102949974678e-06,-0.33755365381435,1.1797149350012415e-05,-0.33126527876354994,1.198826815002052e-05,D:\HyraiOn\ENS_Lyon\Internship\2026-EPFL\data\0713summary\J2_0p265\2tensor_twoC3\D_8\energy_magnetization_correlation.txt,D:\HyraiOn\ENS_Lyon\Internship\2026-EPFL\data\0713summary\J2_0p265\2tensor_twoC3\D_8\tensor_best.pt
True,True,False,,original_2c3:symmetry_restored:09c9fd786bb9,dimer-plaquette,0.27,8,0,original_2c3:symmetry_restored,-0.4316550562418,True,-0.4316550562418,0.0,0.007716971509599935,1.261801329772833e-05,0.007716971509599935,0.0,-0.532284936258999,0.0,-0.33861760127485,1.2362958049988439e-05,-0.3368129293641,3.101697199997533e-06,-0.3309006297652501,2.5241885499849293e-06,D:\HyraiOn\ENS_Lyon\Internship\2026-EPFL\data\0713summary\J2_0p27\2tensor_twoC3\D_8\energy_magnetization_correlation.txt,D:\HyraiOn\ENS_Lyon\Internship\2026-EPFL\data\0713summary\J2_0p27\2tensor_twoC3\D_8\tensor_best.pt
True,True,False,,original_2c3:symmetry_restored:a7c9eb6c3487,dimer-plaquette,0.275,8,0,original_2c3:symmetry_restored,-0.4303882490411,True,-0.4303882490411,0.0,0.013685008532400067,9.767241872269607e-06,0.013685008532400067,0.0,-0.845317832094278,1.143299579610512,-0.3390522824381,6.932105000023726e-07,-0.3379938690443,7.001952500002018e-06,-0.3253672739056999,9.74261119998654e-06,D:\HyraiOn\ENS_Lyon\Internship\2026-EPFL\data\0713summary\J2_0p275\2tensor_twoC3\D_8\energy_magnetization_correlation.txt,D:\HyraiOn\ENS_Lyon\Internship\2026-EPFL\data\0713summary\J2_0p275\2tensor_twoC3\D_8\tensor_best.pt
True,True,False,,legacy:s004:left:insurance1:86d95931c41c,dimer-plaquette,0.28,8,104,legacy:s004:left:insurance1,-0.4290741454649,True,-0.4291893313359,0.00011518587099995647,0.20331953130499997,1.6381601738003372e-06,0.19287477053204996,0.0541530690827933,0.9906809709596585,0.6801259465068287,-0.4655196571213,1.3388776000100577e-06,-0.26314749612465,3.660825499962606e-07,-0.26220012581630003,9.439149999956875e-07,D:\HyraiOn\ENS_Lyon\Internship\2026-EPFL\data\distinVBCsJ2Continuation\Results_Izar_J2_sequences\s004_J2_0p3_D_8_dimer-plaquette\left\insurance_1\J2_0p28\D_8_chi_104_energy_magnetization_correlation.txt,D:\HyraiOn\ENS_Lyon\Internship\2026-EPFL\data\distinVBCsJ2Continuation\Results_Izar_J2_sequences\s004_J2_0p3_D_8_dimer-plaquette\left\insurance_1\J2_0p28\sweep_D8_chi104_best.pt
True,True,False,,legacy:s004:left:insurance1:4f685e249db4,dimer-plaquette,0.29,8,104,legacy:s004:left:insurance1,-0.4267738830989,True,-0.4268483479623,7.446486339995895e-05,0.2156858068811499,1.7366522905799276e-06,0.21976394898254994,0.018556920369700188,0.9924836471901317,0.2608585930169019,-0.47115116076439995,1.578582299988085e-06,-0.25627593919354996,3.788338499843835e-07,-0.25546535388325003,7.239054500007837e-07,D:\HyraiOn\ENS_Lyon\Internship\2026-EPFL\data\distinVBCsJ2Continuation\Results_Izar_J2_sequences\s004_J2_0p3_D_8_dimer-plaquette\left\insurance_1\J2_0p29\D_8_chi_104_energy_magnetization_correlation.txt,D:\HyraiOn\ENS_Lyon\Internship\2026-EPFL\data\distinVBCsJ2Continuation\Results_Izar_J2_sequences\s004_J2_0p3_D_8_dimer-plaquette\left\insurance_1\J2_0p29\sweep_D8_chi104_best.pt
True,True,False,,catalog:kuma_replica1:plaquette:9ce398dc6206,dimer-plaquette,0.3,8,104,catalog:kuma_replica1:plaquette,-0.4245892992043,True,-0.4246130246619,2.3725457599987898e-05,0.22737792792544995,2.6668634662240915e-06,0.22733669968019998,0.00018135323204726848,0.9639728501168072,0.007345287895574277,-0.47546689445849993,2.4676458000028045e-06,-0.2521848558778,8.967484000088621e-07,-0.24808896653305,1.0113777500070364e-06,D:\HyraiOn\ENS_Lyon\Internship\2026-EPFL\data\distinVBCs\Results_Kuma_replica1\J2_0.30\D_8\orientation_2\plaquette\replica_1\h_0p0\D_8_chi_104_energy_magnetization_correlation.txt,D:\HyraiOn\ENS_Lyon\Internship\2026-EPFL\data\distinVBCs\Results_Kuma_replica1\J2_0.30\D_8\orientation_2\plaquette\replica_1\h_0p0\sweep_D8_chi104_best.pt
True,True,False,,catalog:izar_replica1:dimer-plaquette:8276e4a203a4,dimer-plaquette,0.31,8,104,catalog:izar_replica1:dimer-plaquette,-0.4225946878225,True,-0.4225934640509,-1.223771600000756e-06,0.23909876839825,1.945616866057888e-06,0.23818076860754997,0.003854214578560801,0.9690978800848808,-0.020534975537326423,-0.4802620014716,1.605497399997935e-06,-0.24485756247965,1.162130550000362e-06,-0.24116323307334997,1.0990009499944888e-06,D:\HyraiOn\ENS_Lyon\Internship\2026-EPFL\data\distinVBCs\Results_Izar_replica1\J2_0.31\D_8\orientation_0\dimer-plaquette\replica_1\h_0p0\D_8_chi_104_energy_magnetization_correlation.txt,D:\HyraiOn\ENS_Lyon\Internship\2026-EPFL\data\distinVBCs\Results_Izar_replica1\J2_0.31\D_8\orientation_0\dimer-plaquette\replica_1\h_0p0\sweep_D8_chi104_best.pt
True,True,False,,legacy:s004:right:insurance1:2db5fa78aca5,dimer-plaquette,0.32,8,104,legacy:s004:right:insurance1,-0.4207104189825,True,-0.4207280842888,1.7665306299985417e-05,0.24945810507855004,2.5205300598152223e-06,0.25092832021520006,0.005859104047678405,0.9690269838758416,-0.004757435183293305,-0.48420248924810005,2.4298263999744663e-06,-0.23860761912499998,3.660900599999905e-06,-0.23474438416955,6.700861499980837e-07,D:\HyraiOn\ENS_Lyon\Internship\2026-EPFL\data\distinVBCsJ2Continuation\Results_Izar_J2_sequences\s004_J2_0p3_D_8_dimer-plaquette\right\insurance_1\J2_0p32\D_8_chi_104_energy_magnetization_correlation.txt,D:\HyraiOn\ENS_Lyon\Internship\2026-EPFL\data\distinVBCsJ2Continuation\Results_Izar_J2_sequences\s004_J2_0p3_D_8_dimer-plaquette\right\insurance_1\J2_0p32\sweep_D8_chi104_best.pt
True,True,False,,original_2c3:symmetry_restored:41e60afc526b,dimer-plaquette,0.26,9,0,original_2c3:symmetry_restored,-0.4346062193824,True,-0.4346062193824,0.0,0.0024443624944001097,2.6862964113233356e-07,0.0024443624944001097,0.0,-0.11413204970174962,0.0,-0.33849952883250006,1.3409130000807679e-07,-0.33741683763615,6.493704049981286e-06,-0.33605516633809995,2.327689999914728e-07,D:\HyraiOn\ENS_Lyon\Internship\2026-EPFL\data\0713summary\J2_0p26\2tensor_twoC3\D_9\energy_magnetization_correlation.txt,D:\HyraiOn\ENS_Lyon\Internship\2026-EPFL\data\0713summary\J2_0p26\2tensor_twoC3\D_9\tensor_best.pt
True,True,False,,original_2c3:symmetry_restored:5972b626f942,dimer-plaquette,0.265,9,0,original_2c3:symmetry_restored,-0.4332520538593,True,-0.4332520538593,0.0,0.005276996820050006,2.7086751862271726e-05,0.005276996820050006,0.0,0.4810234965663496,0.0,-0.33916005971045,1.5916496249990253e-05,-0.33525238156955,1.4824237500044024e-06,-0.3338830628904,2.19170543999947e-05,D:\HyraiOn\ENS_Lyon\Internship\2026-EPFL\data\0713summary\J2_0p265\2tensor_twoC3\D_9\energy_magnetization_correlation.txt,D:\HyraiOn\ENS_Lyon\Internship\2026-EPFL\data\0713summary\J2_0p265\2tensor_twoC3\D_9\tensor_best.pt
True,True,False,,original_2c3:symmetry_restored:b622096c1b09,dimer-plaquette,0.27,9,0,original_2c3:symmetry_restored,-0.4319224900806,True,-0.4319224900806,0.0,0.01607055140720004,1.2474643750003887e-05,0.01607055140720004,0.0,0.4825093568056389,0.0,-0.34412055860070007,5.546849200011028e-06,-0.3322081871856,5.783502400019679e-06,-0.3280500071935,1.1173593899987955e-05,D:\HyraiOn\ENS_Lyon\Internship\2026-EPFL\data\0713summary\J2_0p27\2tensor_twoC3\D_9\energy_magnetization_correlation.txt,D:\HyraiOn\ENS_Lyon\Internship\2026-EPFL\data\0713summary\J2_0p27\2tensor_twoC3\D_9\tensor_best.pt
True,True,False,,original_2c3:symmetry_restored:a936be8458d2,dimer-plaquette,0.275,9,0,original_2c3:symmetry_restored,-0.4306492031144,True,-0.4306492031144,0.0,0.03754181505705001,1.2788949382317885e-06,0.03754181505705001,0.0,-0.3034868289355759,0.14736680853979442,-0.35026724528354997,1.27888694997913e-06,-0.33719306095709994,5.668797300018014e-06,-0.31272543022649996,4.5201999920863045e-09,D:\HyraiOn\ENS_Lyon\Internship\2026-EPFL\data\0713summary\J2_0p275\2tensor_twoC3\D_9\energy_magnetization_correlation.txt,D:\HyraiOn\ENS_Lyon\Internship\2026-EPFL\data\0713summary\J2_0p275\2tensor_twoC3\D_9\tensor_best.pt
True,True,False,,catalog:izar_replica1_small_h:dimer-plaquette:37c9cc74f840,dimer-plaquette,0.28,9,108,catalog:izar_replica1_small_h:dimer-plaquette,-0.4293999510728,True,-0.4294108101266,1.085905379999419e-05,0.12547888530604995,1.181284094918327e-05,0.10589849796614997,0.1848976870867306,0.8975135411752024,0.421891532503847,-0.41305582649699996,1.0644475999993519e-05,-0.2940068844971,5.036493299998002e-06,-0.28757694119095,5.122337550012013e-06,D:\HyraiOn\ENS_Lyon\Internship\2026-EPFL\data\distinVBCsSmallH\Results_Izar_replica1\J2_0.28\D_9\orientation_2\dimer-plaquette\replica_1\h_0\D_9_chi_108_energy_magnetization_correlation.txt,D:\HyraiOn\ENS_Lyon\Internship\2026-EPFL\data\distinVBCsSmallH\Results_Izar_replica1\J2_0.28\D_9\orientation_2\dimer-plaquette\replica_1\h_0\sweep_D9_chi108_best.pt
True,True,False,,legacy:s006:left:insurance1:308b0dc09637,dimer-plaquette,0.29,9,108,legacy:s006:left:insurance1,-0.4270005466084,True,-0.4270572980804,5.675147200001618e-05,0.17564517001084995,4.3443534029092497e-05,0.17369976289764996,0.011199825956851131,0.8285251742502255,0.14104206080716708,-0.4404758696992999,4.32284111000214e-05,-0.27989006214914997,6.132415249993084e-06,-0.26483069968844997,4.3179998499842664e-06,D:\HyraiOn\ENS_Lyon\Internship\2026-EPFL\data\distinVBCsJ2Continuation\Results_Izar_J2_sequences\s006_J2_0p33_D_9_dimer-plaquette\left\insurance_1\J2_0p29\D_9_chi_108_energy_magnetization_correlation.txt,D:\HyraiOn\ENS_Lyon\Internship\2026-EPFL\data\distinVBCsJ2Continuation\Results_Izar_J2_sequences\s006_J2_0p33_D_9_dimer-plaquette\left\insurance_1\J2_0p29\sweep_D9_chi108_best.pt
True,True,False,,legacy_seed:s102:0e42abfce9e6,dimer-plaquette,0.3,9,108,legacy_seed:s102,-0.4248629546286,True,-0.4248712511494,8.296520799977447e-06,0.20245967511525,7.392731897666208e-06,0.18628662899459994,0.08681807281573006,0.7576674788800724,0.07832004829242173,-0.4522549872297,7.247974900009834e-06,-0.27432659386235,4.6921565000079823e-07,-0.24979531211444997,1.4557969499895407e-06,D:\HyraiOn\ENS_Lyon\Internship\2026-EPFL\6-AD-CTMRG\models\VBCJ2SeedContinuationIzar\d9_supplemental_seeds\s102\observation.txt,D:\HyraiOn\ENS_Lyon\Internship\2026-EPFL\6-AD-CTMRG\models\VBCJ2SeedContinuationIzar\d9_supplemental_seeds\s102\tensor_best.pt
True,True,False,,legacy:s102:right:insurance1:2f5d369f1d1b,dimer-plaquette,0.31,9,108,legacy:s102:right:insurance1,-0.4228344608855,True,-0.422819428413,-1.5032472499953986e-05,0.21635361246395002,1.8473210430212366e-05,0.23034873012145005,0.060756217974899114,0.7707488224387085,0.03694763216254585,-0.45847880773430005,1.8469706999979518e-05,-0.26692485548385,1.845624149982017e-06,-0.24212519527035004,3.597595499976735e-07,D:\HyraiOn\ENS_Lyon\Internship\2026-EPFL\data\distinVBCsJ2Continuation\Results_Izar_J2_sequences\s102_J2_0p3_D_9_dimer-plaquette\right\insurance_1\J2_0p31\D_9_chi_108_energy_magnetization_correlation.txt,D:\HyraiOn\ENS_Lyon\Internship\2026-EPFL\data\distinVBCsJ2Continuation\Results_Izar_J2_sequences\s102_J2_0p3_D_9_dimer-plaquette\right\insurance_1\J2_0p31\sweep_D9_chi108_best.pt
True,True,False,,legacy:s102:right:insurance2:ed53ce694e26,dimer-plaquette,0.32,9,108,legacy:s102:right:insurance2,-0.4209273247182,True,-0.4209327748874,5.450169200005295e-06,0.22805113243734995,1.2397351706303516e-06,0.23613894093274998,0.03425021075919603,0.7669520580438229,-0.005099397990334036,-0.46272158294704996,2.1080345000146217e-07,-0.26124387404735,2.531745450007339e-06,-0.2346704505097,1.221681299998223e-06,D:\HyraiOn\ENS_Lyon\Internship\2026-EPFL\data\distinVBCsJ2Continuation\Results_Izar_J2_sequences\s102_J2_0p3_D_9_dimer-plaquette\right\insurance_2\J2_0p32\D_9_chi_108_energy_magnetization_correlation.txt,D:\HyraiOn\ENS_Lyon\Internship\2026-EPFL\data\distinVBCsJ2Continuation\Results_Izar_J2_sequences\s102_J2_0p3_D_9_dimer-plaquette\right\insurance_2\J2_0p32\sweep_D9_chi108_best.pt
True,True,False,,original_2c3:symmetry_restored:7c31966e6c4c,dimer-plaquette,0.26,10,0,original_2c3:symmetry_restored,-0.4346810460999,True,-0.4346810460999,0.0,0.0013430109016500102,1.6419656399002836e-05,0.0013430109016500102,0.0,0.9377630985739243,0.0,-0.33810357039,1.1924817000019681e-05,-0.33680235190690005,6.981621999968546e-07,-0.33676055948835,1.1287331650011723e-05,D:\HyraiOn\ENS_Lyon\Internship\2026-EPFL\data\0713summary\J2_0p26\2tensor_twoC3\D_10\energy_magnetization_correlation.txt,D:\HyraiOn\ENS_Lyon\Internship\2026-EPFL\data\0713summary\J2_0p26\2tensor_twoC3\D_10\tensor_best.pt
True,True,False,,original_2c3:symmetry_restored:b1bd3c3dad93,dimer-plaquette,0.265,10,0,original_2c3:symmetry_restored,-0.4333419227966,True,-0.4333419227966,0.0,0.003704748007200054,1.1613896709056442e-05,0.003704748007200054,0.0,0.011336231996985857,0.0,-0.33781682969845006,9.650152950013702e-06,-0.33594345675340004,1.2757677000097e-06,-0.33411208169125,6.461976850002937e-06,D:\HyraiOn\ENS_Lyon\Internship\2026-EPFL\data\0713summary\J2_0p265\2tensor_twoC3\D_10\energy_magnetization_correlation.txt,D:\HyraiOn\ENS_Lyon\Internship\2026-EPFL\data\0713summary\J2_0p265\2tensor_twoC3\D_10\tensor_best.pt
True,True,False,,original_2c3:symmetry_restored:9c0525bd40b4,dimer-plaquette,0.27,10,0,original_2c3:symmetry_restored,-0.4320399938912,True,-0.4320399938912,0.0,0.005405208556650054,2.2803523200302454e-05,0.005405208556650054,0.0,0.21653573489037958,0.0,-0.3375670253172,5.518173199992038e-06,-0.33427921063535,1.2115468500106807e-06,-0.33216181676054995,2.2125786650006862e-05,D:\HyraiOn\ENS_Lyon\Internship\2026-EPFL\data\0713summary\J2_0p27\2tensor_twoC3\D_10\energy_magnetization_correlation.txt,D:\HyraiOn\ENS_Lyon\Internship\2026-EPFL\data\0713summary\J2_0p27\2tensor_twoC3\D_10\tensor_best.pt
True,True,False,,original_2c3:symmetry_restored:d70743dee66e,dimer-plaquette,0.275,10,0,original_2c3:symmetry_restored,-0.4307514424297,True,-0.4307514424297,0.0,0.04003511143390004,9.025969649178702e-06,0.04003511143390004,0.0,0.24102576224702132,0.0,-0.35488708585145007,4.0529876499939554e-06,-0.33004478350949995,8.70870039998417e-06,-0.31485197441755003,8.064826050008245e-06,D:\HyraiOn\ENS_Lyon\Internship\2026-EPFL\data\0713summary\J2_0p275\2tensor_twoC3\D_10\energy_magnetization_correlation.txt,D:\HyraiOn\ENS_Lyon\Internship\2026-EPFL\data\0713summary\J2_0p275\2tensor_twoC3\D_10\tensor_best.pt
True,True,False,,sep27:a02:left:insurance0:48452ed224ab,dimer-plaquette,0.29,10,120,sep27:a02:left:insurance0,-0.4272109957689,True,-0.4271813261246,-2.9669644299956666e-05,0.15935906837350006,0.00012043277828344389,0.15746218474085005,0.012046597954752622,0.741009917904595,0.021871932329525716,-0.42800810282300006,0.0001159049541999968,-0.28928524354985,1.2619601349989074e-05,-0.2686490344495,3.271231689999654e-05,D:\HyraiOn\ENS_Lyon\Internship\2026-EPFL\data\external\Working_AD_Honeycomb_Sep27\Results_Sep27\a02\left\J2_0p29\D_10_chi_120_energy_magnetization_correlation.txt,D:\HyraiOn\ENS_Lyon\Internship\2026-EPFL\data\external\Working_AD_Honeycomb_Sep27\Results_Sep27\a02\left\J2_0p29\sweep_D10_chi120_best.pt
True,True,False,,catalog:kuma_replica1:dimer-plaquette:fac560572dfa,dimer-plaquette,0.3,10,180,catalog:kuma_replica1:dimer-plaquette,-0.4249550190993,True,-0.425007050824,5.2031724699974635e-05,0.19029100413600009,1.1295436325855417e-05,0.19488318441555,0.023563758429552304,0.8162334714009511,0.10647222786767413,-0.44657229504635004,1.1265139749999653e-05,-0.27376584953719996,7.207563000044548e-07,-0.25628129091034996,8.267455499921805e-07,D:\HyraiOn\ENS_Lyon\Internship\2026-EPFL\data\distinVBCs\Results_Kuma_replica1\J2_0.30\D_10\orientation_0\dimer-plaquette\replica_1\h_0p0\D_10_chi_180_energy_magnetization_correlation.txt,D:\HyraiOn\ENS_Lyon\Internship\2026-EPFL\data\distinVBCs\Results_Kuma_replica1\J2_0.30\D_10\orientation_0\dimer-plaquette\replica_1\h_0p0\sweep_D10_chi180_best.pt
True,True,False,,sep27:a02:right:insurance0:6cecf4b264a6,dimer-plaquette,0.31,10,120,sep27:a02:right:insurance0,-0.4229679687303,True,-0.4229589784093,-8.990320999990864e-06,0.20706180214439998,0.00010316350995237837,0.22488914269584995,0.07927168176171338,0.7436017702604742,0.06047648755957246,-0.45178414387265,0.00010200059355000568,-0.27126748148650004,7.000318300004471e-06,-0.24472234172825,1.544631674998964e-05,D:\HyraiOn\ENS_Lyon\Internship\2026-EPFL\data\external\Working_AD_Honeycomb_Sep27\Results_Sep27\a02\right\J2_0p31\D_10_chi_120_energy_magnetization_correlation.txt,D:\HyraiOn\ENS_Lyon\Internship\2026-EPFL\data\external\Working_AD_Honeycomb_Sep27\Results_Sep27\a02\right\J2_0p31\sweep_D10_chi120_best.pt
True,True,False,,sep27:a02:right:insurance0:d3b59abb85df,dimer-plaquette,0.32,10,120,sep27:a02:right:insurance0,-0.4210675465964,True,-0.4210683557824,8.09185999983697e-07,0.21301394126019993,0.00011673694314900059,0.23507323869515,0.09384010514083756,0.720935267756079,0.08874909535952463,-0.4520252758153999,0.00011563394670000006,-0.2687336737962,8.288304999992668e-06,-0.2390113345552,1.6009505500000354e-05,D:\HyraiOn\ENS_Lyon\Internship\2026-EPFL\data\external\Working_AD_Honeycomb_Sep27\Results_Sep27\a02\right\J2_0p32\D_10_chi_120_energy_magnetization_correlation.txt,D:\HyraiOn\ENS_Lyon\Internship\2026-EPFL\data\external\Working_AD_Honeycomb_Sep27\Results_Sep27\a02\right\J2_0p32\sweep_D10_chi120_best.pt
True,True,False,,original_2c3:symmetry_restored:efd795b13b7a,plaquette,0.26,6,0,original_2c3:symmetry_restored,-0.4336099793702,True,-0.4336099793702,0.0,0.08621218209680004,2.72420431395234e-06,0.08621218209680004,0.0,-0.8827046638020861,0.0,-0.36946001015475,2.2908189499792897e-06,-0.36440386671305003,1.2961683500123389e-06,-0.28324782805794996,1.474258350009361e-06,D:\HyraiOn\ENS_Lyon\Internship\2026-EPFL\data\0713summary\J2_0p26\2tensor_twoC3\D_6\energy_magnetization_correlation.txt,D:\HyraiOn\ENS_Lyon\Internship\2026-EPFL\data\0713summary\J2_0p26\2tensor_twoC3\D_6\tensor_best.pt
True,True,False,,original_2c3:symmetry_restored:d9424f272cff,plaquette,0.265,6,0,original_2c3:symmetry_restored,-0.4322609832064,True,-0.4322609832064,0.0,0.14605806794575,1.5396811587225247e-06,0.14605806794575,0.0,-0.973406300341843,0.0,-0.38608523812085,1.4114509500062766e-06,-0.38414312592505,5.181706149992582e-06,-0.2400271701751,6.151620000061087e-07,D:\HyraiOn\ENS_Lyon\Internship\2026-EPFL\data\0713summary\J2_0p265\2tensor_twoC3\D_6\energy_magnetization_correlation.txt,D:\HyraiOn\ENS_Lyon\Internship\2026-EPFL\data\0713summary\J2_0p265\2tensor_twoC3\D_6\tensor_best.pt
True,True,False,,lastizar:last_D6_plaq_adiabatic:right:insurance3:d1df6f7d2c07,plaquette,0.27,6,72,lastizar:last_D6_plaq_adiabatic:right:insurance3,-0.4309129893156,True,-0.4309779074683,6.491815269998868e-05,0.1801903893921001,2.4834913735636818e-06,0.22008162789820007,0.18125655870081017,-0.845783004043952,0.6168487604213235,-0.39987643873430007,2.462327799990227e-06,-0.38598222845819996,4.243319800006917e-06,-0.21968604934219996,3.235293000031225e-07,D:\HyraiOn\ENS_Lyon\Internship\2026-EPFL\data\distinVBCsJ2Continuation\LastIzar\Results_LastIzar\task1_D6_adiabatic\insurance_3\J2_0p27\D_6_chi_72_energy_magnetization_correlation.txt,D:\HyraiOn\ENS_Lyon\Internship\2026-EPFL\data\distinVBCsJ2Continuation\LastIzar\Results_LastIzar\task1_D6_adiabatic\insurance_3\J2_0p27\sweep_D6_chi72_best.pt
True,True,False,,lastizar:last_D6_plaq_adiabatic:right:insurance5:cfff8f72845a,plaquette,0.275,6,72,lastizar:last_D6_plaq_adiabatic:right:insurance5,-0.4296019615696,True,-0.4297234152874,0.00012145371779997971,0.19954219472484996,2.6118059002102233e-06,0.21934564037700005,0.0902841999417583,-0.8277136520628903,0.8274861088886348,-0.40603836638385,2.601480049990723e-06,-0.3888491683896,3.787680399991444e-06,-0.20649617165900003,2.3201640000913845e-07,D:\HyraiOn\ENS_Lyon\Internship\2026-EPFL\data\distinVBCsJ2Continuation\LastIzar\Results_LastIzar\task1_D6_adiabatic\insurance_5\J2_0p275\D_6_chi_72_energy_magnetization_correlation.txt,D:\HyraiOn\ENS_Lyon\Internship\2026-EPFL\data\distinVBCsJ2Continuation\LastIzar\Results_LastIzar\task1_D6_adiabatic\insurance_5\J2_0p275\sweep_D6_chi72_best.pt
True,True,False,,lastizar:last_D6_plaq_adiabatic:right:insurance3:b933af68bb12,plaquette,0.28,6,72,lastizar:last_D6_plaq_adiabatic:right:insurance3,-0.4283275114577,True,-0.4284879576922,0.00016044623450001128,0.21285863473045,1.77826619392144e-06,0.22547839859175006,0.055968837547712674,-0.8421229117218771,1.3128458462000911,-0.4090338797389,1.7650243999967064e-06,-0.39223112900585,2.83660685002074e-06,-0.19617524500845,2.1660914999166445e-07,D:\HyraiOn\ENS_Lyon\Internship\2026-EPFL\data\distinVBCsJ2Continuation\LastIzar\Results_LastIzar\task1_D6_adiabatic\insurance_3\J2_0p28\D_6_chi_72_energy_magnetization_correlation.txt,D:\HyraiOn\ENS_Lyon\Internship\2026-EPFL\data\distinVBCsJ2Continuation\LastIzar\Results_LastIzar\task1_D6_adiabatic\insurance_3\J2_0p28\sweep_D6_chi72_best.pt
True,True,False,,original_2c3:symmetry_restored:31c85cf5709a,plaquette,0.26,7,0,original_2c3:symmetry_restored,-0.4341051449691,True,-0.4341051449691,0.0,0.01417680917225006,2.3794697008475992e-06,0.01417680917225006,0.0,0.5746016693019447,0.0,-0.34696984024445005,1.284303499937689e-07,-0.33580842655045,3.5095724499889513e-06,-0.3327930310722,2.3760012000106907e-06,D:\HyraiOn\ENS_Lyon\Internship\2026-EPFL\data\0713summary\J2_0p26\2tensor_twoC3\D_7\energy_magnetization_correlation.txt,D:\HyraiOn\ENS_Lyon\Internship\2026-EPFL\data\0713summary\J2_0p26\2tensor_twoC3\D_7\tensor_best.pt
True,True,False,,original_2c3:symmetry_restored:ddb22ded4b4c,plaquette,0.265,7,0,original_2c3:symmetry_restored,-0.4326901470531,True,-0.4326901470531,0.0,0.08777759335239999,1.2481879749623734e-06,0.08777759335239999,0.0,-0.9891076436971604,0.0,-0.36604659236535,4.6164675002180466e-07,-0.3655685399542499,7.325961550008753e-06,-0.27826899901295,1.1596790500112417e-06,D:\HyraiOn\ENS_Lyon\Internship\2026-EPFL\data\0713summary\J2_0p265\2tensor_twoC3\D_7\energy_magnetization_correlation.txt,D:\HyraiOn\ENS_Lyon\Internship\2026-EPFL\data\0713summary\J2_0p265\2tensor_twoC3\D_7\tensor_best.pt
True,True,False,,original_2c3:symmetry_restored:4c67c2130b3d,plaquette,0.27,7,0,original_2c3:symmetry_restored,-0.4313330541337,True,-0.4313330541337,0.0,0.04896310863239994,3.1405232284402867e-06,0.04896310863239994,0.0,0.353979589460361,0.0,-0.36344217911109994,1.379774900001074e-06,-0.33029465424869997,2.5286476000030422e-06,-0.3144790704787,2.821188999996283e-06,D:\HyraiOn\ENS_Lyon\Internship\2026-EPFL\data\0713summary\J2_0p27\2tensor_twoC3\D_7\energy_magnetization_correlation.txt,D:\HyraiOn\ENS_Lyon\Internship\2026-EPFL\data\0713summary\J2_0p27\2tensor_twoC3\D_7\tensor_best.pt
True,True,False,,original_2c3:symmetry_restored:548155324c50,plaquette,0.275,7,0,original_2c3:symmetry_restored,-0.4300468913218,True,-0.4300468913218,0.0,0.16101055798735003,2.5727072063779474e-06,0.16101055798735003,0.0,-0.9705834211140854,0.0,-0.3878101415194,2.416226399987176e-06,-0.38544195162915,1.6267262500091473e-06,-0.22679958353205,8.835566499970637e-07,D:\HyraiOn\ENS_Lyon\Internship\2026-EPFL\data\0713summary\J2_0p275\2tensor_twoC3\D_7\energy_magnetization_correlation.txt,D:\HyraiOn\ENS_Lyon\Internship\2026-EPFL\data\0713summary\J2_0p275\2tensor_twoC3\D_7\tensor_best.pt
True,True,False,,legacy_seed:s001:7f99ff22070b,plaquette,0.28,7,91,legacy_seed:s001,-0.4289195349411,True,-0.4289195349411,0.0,0.20589257358955002,3.6520939514319977e-06,0.20589257358955002,0.0,-0.996322613759691,-0.0182,-0.3998504474505,3.5653590000073176e-06,-0.39947187419195,6.086865000920483e-08,-0.19395787386095,7.912050500047396e-07,D:\HyraiOn\ENS_Lyon\Internship\2026-EPFL\6-AD-CTMRG\models\VBCJ2SeedContinuationIzar\seeds\s001\observation.txt,D:\HyraiOn\ENS_Lyon\Internship\2026-EPFL\6-AD-CTMRG\models\VBCJ2SeedContinuationIzar\seeds\s001\tensor_best.pt
True,True,False,,legacy:s001:right:insurance1:ae10361fd342,plaquette,0.29,7,91,legacy:s001:right:insurance1,-0.4265706897232,True,-0.4264626942928,-0.0001079954304000208,0.22148762322145002,2.994669694494395e-07,0.24719374638720004,0.10399180214488271,-0.997553211537882,0.7033736242550443,-0.40237738618880003,1.8283880001690456e-07,-0.40210641950829995,3.9581419999934475e-06,-0.18088976296735002,2.3717175000326218e-07,D:\HyraiOn\ENS_Lyon\Internship\2026-EPFL\data\distinVBCsJ2Continuation\Results_Izar_J2_sequences\s001_J2_0p28_D_7_plaquette\right\insurance_1\J2_0p29\D_7_chi_91_energy_magnetization_correlation.txt,D:\HyraiOn\ENS_Lyon\Internship\2026-EPFL\data\distinVBCsJ2Continuation\Results_Izar_J2_sequences\s001_J2_0p28_D_7_plaquette\right\insurance_1\J2_0p29\sweep_D7_chi91_best.pt
True,True,False,,legacy:s001:right:insurance1:df1f8ee7bffe,plaquette,0.3,7,91,legacy:s001:right:insurance1,-0.4243607588864,True,-0.4242729290438,-8.782984260002902e-05,0.23706259976840002,3.854524752800674e-07,0.2762568420718501,0.14187609620635658,-0.9982776930460615,0.625153043994162,-0.40481224734055,2.6410424999734344e-07,-0.40460810005850006,3.832348900001392e-06,-0.16774964757214997,2.8075354999157476e-07,D:\HyraiOn\ENS_Lyon\Internship\2026-EPFL\data\distinVBCsJ2Continuation\Results_Izar_J2_sequences\s001_J2_0p28_D_7_plaquette\right\insurance_1\J2_0p30\D_7_chi_91_energy_magnetization_correlation.txt,D:\HyraiOn\ENS_Lyon\Internship\2026-EPFL\data\distinVBCsJ2Continuation\Results_Izar_J2_sequences\s001_J2_0p28_D_7_plaquette\right\insurance_1\J2_0p30\sweep_D7_chi91_best.pt
True,True,False,,legacy:s001:right:insurance1:f843e16a241a,plaquette,0.31,7,91,legacy:s001:right:insurance1,-0.4222890696133,True,-0.4222206393717,-6.843024159997046e-05,0.25219938527819996,1.6979020587981968e-06,0.2890064128838,0.1273571310696104,-0.9921382635996008,0.42354883535032506,-0.40734018941135,1.667358349999315e-06,-0.40634882686765,4.638064150019883e-06,-0.15514080413315,3.206049499909769e-07,D:\HyraiOn\ENS_Lyon\Internship\2026-EPFL\data\distinVBCsJ2Continuation\Results_Izar_J2_sequences\s001_J2_0p28_D_7_plaquette\right\insurance_1\J2_0p31\D_7_chi_91_energy_magnetization_correlation.txt,D:\HyraiOn\ENS_Lyon\Internship\2026-EPFL\data\distinVBCsJ2Continuation\Results_Izar_J2_sequences\s001_J2_0p28_D_7_plaquette\right\insurance_1\J2_0p31\sweep_D7_chi91_best.pt
True,True,False,,legacy:s001:right:insurance1:d88aa65fdc51,plaquette,0.32,7,91,legacy:s001:right:insurance1,-0.4203523477597,True,-0.4203108986799,-4.1449079799971145e-05,0.2663383648648999,1.4998721502045413e-06,0.26733007728625,0.003709692644453919,-0.9851552585302326,0.06787746210302764,-0.40958882130955,1.4088330499983928e-06,-0.4076119592246,4.8004590000039205e-06,-0.14325045644465004,5.145929500016688e-07,D:\HyraiOn\ENS_Lyon\Internship\2026-EPFL\data\distinVBCsJ2Continuation\Results_Izar_J2_sequences\s001_J2_0p28_D_7_plaquette\right\insurance_1\J2_0p32\D_7_chi_91_energy_magnetization_correlation.txt,D:\HyraiOn\ENS_Lyon\Internship\2026-EPFL\data\distinVBCsJ2Continuation\Results_Izar_J2_sequences\s001_J2_0p28_D_7_plaquette\right\insurance_1\J2_0p32\sweep_D7_chi91_best.pt
True,True,False,,original_2c3:symmetry_restored:dc98440f817b,plaquette,0.26,8,0,original_2c3:symmetry_restored,-0.4343870123737,True,-0.4343870123737,0.0,0.00318330461709998,6.978928978051355e-06,0.00318330461709998,0.0,-0.3896712994843683,0.0,-0.3393040874213,6.517603100025805e-06,-0.33833265633615,2.9762857499948674e-06,-0.33612078280420005,2.495255399997953e-06,D:\HyraiOn\ENS_Lyon\Internship\2026-EPFL\data\0713summary\J2_0p26\2tensor_twoC3\D_8\energy_magnetization_correlation.txt,D:\HyraiOn\ENS_Lyon\Internship\2026-EPFL\data\0713summary\J2_0p26\2tensor_twoC3\D_8\tensor_best.pt
True,True,False,,original_2c3:symmetry_restored:57adc8daac3a,plaquette,0.265,8,0,original_2c3:symmetry_restored,-0.4330308105537,True,-0.4330308105537,0.0,0.010122164664600086,1.2661630546015344e-05,0.010122164664600086,0.0,-0.2424960982490575,0.0,-0.34138744342815003,4.074102949974678e-06,-0.33755365381435,1.1797149350012415e-05,-0.33126527876354994,1.198826815002052e-05,D:\HyraiOn\ENS_Lyon\Internship\2026-EPFL\data\0713summary\J2_0p265\2tensor_twoC3\D_8\energy_magnetization_correlation.txt,D:\HyraiOn\ENS_Lyon\Internship\2026-EPFL\data\0713summary\J2_0p265\2tensor_twoC3\D_8\tensor_best.pt
True,True,False,,original_2c3:symmetry_restored:8aaa203c1b0f,plaquette,0.27,8,0,original_2c3:symmetry_restored,-0.4316550562418,True,-0.4316550562418,0.0,0.007716971509599935,1.261801329772833e-05,0.007716971509599935,0.0,-0.532284936258999,0.0,-0.33861760127485,1.2362958049988439e-05,-0.3368129293641,3.101697199997533e-06,-0.3309006297652501,2.5241885499849293e-06,D:\HyraiOn\ENS_Lyon\Internship\2026-EPFL\data\0713summary\J2_0p27\2tensor_twoC3\D_8\energy_magnetization_correlation.txt,D:\HyraiOn\ENS_Lyon\Internship\2026-EPFL\data\0713summary\J2_0p27\2tensor_twoC3\D_8\tensor_best.pt
True,True,False,,original_2c3:symmetry_restored:eb2606dbad80,plaquette,0.275,8,0,original_2c3:symmetry_restored,-0.4303882490411,True,-0.4303882490411,0.0,0.013685008532400067,9.767241872269607e-06,0.013685008532400067,0.0,-0.845317832094278,0.0,-0.3390522824381,6.932105000023726e-07,-0.3379938690443,7.001952500002018e-06,-0.3253672739056999,9.74261119998654e-06,D:\HyraiOn\ENS_Lyon\Internship\2026-EPFL\data\0713summary\J2_0p275\2tensor_twoC3\D_8\energy_magnetization_correlation.txt,D:\HyraiOn\ENS_Lyon\Internship\2026-EPFL\data\0713summary\J2_0p275\2tensor_twoC3\D_8\tensor_best.pt
True,True,False,,original_2c3:af6b612c4a1c,plaquette,0.28,8,0,original_2c3,-0.4291893313359,True,-0.4291893313359,0.0,0.19287477053204996,3.047945184143473e-06,0.19287477053204996,0.0,-0.8505366972757613,0.0,-0.40008061361209996,2.9580007999963076e-06,-0.38566676350415,2.4432174999811096e-07,-0.20720584308005,7.34983750000362e-07,D:\HyraiOn\ENS_Lyon\Internship\2026-EPFL\data\0713summary\J2_0p28\2tensor_twoC3\D_8\energy_magnetization_correlation.txt,D:\HyraiOn\ENS_Lyon\Internship\2026-EPFL\data\0713summary\J2_0p28\2tensor_twoC3\D_8\tensor_best.pt
True,True,False,,catalog:izar_replica1_small_h:plaquette:0fdec6f767f5,plaquette,0.29,8,104,catalog:izar_replica1_small_h:plaquette,-0.4268662207217,True,-0.4268483479623,-1.7872759400017202e-05,0.20753218614054997,2.4168278713586095e-06,0.21976394898254994,0.055658641458846476,-0.941769276384842,0.03482469635231379,-0.39937667921479997,2.353252099990266e-06,-0.3933343045286,5.549069099997083e-06,-0.19184449307425,5.506918500097768e-07,D:\HyraiOn\ENS_Lyon\Internship\2026-EPFL\data\distinVBCsSmallH\Results_Izar_replica1\J2_0.29\D_8\orientation_2\plaquette\replica_1\h_0\D_8_chi_104_energy_magnetization_correlation.txt,D:\HyraiOn\ENS_Lyon\Internship\2026-EPFL\data\distinVBCsSmallH\Results_Izar_replica1\J2_0.29\D_8\orientation_2\plaquette\replica_1\h_0\sweep_D8_chi104_best.pt
True,True,False,,legacy:s003:right:insurance2:a2437ba575fe,plaquette,0.3,8,104,legacy:s003:right:insurance2,-0.4246805363005,True,-0.4246130246619,-6.751163860002629e-05,0.2218890850724,1.6699822308078753e-06,0.22733669968019998,0.023962759270558978,-0.951343939340787,0.21444100437082012,-0.40119481336959995,1.2134749000081158e-06,-0.39579668897814996,2.568920650009021e-06,-0.17930572829719996,1.1473096000053085e-06,D:\HyraiOn\ENS_Lyon\Internship\2026-EPFL\data\distinVBCsJ2Continuation\Results_Izar_J2_sequences\s003_J2_0p28_D_8_plaquette\right\insurance_2\J2_0p30\D_8_chi_104_energy_magnetization_correlation.txt,D:\HyraiOn\ENS_Lyon\Internship\2026-EPFL\data\distinVBCsJ2Continuation\Results_Izar_J2_sequences\s003_J2_0p28_D_8_plaquette\right\insurance_2\J2_0p30\sweep_D8_chi104_best.pt
True,True,False,,legacy:s003:right:insurance2:d7bfd9c8bbad,plaquette,0.31,8,104,legacy:s003:right:insurance2,-0.4226353029482,True,-0.4225934640509,-4.183889730002832e-05,0.23520374732465002,2.2080944170065654e-06,0.23818076860754997,0.01249899939572864,-0.9528667997763737,0.0687243461835645,-0.4028646933956,1.7021064999955815e-06,-0.3973217407376,1.9643904000110624e-06,-0.16766094607094997,1.4065967499921062e-06,D:\HyraiOn\ENS_Lyon\Internship\2026-EPFL\data\distinVBCsJ2Continuation\Results_Izar_J2_sequences\s003_J2_0p28_D_8_plaquette\right\insurance_2\J2_0p31\D_8_chi_104_energy_magnetization_correlation.txt,D:\HyraiOn\ENS_Lyon\Internship\2026-EPFL\data\distinVBCsJ2Continuation\Results_Izar_J2_sequences\s003_J2_0p28_D_8_plaquette\right\insurance_2\J2_0p31\sweep_D8_chi104_best.pt
True,True,False,,catalog:izar_replica1_small_h:dimer-plaquette:e33ead20812b,plaquette,0.32,8,104,catalog:izar_replica1_small_h:dimer-plaquette,-0.4207345061122,True,-0.4207280842888,-6.4218233999935315e-06,0.2537021983635499,3.6238621796539864e-06,0.25092832021520006,0.011054464262825808,-0.8852964047737601,-0.01717383410519719,-0.40902900572849993,2.6700985999994487e-06,-0.39447872859395,2.590458499929227e-07,-0.15532680736495,2.4500919499903517e-06,D:\HyraiOn\ENS_Lyon\Internship\2026-EPFL\data\distinVBCsSmallH\Results_Izar_replica1\J2_0.32\D_8\orientation_0\dimer-plaquette\replica_1\h_0\D_8_chi_104_energy_magnetization_correlation.txt,D:\HyraiOn\ENS_Lyon\Internship\2026-EPFL\data\distinVBCsSmallH\Results_Izar_replica1\J2_0.32\D_8\orientation_0\dimer-plaquette\replica_1\h_0\sweep_D8_chi104_best.pt
True,True,False,,original_2c3:symmetry_restored:becc439d4f6e,plaquette,0.26,9,0,original_2c3:symmetry_restored,-0.4346062193824,True,-0.4346062193824,0.0,0.0024443624944001097,2.6862964113233356e-07,0.0024443624944001097,0.0,-0.11413204970174962,0.0,-0.33849952883250006,1.3409130000807679e-07,-0.33741683763615,6.493704049981286e-06,-0.33605516633809995,2.327689999914728e-07,D:\HyraiOn\ENS_Lyon\Internship\2026-EPFL\data\0713summary\J2_0p26\2tensor_twoC3\D_9\energy_magnetization_correlation.txt,D:\HyraiOn\ENS_Lyon\Internship\2026-EPFL\data\0713summary\J2_0p26\2tensor_twoC3\D_9\tensor_best.pt
True,True,False,,original_2c3:symmetry_restored:53b3b5b7d227,plaquette,0.265,9,0,original_2c3:symmetry_restored,-0.4332520538593,True,-0.4332520538593,0.0,0.005276996820050006,2.7086751862271726e-05,0.005276996820050006,0.0,0.4810234965663496,0.0,-0.33916005971045,1.5916496249990253e-05,-0.33525238156955,1.4824237500044024e-06,-0.3338830628904,2.19170543999947e-05,D:\HyraiOn\ENS_Lyon\Internship\2026-EPFL\data\0713summary\J2_0p265\2tensor_twoC3\D_9\energy_magnetization_correlation.txt,D:\HyraiOn\ENS_Lyon\Internship\2026-EPFL\data\0713summary\J2_0p265\2tensor_twoC3\D_9\tensor_best.pt
True,True,False,,original_2c3:symmetry_restored:b9d3f9377ffc,plaquette,0.27,9,0,original_2c3:symmetry_restored,-0.4319224900806,True,-0.4319224900806,0.0,0.01607055140720004,1.2474643750003887e-05,0.01607055140720004,0.0,0.4825093568056389,0.0,-0.34412055860070007,5.546849200011028e-06,-0.3322081871856,5.783502400019679e-06,-0.3280500071935,1.1173593899987955e-05,D:\HyraiOn\ENS_Lyon\Internship\2026-EPFL\data\0713summary\J2_0p27\2tensor_twoC3\D_9\energy_magnetization_correlation.txt,D:\HyraiOn\ENS_Lyon\Internship\2026-EPFL\data\0713summary\J2_0p27\2tensor_twoC3\D_9\tensor_best.pt
True,True,False,,original_2c3:symmetry_restored:e9702359890b,plaquette,0.275,9,0,original_2c3:symmetry_restored,-0.4306492031144,True,-0.4306492031144,0.0,0.03754181505705001,1.2788949382317885e-06,0.03754181505705001,0.0,-0.3034868289355759,0.0,-0.35026724528354997,1.27888694997913e-06,-0.33719306095709994,5.668797300018014e-06,-0.31272543022649996,4.5201999920863045e-09,D:\HyraiOn\ENS_Lyon\Internship\2026-EPFL\data\0713summary\J2_0p275\2tensor_twoC3\D_9\energy_magnetization_correlation.txt,D:\HyraiOn\ENS_Lyon\Internship\2026-EPFL\data\0713summary\J2_0p275\2tensor_twoC3\D_9\tensor_best.pt
True,True,False,,original_2c3:c8fe6a2c785e,plaquette,0.28,9,0,original_2c3,-0.4294108101266,True,-0.4294108101266,0.0,0.10589849796614997,2.129979555265584e-06,0.10589849796614997,0.0,-0.6771749109224618,0.0,-0.37271205817709996,1.9761615999980275e-06,-0.35561871215755003,5.498693550015642e-06,-0.26681356021095,7.947315499856612e-07,D:\HyraiOn\ENS_Lyon\Internship\2026-EPFL\data\0713summary\J2_0p28\2tensor_twoC3\D_9\energy_magnetization_correlation.txt,D:\HyraiOn\ENS_Lyon\Internship\2026-EPFL\data\0713summary\J2_0p28\2tensor_twoC3\D_9\tensor_best.pt
True,True,False,,legacy:s005:left:insurance2:8bbd514a1208,plaquette,0.29,9,108,legacy:s005:left:insurance2,-0.4270670811143,True,-0.4270572980804,-9.783033899979365e-06,0.16171302281775,5.507893340380243e-06,0.17369976289764996,0.069008384812609,-0.9153446986893052,0.04414099944730487,-0.3847004801843,3.3566673000029468e-06,-0.37785554784805003,1.1441969949982367e-05,-0.22298745736654998,4.366883750009376e-06,D:\HyraiOn\ENS_Lyon\Internship\2026-EPFL\data\distinVBCsJ2Continuation\Results_Izar_J2_sequences\s005_J2_0p3_D_9_plaquette\left\insurance_2\J2_0p29\D_9_chi_108_energy_magnetization_correlation.txt,D:\HyraiOn\ENS_Lyon\Internship\2026-EPFL\data\distinVBCsJ2Continuation\Results_Izar_J2_sequences\s005_J2_0p3_D_9_plaquette\left\insurance_2\J2_0p29\sweep_D9_chi108_best.pt
True,True,False,,catalog:izar_replica1:plaquette:4d2b37f16198,plaquette,0.3,9,108,catalog:izar_replica1:plaquette,-0.4248737910839,True,-0.4248712511494,-2.5399345000010065e-06,0.19037114463125,2.030844028642872e-05,0.18628662899459994,0.021925973209641635,-0.9804372820491597,-0.015123858381554223,-0.38954709376795,2.0216547750001587e-05,-0.3876850052637501,2.912404549998415e-06,-0.1991759491367,1.929752299997811e-06,D:\HyraiOn\ENS_Lyon\Internship\2026-EPFL\data\distinVBCs\Results_Izar_replica1\J2_0.30\D_9\orientation_0\plaquette\replica_1\h_0p0\D_9_chi_108_energy_magnetization_correlation.txt,D:\HyraiOn\ENS_Lyon\Internship\2026-EPFL\data\distinVBCs\Results_Izar_replica1\J2_0.30\D_9\orientation_0\plaquette\replica_1\h_0p0\sweep_D9_chi108_best.pt
True,True,False,,catalog:izar_replica1:dimer-plaquette:6e6c1300bd94,plaquette,0.31,9,108,catalog:izar_replica1:dimer-plaquette,-0.4227968957218,True,-0.422819428413,2.2532691200005672e-05,0.2142262221166,6.858809062992063e-06,0.23034873012145005,0.06999173816304324,-0.9335319499988667,0.0664913042976159,-0.39631669557415,2.0931194499862467e-06,-0.38919709595255,1.0254882549992628e-05,-0.18209047345755,6.531624050010176e-06,D:\HyraiOn\ENS_Lyon\Internship\2026-EPFL\data\distinVBCs\Results_Izar_replica1\J2_0.31\D_9\orientation_2\dimer-plaquette\replica_1\h_0p0\D_9_chi_108_energy_magnetization_correlation.txt,D:\HyraiOn\ENS_Lyon\Internship\2026-EPFL\data\distinVBCs\Results_Izar_replica1\J2_0.31\D_9\orientation_2\dimer-plaquette\replica_1\h_0p0\sweep_D9_chi108_best.pt
True,True,False,,original_2c3:000afab80dd8,plaquette,0.32,9,0,original_2c3,-0.4209327748874,True,-0.4209327748874,0.0,0.23613894093274998,3.7511664996831985e-06,0.23613894093274998,0.0,-0.7786074571496078,0.0,-0.4069294340482,3.69670319999571e-06,-0.38078973374864994,8.227809499827821e-07,-0.17079049311545,6.368952500113156e-07,D:\HyraiOn\ENS_Lyon\Internship\2026-EPFL\data\0713summary\J2_0p32\2tensor_twoC3\D_9\energy_magnetization_correlation.txt,D:\HyraiOn\ENS_Lyon\Internship\2026-EPFL\data\0713summary\J2_0p32\2tensor_twoC3\D_9\tensor_best.pt
True,True,False,,original_2c3:symmetry_restored:6304fed04cf7,plaquette,0.26,10,0,original_2c3:symmetry_restored,-0.4346810460999,True,-0.4346810460999,0.0,0.0013430109016500102,1.6419656399002836e-05,0.0013430109016500102,0.0,0.9377630985739243,0.0,-0.33810357039,1.1924817000019681e-05,-0.33680235190690005,6.981621999968546e-07,-0.33676055948835,1.1287331650011723e-05,D:\HyraiOn\ENS_Lyon\Internship\2026-EPFL\data\0713summary\J2_0p26\2tensor_twoC3\D_10\energy_magnetization_correlation.txt,D:\HyraiOn\ENS_Lyon\Internship\2026-EPFL\data\0713summary\J2_0p26\2tensor_twoC3\D_10\tensor_best.pt
True,True,False,,original_2c3:symmetry_restored:466cf0a8a7bb,plaquette,0.265,10,0,original_2c3:symmetry_restored,-0.4333419227966,True,-0.4333419227966,0.0,0.003704748007200054,1.1613896709056442e-05,0.003704748007200054,0.0,0.011336231996985857,0.0,-0.33781682969845006,9.650152950013702e-06,-0.33594345675340004,1.2757677000097e-06,-0.33411208169125,6.461976850002937e-06,D:\HyraiOn\ENS_Lyon\Internship\2026-EPFL\data\0713summary\J2_0p265\2tensor_twoC3\D_10\energy_magnetization_correlation.txt,D:\HyraiOn\ENS_Lyon\Internship\2026-EPFL\data\0713summary\J2_0p265\2tensor_twoC3\D_10\tensor_best.pt
True,True,False,,original_2c3:symmetry_restored:ff44b11387c7,plaquette,0.27,10,0,original_2c3:symmetry_restored,-0.4320399938912,True,-0.4320399938912,0.0,0.005405208556650054,2.2803523200302454e-05,0.005405208556650054,0.0,0.21653573489037958,0.0,-0.3375670253172,5.518173199992038e-06,-0.33427921063535,1.2115468500106807e-06,-0.33216181676054995,2.2125786650006862e-05,D:\HyraiOn\ENS_Lyon\Internship\2026-EPFL\data\0713summary\J2_0p27\2tensor_twoC3\D_10\energy_magnetization_correlation.txt,D:\HyraiOn\ENS_Lyon\Internship\2026-EPFL\data\0713summary\J2_0p27\2tensor_twoC3\D_10\tensor_best.pt
True,True,False,,original_2c3:symmetry_restored:e13448690f18,plaquette,0.275,10,0,original_2c3:symmetry_restored,-0.4307514424297,True,-0.4307514424297,0.0,0.04003511143390004,9.025969649178702e-06,0.04003511143390004,0.0,0.24102576224702132,0.09294946890681224,-0.35488708585145007,4.0529876499939554e-06,-0.33004478350949995,8.70870039998417e-06,-0.31485197441755003,8.064826050008245e-06,D:\HyraiOn\ENS_Lyon\Internship\2026-EPFL\data\0713summary\J2_0p275\2tensor_twoC3\D_10\energy_magnetization_correlation.txt,D:\HyraiOn\ENS_Lyon\Internship\2026-EPFL\data\0713summary\J2_0p275\2tensor_twoC3\D_10\tensor_best.pt
True,True,False,,original_2c3:62af02b6905c,plaquette,0.28,10,0,original_2c3,-0.4295193839466,True,-0.4295193839466,0.0,0.09583276390064999,1.5984564287776646e-05,0.09583276390064999,0.0,-0.7008953377582207,0.0,-0.36840765220485,1.5830081450007864e-05,-0.35407563896574995,1.7684641449994265e-05,-0.2725748883042,2.2169386000026048e-06,D:\HyraiOn\ENS_Lyon\Internship\2026-EPFL\data\0713summary\J2_0p28\2tensor_twoC3\D_10\energy_magnetization_correlation.txt,D:\HyraiOn\ENS_Lyon\Internship\2026-EPFL\data\0713summary\J2_0p28\2tensor_twoC3\D_10\tensor_best.pt
True,True,False,,sep27_seed:a01:fb51d20cd4f5,plaquette,0.29,10,120,sep27_seed:a01,-0.4271813261246,True,-0.4271813261246,0.0,0.15746218474085005,2.443928281640014e-05,0.15746218474085005,0.0,-0.8608135709029422,-0.024,-0.38468846503630005,2.4414357299995526e-05,-0.37373016543035,6.934409950004605e-06,-0.22722628029545,1.1034954499888894e-06,D:\HyraiOn\ENS_Lyon\Internship\2026-EPFL\data\external\Working_AD_Honeycomb_Sep27\seeds\a01\observation.txt,D:\HyraiOn\ENS_Lyon\Internship\2026-EPFL\data\external\Working_AD_Honeycomb_Sep27\seeds\a01\tensor_best.pt
True,True,False,,sep27:a01:right:insurance0:49750dd0dd48,plaquette,0.3,10,120,sep27:a01:right:insurance0,-0.4250172218011,True,-0.425007050824,-1.0170977100043554e-05,0.1803348900539,7.244344134554739e-05,0.19488318441555,0.07465135796749212,-0.8089270861861445,0.052504601912280825,-0.3914224839137,7.179013930000422e-05,-0.37419392746125,2.1287357950011687e-05,-0.2110875938598,9.707115599999483e-06,D:\HyraiOn\ENS_Lyon\Internship\2026-EPFL\data\external\Working_AD_Honeycomb_Sep27\Results_Sep27\a01\right\J2_0p30\D_10_chi_120_energy_magnetization_correlation.txt,D:\HyraiOn\ENS_Lyon\Internship\2026-EPFL\data\external\Working_AD_Honeycomb_Sep27\Results_Sep27\a01\right\J2_0p30\sweep_D10_chi120_best.pt
True,True,False,,sep27:a01:right:insurance0:6e5ca71837a2,plaquette,0.31,10,120,sep27:a01:right:insurance0,-0.4229910521499,True,-0.4229589784093,-3.2073740599991574e-05,0.18953342017659994,0.00011575871417957342,0.22488914269584995,0.15721400373279318,-0.8796910831596173,0.3438041518158696,-0.38962097823555,0.00011368237184999908,-0.37821969799230004,2.706517129999475e-05,-0.20008755805895004,2.1826548949999136e-05,D:\HyraiOn\ENS_Lyon\Internship\2026-EPFL\data\external\Working_AD_Honeycomb_Sep27\Results_Sep27\a01\right\J2_0p31\D_10_chi_120_energy_magnetization_correlation.txt,D:\HyraiOn\ENS_Lyon\Internship\2026-EPFL\data\external\Working_AD_Honeycomb_Sep27\Results_Sep27\a01\right\J2_0p31\sweep_D10_chi120_best.pt
True,True,False,,original_2c3:245d32ee40ea,plaquette,0.32,10,0,original_2c3,-0.4210683557824,True,-0.4210683557824,0.0,0.23507323869515,5.477100411940528e-06,0.23507323869515,0.0,-0.5815448340605623,0.0,-0.4141941795155,5.2860189999892615e-06,-0.36501037396245,9.126209500054383e-07,-0.17912094082035002,1.4340962499886922e-06,D:\HyraiOn\ENS_Lyon\Internship\2026-EPFL\data\0713summary\J2_0p32\2tensor_twoC3\D_10\energy_magnetization_correlation.txt,D:\HyraiOn\ENS_Lyon\Internship\2026-EPFL\data\0713summary\J2_0p32\2tensor_twoC3\D_10\tensor_best.pt
True,True,False,,sep27:a03:left:insurance0:0b04ed8d67fc,plaquette,0.26,11,140,sep27:a03:left:insurance0,-0.434699069093,False,nan,nan,0.07046409256449992,7.031388581462161e-05,nan,nan,-0.8859182489430113,-0.028,-0.3616045891967499,6.564380904999778e-05,-0.35758525566355,4.040952850004054e-06,-0.29114049663225,2.5197874350013635e-05,D:\HyraiOn\ENS_Lyon\Internship\2026-EPFL\data\external\Working_AD_Honeycomb_Sep27\Results_Sep27\a03\left\J2_0p26\D_11_chi_140_energy_magnetization_correlation.txt,D:\HyraiOn\ENS_Lyon\Internship\2026-EPFL\data\external\Working_AD_Honeycomb_Sep27\Results_Sep27\a03\left\J2_0p26\sweep_D11_chi140_best.pt
True,True,False,,sep27:a03:left:insurance0:52edd7e90f4e,plaquette,0.265,11,140,sep27:a03:left:insurance0,-0.4333249870471,False,nan,nan,0.08703074868499994,1.875212541829941e-05,nan,nan,-0.963368677638993,-0.028,-0.3648987763419,1.6031169399993717e-05,-0.3633047506367,3.1996083000029873e-06,-0.27786802765690005,9.728505300010683e-06,D:\HyraiOn\ENS_Lyon\Internship\2026-EPFL\data\external\Working_AD_Honeycomb_Sep27\Results_Sep27\a03\left\J2_0p265\D_11_chi_140_energy_magnetization_correlation.txt,D:\HyraiOn\ENS_Lyon\Internship\2026-EPFL\data\external\Working_AD_Honeycomb_Sep27\Results_Sep27\a03\left\J2_0p265\sweep_D11_chi140_best.pt
True,True,False,,sep27:a03:left:insurance0:bb09fbe5fdb4,plaquette,0.27,11,140,sep27:a03:left:insurance0,-0.4320194058459,False,nan,nan,0.09983283542084997,1.4035908788425468e-05,nan,nan,-0.9728629011018337,-0.028,-0.36794586872025,3.487542650004727e-06,-0.3665912819562,1.3911510200026456e-05,-0.2681130332994,1.3595726599979763e-05,D:\HyraiOn\ENS_Lyon\Internship\2026-EPFL\data\external\Working_AD_Honeycomb_Sep27\Results_Sep27\a03\left\J2_0p27\D_11_chi_140_energy_magnetization_correlation.txt,D:\HyraiOn\ENS_Lyon\Internship\2026-EPFL\data\external\Working_AD_Honeycomb_Sep27\Results_Sep27\a03\left\J2_0p27\sweep_D11_chi140_best.pt
True,True,False,,original_2c3:symmetry_restored:762658141a7f,plaquette,0.275,11,0,original_2c3:symmetry_restored,-0.4308055188782,True,-0.4308055188782,0.0,0.05654529697265004,2.93313105549431e-05,0.05654529697265004,0.0,0.4048756677964471,0.26227889019779044,-0.36519463529210006,1.0013046500001455e-05,-0.3254750793695,1.7265328299986837e-05,-0.30864933831945,2.7569270550004132e-05,D:\HyraiOn\ENS_Lyon\Internship\2026-EPFL\data\0713summary\J2_0p275\2tensor_twoC3\D_11\energy_magnetization_correlation.txt,D:\HyraiOn\ENS_Lyon\Internship\2026-EPFL\data\0713summary\J2_0p275\2tensor_twoC3\D_11\tensor_best.pt
True,True,False,,original_2c3:3a0408712ac7,plaquette,0.28,11,0,original_2c3,-0.4296290863775,True,-0.4296290863775,0.0,0.07302863472490007,6.323581394565213e-05,0.07302863472490007,0.0,-0.38124345102684776,0.0,-0.3636723918699,6.244192579998864e-05,-0.3410789188706,1.9752078100010454e-05,-0.29064375714499996,9.988697000001823e-06,D:\HyraiOn\ENS_Lyon\Internship\2026-EPFL\data\0713summary\J2_0p28\2tensor_twoC3\D_11\energy_magnetization_correlation.txt,D:\HyraiOn\ENS_Lyon\Internship\2026-EPFL\data\0713summary\J2_0p28\2tensor_twoC3\D_11\tensor_best.pt
True,True,False,,sep27:a03:left:insurance0:e6e18195ae36,plaquette,0.29,11,140,sep27:a03:left:insurance0,-0.4272081308145,True,-0.4272115104186,3.379604100017808e-06,0.17370427465195007,2.950016094077956e-05,0.17097715429395002,0.015950203226049037,-0.8682362822638623,-0.024172478824568147,-0.38991672831655005,2.944466894999609e-05,-0.37847276780915,1.3404858499876937e-06,-0.21621245366459999,1.808581200010706e-06,D:\HyraiOn\ENS_Lyon\Internship\2026-EPFL\data\external\Working_AD_Honeycomb_Sep27\Results_Sep27\a03\left\J2_0p29\D_11_chi_140_energy_magnetization_correlation.txt,D:\HyraiOn\ENS_Lyon\Internship\2026-EPFL\data\external\Working_AD_Honeycomb_Sep27\Results_Sep27\a03\left\J2_0p29\sweep_D11_chi140_best.pt
True,True,False,,sep27_seed:a03:b9becdf1eede,plaquette,0.3,11,140,sep27_seed:a03,-0.4250323912486,True,-0.4250380256901,5.6344415000353365e-06,0.1886043661748,2.7819408257074962e-05,0.18454616231874998,0.021990182862977384,-0.8891848054989914,-0.020222981227090018,-0.39166156311425,2.7742517349993442e-05,-0.38121144835355003,4.1337324999113356e-07,-0.20305719693944999,2.0669317499916184e-06,D:\HyraiOn\ENS_Lyon\Internship\2026-EPFL\data\external\Working_AD_Honeycomb_Sep27\seeds\a03\observation.txt,D:\HyraiOn\ENS_Lyon\Internship\2026-EPFL\data\external\Working_AD_Honeycomb_Sep27\seeds\a03\tensor_best.pt
True,True,False,,sep27:a03:right:insurance0:abd2d3c91950,plaquette,0.31,11,140,sep27:a03:right:insurance0,-0.423020486929,True,-0.4230447218773,2.4234948300005943e-05,0.2026840222124,5.283478153378324e-05,0.21601437556625006,0.06171049180827193,-0.9122720754556242,0.05011140138519865,-0.39284030151320004,5.2790560899990124e-05,-0.3839497772097,1.1085572999836035e-06,-0.19015627930080004,2.1612079000032924e-06,D:\HyraiOn\ENS_Lyon\Internship\2026-EPFL\data\external\Working_AD_Honeycomb_Sep27\Results_Sep27\a03\right\J2_0p31\D_11_chi_140_energy_magnetization_correlation.txt,D:\HyraiOn\ENS_Lyon\Internship\2026-EPFL\data\external\Working_AD_Honeycomb_Sep27\Results_Sep27\a03\right\J2_0p31\sweep_D11_chi140_best.pt
True,True,False,,original_2c3:681314fc51f4,plaquette,0.32,11,0,original_2c3,-0.4211057865373,True,-0.4211057865373,0.0,0.23489032479299995,4.1284238696466345e-06,0.23489032479299995,0.0,-0.5734714060658245,0.0,-0.41423770971505,3.5368571500160595e-06,-0.36414398973369994,9.981220200017129e-06,-0.17934738492205002,2.129442449996799e-06,D:\HyraiOn\ENS_Lyon\Internship\2026-EPFL\data\0713summary\J2_0p32\2tensor_twoC3\D_11\energy_magnetization_correlation.txt,D:\HyraiOn\ENS_Lyon\Internship\2026-EPFL\data\0713summary\J2_0p32\2tensor_twoC3\D_11\tensor_best.pt
