J2,h_c,E_crossing,E_crossing_error_low,E_crossing_error_high,h_c_sigma
0.26,-6.873297202898339e-05,-0.43457246912837333,6.968863243658588e-05,6.968863243658588e-05,0.0003414406735555687
0.265,-0.0001223253511579959,-0.4333929621680933,0.00012158940067189894,0.00012158940067189894,0.0001958660690181154
0.27,-3.3252406246584515e-05,-0.43256252374023263,0.0003599885184267802,0.0003599885184267802,0.0002670199309876231
0.275,-0.00021596254231123863,-0.4310731384454849,0.0002428216731919949,0.0002428216731919949,0.0001631341885286085
0.28,-9.930544203651569e-05,-0.42984038244465217,6.423999829707325e-05,6.423999829707325e-05,0.00025760208032842333
0.29,0.0002215744062358023,-0.4275730940367405,0.00023718473351647907,0.00023718473351647907,0.0004549511136887417
0.3,-3.565700552191181e-05,-0.4254089643775605,0.0002276846585307115,0.0002276846585307115,0.00018947337520303035
0.31,-2.920502002282872e-05,-0.4233431814883294,0.00010401339039760757,0.00010401339039760757,7.684730612948353e-05
0.32,0.000488011056294011,-0.42176662712366153,0.0002406349290740082,0.0002406349290740082,0.0007892824952965478
0.33,0.0001127553844066025,-0.41956341019101934,8.416723922420727e-05,8.416723922420727e-05,8.559142228438692e-05
0.34,0.00010575002702725695,-0.4179127120908308,8.418618407748105e-05,8.418618407748105e-05,9.965877866550734e-05
