J2,D,branch,E0,E1,E2,cov00,cov01,cov02,cov11,cov12,cov22,h_max,n_h,h_values,E_values,h_fit_rms,h0_excluded,h0_residual,h0_threshold,n_raw
0.26,6,dimer-plaquette,-0.43360013097698286,0.19878938906678678,-3.517535775678176,4.663317645641846e-14,3.4298742261881425e-11,5.1222733366013414e-09,4.2904161467237145e-08,7.70389909824777e-06,0.0015161929076339933,0.005,5,-0.005 -0.003 -0.002 -0.001 0,-0.4346819633782 -0.4342283429485 -0.4340117513363 -0.4338022017712 -0.4336002626257,1.4919568027102747e-07,False,8.126316274892353e-07,0.0003,5
0.26,7,dimer-plaquette,-0.43387344057483845,0.17814399396959188,-4.082898658767191,1.320828403087823e-10,9.714704511287474e-08,1.4508220596307415e-05,0.00012152085571481731,0.021820363776847394,4.2944332965069885,0.005,5,-0.005 -0.003 -0.002 -0.001 0,-0.4348634356008 -0.4344543740103 -0.4342447681641 -0.434042972409 -0.43388046967135,7.940209280825863e-06,False,4.3388695739055017e-05,0.0003,6
0.26,8,dimer-plaquette,-0.4341637749749513,0.15709560989779187,-5.887640029946504,3.6870969398220316e-11,2.7118630392187773e-08,4.049974670279045e-06,3.392258783855699e-05,0.006091161904099034,1.1987925024025938,0.005,5,-0.005 -0.003 -0.002 -0.001 0,-0.4350975168359 -0.4346852697151 -0.4344991311972 -0.4343345078361 -0.4341601189605,4.195184135072561e-06,False,2.2567580112708985e-05,0.0003,7
0.26,9,dimer-plaquette,-0.4345735649273384,0.07781520896846597,-13.653683637312474,1.554839393555049e-10,1.1435857402509482e-07,1.7078640087379762e-05,0.00014305068937077597,0.02568627469141759,5.0552774658644015,0.005,5,-0.005 -0.003 -0.002 -0.001 0,-0.4353010216927 -0.4349399721478 -0.4347831884615 -0.4346508485862 -0.434581254709,8.614925325486989e-06,False,4.7466924984584935e-05,0.0003,9
0.26,6,plaquette,-0.43362035671336685,-0.17213927105727064,-5.512144877821759,4.6465133331587466e-12,-3.4175146395904196e-09,5.103815172626045e-07,4.2749555885950195e-06,-0.0007676138019629779,0.15107292910973089,0.005,5,0 0.001 0.002 0.003 0.005,-0.4336216533534 -0.4337957386403 -0.4339862526055 -0.4341883280526 -0.4346183165469,1.4892662359082648e-06,False,8.00380529453193e-06,0.0003,5
0.26,7,plaquette,-0.4340421715766979,-0.1743578184742191,-4.216541430610565,4.6095650084793057e-14,-3.390339114320942e-11,5.063230457468486e-09,4.2409618311383034e-08,-7.615098608032472e-06,0.0014987162154106702,0.005,5,0 0.001 0.002 0.003 0.005,-0.4340422852083 -0.4342205757038 -0.4344076391755 -0.4346034215974 -0.4350193173175,1.4833332152950333e-07,False,7.014168885155492e-07,0.0003,7
0.26,8,plaquette,-0.43428691450837764,-0.15346275099338097,-5.871506653435296,1.1155067456702119e-11,-8.204561916748016e-09,1.2252929983196539e-06,1.026305415385068e-05,-0.0018428406694726068,0.36268672750261693,0.005,5,0 0.001 0.002 0.003 0.005,-0.4342889912743 -0.4344422212515 -0.4346176822461 -0.4348024751218 -0.4352002816686,2.307516685421339e-06,False,1.2819309646527888e-05,0.0003,7
0.26,9,plaquette,-0.4345522835701899,-0.06002520818578347,-17.959566607856612,1.2716035063858977e-09,-9.352654963488697e-07,0.00013967525333764266,0.0011699199219463148,-0.21007158101981102,41.3438749879422,0.005,5,0 0.001 0.002 0.003 0.005,-0.4345744423802 -0.4345867905135 -0.4347493190869 -0.4349178336813 -0.4352937325768,2.463681758880516e-05,False,0.00013678029087893506,0.0003,9
0.265,6,dimer-plaquette,-0.43227267327943214,0.20596160378858636,-3.27773918628108,2.535333281624051e-13,1.864739856519563e-10,2.7848564165466374e-08,2.3325957344751474e-07,4.188424050485885e-05,0.00824317499297803,0.005,5,-0.005 -0.003 -0.002 -0.001 0,-0.4333842914714 -0.432920588202 -0.4326974491345 -0.4324815043985 -0.4322729426607,3.4787745031469056e-07,False,1.66281709912397e-06,0.0003,5
0.265,7,dimer-plaquette,-0.43253678581372434,0.1866853957174828,-4.343949261179754,6.317101370767371e-12,4.646233609255014e-09,6.938819607609176e-07,5.811955303355571e-06,0.0010435984689844008,0.20538906038523116,0.005,5,-0.005 -0.003 -0.002 -0.001 0,-0.4335784184857 -0.433136828203 -0.4329287908073 -0.4327245915629 -0.4325382533838,1.736471551360006e-06,False,9.058909830939044e-06,0.0003,7
0.265,8,dimer-plaquette,-0.4328365705830941,0.15318284913751462,-8.236342746607164,7.557022218011784e-11,5.558196481964725e-08,8.30077132909909e-06,6.952726065233306e-05,0.01248436007896536,2.457028313413328,0.005,5,-0.005 -0.003 -0.002 -0.001 0,-0.4338089048272 -0.4333711030571 -0.4331681968292 -0.4330082317469 -0.4328326451627,6.0059830076127255e-06,False,2.423054952277459e-05,0.0003,7
0.265,9,dimer-plaquette,-0.4331976504986537,0.1340073776281953,-5.291602164507183,5.435486657148931e-10,1.5883848530507262e-07,6.589369477721364e-06,7.505407438099425e-05,0.0033782491738412047,0.1572200436789656,0.02,4,-0.02 -0.005 -0.003 0,-0.4379940533883 -0.4340130854174 -0.433628020615 -0.4332042044869,1.2108916421883173e-05,False,nan,nan,9
0.265,6,plaquette,-0.4322703039992037,-0.17612092615192246,-5.898070038721295,4.833038660766619e-12,-3.5547041819523077e-09,5.308698001720807e-07,4.446565446278195e-06,-0.0007984281794587956,0.15713746085093575,0.005,5,0 0.001 0.002 0.003 0.005,-0.4322716028274 -0.4324501109266 -0.4326455428408 -0.4328538194114 -0.433297798909,1.5188639845712953e-06,False,8.017312229380291e-06,0.0003,5
0.265,7,plaquette,-0.43269293733294245,-0.2009035173224845,6.005492681016513,6.439626629569475e-10,-4.736351044771251e-07,7.073403591354879e-05,0.0005924682848113674,-0.10638399001397084,20.937274630410407,0.005,5,0 0.001 0.002 0.003 0.005,-0.4327074355911 -0.4328641872551 -0.4330612927127 -0.4332667935366 -0.4335407020452,1.7532308075832946e-05,False,8.949379353562215e-05,0.0003,7
0.265,8,plaquette,-0.43295393965976714,-0.1575117406595184,-6.493279920739348,3.065121543607237e-11,-2.2543995887515757e-08,3.366785526809357e-06,2.820019557251867e-05,-0.005063645432321407,0.996568515935569,0.005,5,0 0.001 0.002 0.003 0.005,-0.4329573821319 -0.4331112633847 -0.4332955406885 -0.4334887641704 -0.4339026149875,3.825010220287355e-06,False,2.124944161835396e-05,0.0003,7
0.265,9,plaquette,-0.43321540500879047,-0.04841123134559655,-22.05971969166141,1.2616491183010836e-09,-7.833769035202876e-07,0.00010719894469224897,0.0009922774111177698,-0.1786649078204246,35.73298156408301,0.005,4,0 0.002 0.003 0.005,-0.4332203787617 -0.4333755975857 -0.4335840449446 -0.4340039804049,1.7933121147105063e-05,False,nan,nan,7
0.27,6,dimer-plaquette,-0.43098338414743925,0.21243274864014908,-3.490387970813075,5.350825852815893e-15,3.935537116701855e-12,5.877444917416418e-10,4.9229478628509196e-09,8.839677155792968e-07,0.0001739723695555255,0.005,5,-0.005 -0.003 -0.002 -0.001 0,-0.4321328038553 -0.4316520862141 -0.4314222775557 -0.4311992222519 -0.4309834162261,5.053812880699546e-08,False,1.9801282358233863e-07,0.0003,5
0.27,7,dimer-plaquette,-0.43126415802941515,0.17982189267261706,-7.43947395963736,1.40939941223838e-10,1.0366145061893818e-07,1.5481100749542894e-05,0.00012966969987696455,0.023283575527312105,4.582405821864691,0.005,5,-0.005 -0.003 -0.002 -0.001 0,-0.4323499085573 -0.4318719409013 -0.4316429317706 -0.4314653184137 -0.431258870808,8.2021138383476e-06,False,3.263657582536217e-05,0.0003,7
0.27,8,dimer-plaquette,-0.4315383117521757,0.18289561568259963,-5.093235238782746,2.9712642403310612e-12,2.185367459716276e-09,3.2636909493970484e-07,2.733667539232754e-06,0.0004908591187893286,0.09660525210215246,0.005,5,-0.005 -0.003 -0.002 -0.001 0,-0.4325796902002 -0.4321343814057 -0.4319241499701 -0.4317244740007 -0.431539351131,1.190911222119421e-06,False,6.415802015435901e-06,0.0003,7
0.27,9,dimer-plaquette,-0.4318915574907812,0.11950572400820138,-10.933147353966973,3.686731751839414e-11,2.711594443136692e-08,4.0495735411241486e-06,3.3919227980111574e-05,0.006090558605850614,1.1986737681727462,0.005,5,-0.005 -0.003 -0.002 -0.001 0,-0.4327608051453 -0.4323550278915 -0.4321707333144 -0.4320175163291 -0.4318946604845,4.194976374225366e-06,False,1.9153933956295166e-05,0.0003,11
0.27,6,plaquette,-0.4309118569917721,-0.18836274893294147,-6.07991744298915,4.153317008565897e-12,-3.05476830946358e-09,4.562079315208589e-07,3.821197634430408e-06,-0.0006861367290073296,0.135037547730174,0.005,5,0 0.001 0.002 0.003 0.005,-0.4309130493949 -0.4311042955945 -0.4313122843135 -0.4315336183839 -0.4320051442906,1.4080117851840026e-06,False,7.360379306597942e-06,0.0003,9
0.27,7,plaquette,-0.4314070692910957,-0.19306460706350068,-2.8698604159645233,9.317555661008027e-12,-6.853070376329921e-09,1.023457344135329e-06,8.572478714469685e-06,-0.0015392798455794749,0.30294337386405706,0.005,5,0 0.001 0.002 0.003 0.005,-0.4314088723113 -0.4315999339021 -0.4318038491298 -0.4320149672441 -0.4324433591021,2.1089182617338396e-06,False,1.1129551987287822e-05,0.0003,7
0.27,8,plaquette,-0.4316594749036431,-0.1717162798419869,-4.90522685955917,1.625458878056112e-11,-1.195526433157285e-08,1.7854337412742892e-06,1.4954793017108468e-05,-0.0026852923468766005,0.5284883874171891,0.005,5,0 0.001 0.002 0.003 0.005,-0.4316619378737 -0.4318316594007 -0.4320220455462 -0.4322222116159 -0.4326397030075,2.785458825055855e-06,False,1.5203242442030085e-05,0.0003,7
0.27,9,plaquette,-0.4318737128324819,-0.1313424779799212,-8.759118187469316,2.4778487451531145e-10,-1.8224599294315994e-07,2.721714351002984e-05,0.00022797079404059033,-0.040934583839084174,8.056274478968824,0.005,5,0 0.001 0.002 0.003 0.005,-0.4318834999111 -0.4319947692423 -0.4321732860317 -0.4323574173505 -0.4327459644939,1.0875422696943118e-05,False,6.041296710562749e-05,0.0003,9
0.275,6,dimer-plaquette,-0.4297220321108331,0.21724683359282274,-3.5190465721570816,1.372359737469294e-12,1.0093717928486627e-09,1.5074250191885965e-07,1.2626191960658203e-06,0.00022671672288594597,0.04461978056798237,0.005,5,-0.005 -0.003 -0.002 -0.001 0,-0.4308962100526 -0.4304059776868 -0.4301693249012 -0.4299439131016 -0.4297216927978,8.093618574769834e-07,False,2.0944868127092953e-06,0.0003,5
0.275,7,dimer-plaquette,-0.42997006885265227,0.24908787011944447,3.014175186549983,1.3778849682580246e-10,1.0134356049489962e-07,1.5134940336753387e-05,0.0001267702602591927,0.022762950266476706,4.479942339678998,0.005,5,-0.005 -0.003 -0.002 -0.001 0,-0.4311425029723 -0.4306833507111 -0.4304532589307 -0.4302308172526 -0.4299628281356,8.109894988678656e-06,False,4.469497162268299e-05,0.0003,7
0.275,8,dimer-plaquette,-0.43029304784809214,0.1924089494116255,-4.606164677228169,1.6624024065620837e-13,1.2226984308369553e-10,1.82601318822725e-08,1.5294686464685713e-07,2.7463238350937956e-05,0.005404999037152653,0.005,5,-0.005 -0.003 -0.002 -0.001 0,-0.4313701497928 -0.4309120603108 -0.4306962692013 -0.4304895995701 -0.4302932992314,2.816935020684768e-07,False,1.551720600956319e-06,0.0003,7
0.275,9,dimer-plaquette,-0.43061423262858195,0.14367798386248737,-8.385282889821642,1.27371215128259e-11,9.368164065233319e-09,1.3990687074720934e-06,1.171859949387489e-05,0.0021041993360378965,0.41412433741173854,0.005,5,-0.005 -0.003 -0.002 -0.001 0,-0.4315413867513 -0.4311237576728 -0.4309347377764 -0.4307623485026 -0.430616416295,2.465723621006761e-06,False,1.3479177253750141e-05,0.0003,11
0.275,6,plaquette,-0.4296110378411712,-0.21832675352866557,-2.2875206571260986,2.1748451960627075e-10,-1.599600552815892e-07,2.388889714480129e-05,0.00020009340248350465,-0.035928901305780546,7.071113554861177,0.005,5,0 0.001 0.002 0.003 0.005,-0.4296019615696 -0.4298501564472 -0.4300528779038 -0.4302782330935 -0.4307627677862,1.018879734966048e-05,False,5.6025349063404395e-05,0.0003,9
0.275,7,plaquette,-0.43014376664562826,-0.1922430575715749,-5.177122742836865,1.5502047481262192e-11,-1.1401769544654117e-08,1.7027732294883785e-06,1.4262428570205056e-05,-0.0025609709371503648,0.5040208759285594,0.005,5,0 0.001 0.002 0.003 0.005,-0.4301462118398 -0.4303365384594 -0.430549130925 -0.4307700191608 -0.4312335142634,2.7202153124458158e-06,False,1.5093516749276059e-05,0.0003,7
0.275,8,plaquette,-0.43040717500250475,-0.1779778649583985,-5.827469267503916,6.840501673462284e-12,-5.031194991817135e-09,7.513732066632561e-07,6.2935019789934495e-06,-0.0011300653028215436,0.2224064691723238,0.005,5,0 0.001 0.002 0.003 0.005,-0.4304087864439 -0.430588015845 -0.4307862887138 -0.4309956840443 -0.4314421277815,1.806977422901527e-06,False,9.946988246634092e-06,0.0003,7
0.275,9,plaquette,-0.4306205694694688,-0.13756647376689835,-9.452302271009772,1.2522998035622048e-10,-9.210676059592038e-08,1.3755489933679766e-05,0.00011521598368469566,-0.02068825686025309,4.071625020369203,0.005,5,0 0.001 0.002 0.003 0.005,-0.43062742397935 -0.4307551667407 -0.4309323630895 -0.431127769151 -0.4315419953868,7.731484789857552e-06,False,4.2311020083618534e-05,0.0003,8
0.28,6,dimer-plaquette,-0.42847999508206946,0.22731008240273204,-3.3913634877512497,1.5761453701510306e-14,1.159256304759601e-11,1.7312668828548273e-09,1.45010914107977e-08,2.603825391813557e-06,0.0005124549973250281,0.005,5,-0.005 -0.003 -0.002 -0.001 0,-0.4297012967305 -0.4291925736498 -0.4289481310612 -0.4287105819137 -0.4284800661376,8.673749688649021e-08,False,4.386064109684895e-07,0.0003,5
0.28,7,dimer-plaquette,-0.4287791964197506,0.24928618436085753,2.2369562082593264,1.0079915846437518e-09,7.413786962625584e-07,0.00011071963803204691,0.0009273876881450932,0.1665223356001883,32.773012857485824,0.005,5,-0.005 -0.003 -0.002 -0.001 0,-0.4299758717914 -0.429489403659 -0.429259693537 -0.4290662148498 -0.4287597049974,2.1934977981116375e-05,False,0.00012031523432726177,0.0003,6
0.28,8,dimer-plaquette,-0.42885631671790586,0.11963650717776597,-13.906706808090666,3.329559270179398e-09,2.448893769015859e-06,0.000365724875898441,0.0030633115605505573,0.5500502133511971,108.25456326593829,0.005,5,-0.005 -0.003 -0.002 -0.001 0,-0.4297870449524 -0.4293986057968 -0.4291277786872 -0.4289376879462 -0.4288888293514,3.9865950643428254e-05,False,0.00020069161947822156,0.0003,6
0.28,9,dimer-plaquette,-0.4293868057283938,0.1549830127701812,-7.461020898944543,3.6548507319179385e-11,2.6881459249695223e-08,4.014554846131316e-06,3.3625911391261685e-05,0.006037890488581656,1.1883082344548677,0.005,5,-0.005 -0.003 -0.002 -0.001 0,-0.4303469772684 -0.4299227678083 -0.4297277147402 -0.4295418056278 -0.4293905561528,4.176798958454686e-06,False,2.315034701660945e-05,0.0003,9
0.28,6,plaquette,-0.42833956122293093,-0.2470074787169815,1.0892723472219479,3.8938540347526014e-10,-2.8639330642248726e-07,4.277080442390822e-05,0.00035824825785404674,-0.06432728985355829,12.660158109476829,0.005,5,0 0.001 0.002 0.003 0.005,-0.4283273020869 -0.4286095846614 -0.4288262341522 -0.429057694992 -0.4295515908665,1.363322440600665e-05,False,7.567230331900765e-05,0.0003,10
0.28,7,plaquette,-0.42891876954461927,-0.20650184069404962,-4.132930388942206,1.699962935421583e-13,-1.2503242328188078e-10,1.867270359645854e-08,1.5640256532477807e-07,-2.808374620907316e-05,0.0055271202645517225,0.005,5,0 0.001 0.002 0.003 0.005,-0.4289188870681 -0.4291293386728 -0.4293478923779 -0.4295759277718 -0.4300545063653,2.8485803613163193e-07,False,7.254403938117271e-07,0.0003,5
0.28,8,plaquette,-0.42919143095812173,-0.19047769655465316,-4.918304453606491,4.915807350487685e-13,-3.6155806259738665e-10,5.3996126433300634e-08,4.52271555002366e-07,-8.121017415568278e-05,0.015982853424256975,0.005,5,0 0.001 0.002 0.003 0.005,-0.4291916976238 -0.4293865557047 -0.4295914495858 -0.4298079196074 -0.4302666008047,4.844022781000838e-07,False,1.6460545056440345e-06,0.0003,5
0.28,9,plaquette,-0.42939523236668087,-0.1502195443411098,-8.975218833324458,3.6578357937611234e-11,-2.2712052314202873e-08,3.107965053522523e-06,2.8768599598344303e-05,-0.005179941755871381,1.0359883511741756,0.005,4,0 0.002 0.003 0.005,-0.4293960792567 -0.4297273378806 -0.4299309024193 -0.4303698636692,3.053505388986167e-06,False,nan,nan,7
0.29,6,dimer-plaquette,-0.4261396375036975,0.2357544680372267,-3.5693914924070804,1.1177803529285968e-11,8.22128431811281e-09,1.227790370088533e-06,1.0283972139863536e-05,0.00184659671661308,0.363425949546205,0.005,5,-0.005 -0.003 -0.002 -0.001 0,-0.4274084735685 -0.4268752590209 -0.4266284338637 -0.4263800961918 -0.4261384302902,2.3098670594336594e-06,False,7.451799678981352e-06,0.0003,5
0.29,7,dimer-plaquette,-0.42645184907638234,0.23589402031464604,-3.4066990827457277,3.539878990459401e-14,2.6035841080970023e-11,3.88826778389654e-09,3.256813095774283e-08,5.847954746980167e-06,0.001150927264033374,0.005,5,-0.005 -0.003 -0.002 -0.001 0,-0.4277164410079 -0.4271903500854 -0.4269372444156 -0.4266909410579 -0.4264519643028,1.2998790898272315e-07,False,7.112612510074001e-07,0.0003,7
0.29,8,dimer-plaquette,-0.42677044973244715,-0.01646973550799108,-35.74421179582956,5.929071272908855e-10,3.681449483178633e-07,5.0377729769813944e-05,0.0004663169345350585,0.08396288294969051,16.79257658993795,0.005,4,-0.005 -0.003 -0.002 0,-0.427578296712 -0.4270597866211 -0.4268634389196 -0.42677385937025,1.2293623929071566e-05,False,nan,nan,5
0.29,9,dimer-plaquette,-0.42704758375630536,0.204212658410727,-3.1927683057271,9.115035038395577e-11,8.52842387255823e-09,1.57933775417745e-07,1.4687841113852283e-06,3.2714853479390154e-05,0.0007896688770887253,0.04,4,-0.04 -0.02 -0.01 0,-0.4403235693931 -0.4324146441796 -0.4294013872606 -0.4270504337227,4.981783285983326e-06,False,nan,nan,11
0.29,6,plaquette,-0.4257391777198788,-0.22206936886329584,-5.45640880225227,9.861652993595866e-12,-7.253254442565761e-09,1.0832219896304774e-06,5.940389391174907e-06,-0.0009315709110822092,0.15165107854826687,0.005,4,0.001 0.002 0.003 0.005,-0.4259670984456 -0.426204088898 -0.4264552834018 -0.4269858031349,6.903750252126817e-07,False,nan,nan,4
0.29,7,plaquette,-0.4265443233974143,-0.1268483467531491,-18.7805187190598,1.7981369082024003e-09,-1.3225312760680106e-06,0.0001975106445740775,0.0016543491589510993,-0.29705600943940763,58.46315079392691,0.005,5,0 0.001 0.002 0.003 0.005,-0.4265706897232 -0.4266390631206 -0.4268770149163 -0.4271239464505 -0.4276386748208,2.929679602040316e-05,False,0.000162752138258504,0.0003,7
0.29,8,plaquette,-0.42686404792813465,-0.20266607906885356,-5.404206391508518,8.994087607946014e-12,-6.6151593390603035e-09,9.879270219624365e-07,8.274876735889225e-06,-0.0014858422410314143,0.29242639850088087,0.005,5,0 0.001 0.002 0.003 0.005,-0.4268659111247 -0.4270685654429 -0.4272911549842 -0.4275228944643 -0.4280118045436,2.071988336511564e-06,False,1.150100425184597e-05,0.0003,8
0.29,9,plaquette,-0.42704559976939127,-0.21542945821344067,-2.368128865306675,1.6229823399078644e-11,-1.5185329813989382e-09,2.8120981137017427e-08,2.6152512457424983e-07,-5.825060378382188e-06,0.00014060490568508713,0.04,4,0 0.01 0.02 0.04,-0.42704680235905 -0.4294335003323 -0.4323038456591 -0.4394513834192,2.10214445781714e-06,False,nan,nan,8
0.3,6,dimer-plaquette,-0.4238934283889771,0.25235229878902016,-3.3499876675765776,3.213102413320413e-14,2.363239648461536e-11,3.5293304188493252e-09,2.9561671588055742e-08,5.308112949949638e-06,0.0010446818039793987,0.005,5,-0.005 -0.003 -0.002 -0.001 0,-0.4252388929101 -0.4246808124256 -0.4244114678286 -0.4241489624615 -0.4238935311248,1.2384287734121622e-07,False,6.341602163950633e-07,0.0003,6
0.3,7,dimer-plaquette,-0.42427529210968284,0.2467134952830389,-3.4357691518693185,6.5246242646877846e-15,4.798866880091149e-12,7.166766547328431e-10,6.0028836600838075e-09,1.0778816887181522e-06,0.000212136289800921,0.005,5,-0.005 -0.003 -0.002 -0.001 0,-0.4255947613606 -0.4250462978437 -0.4247825567424 -0.4245253845371 -0.42427530350965,5.5806720659854443e-08,False,7.036888927114404e-08,0.0003,6
0.3,8,dimer-plaquette,-0.42461405993486084,0.22916948372735768,-3.931560576790937,3.2332889233987514e-14,2.378086844362728e-11,3.551503650481943e-09,2.974739457645283e-08,5.3414614903248645e-06,0.0010512450805426536,0.005,5,-0.005 -0.003 -0.002 -0.001 0,-0.425858214251 -0.425336937585 -0.4250879908525 -0.4248473846867 -0.4246139674826,1.2423129341488097e-07,False,5.706825917939362e-07,0.0003,7
0.3,9,dimer-plaquette,-0.4248332485941036,0.23012913907381757,-2.862698649818065,5.512501038356309e-09,5.157736120046238e-07,9.551363185270812e-06,8.88276776230233e-05,0.0019784966598061053,0.04775681592635407,0.04,4,-0.04 -0.02 -0.01 0,-0.43861134422185 -0.430625237485 -0.4273617076505 -0.42485541191885,3.874181849813661e-05,False,nan,nan,12
0.3,10,dimer-plaquette,-0.42493583650530004,0.2254064808499972,-2.93492023499998,4.129462574382563e-09,3.8637050819717924e-07,7.155009411058887e-06,6.65415875228516e-05,0.0014821090922907708,0.03577504705529444,0.04,4,-0.04 -0.02 -0.01 0,-0.4386415739173 -0.4306562994043 -0.4274322397533 -0.4249550190993,3.3531457196755215e-05,False,nan,nan,4
0.3,11,dimer-plaquette,-0.42500592794096265,0.22309647830086296,-2.956299246613401,5.0489143183757654e-09,4.7239841889753374e-07,8.748118868472855e-06,8.135750547679791e-05,0.0018121103370408172,0.043740594342364277,0.04,4,-0.04 -0.02 -0.01 0,-0.4386527955599 -0.4306927990517 -0.4274759601872 -0.425027138864,3.707700626557064e-05,False,nan,nan,4
0.3,6,plaquette,-0.42378899576947715,-0.24214474898484598,-3.5835563677163744,1.4979519410452634e-10,-6.075134106898159e-08,4.6446389529560065e-06,2.664744253954925e-05,-0.0021010397573525464,0.16987129953063335,0.01,4,0.002 0.003 0.005 0.01,-0.4242899596028 -0.4245436704068 -0.4250911805115 -0.42656859831525,2.5057000292531633e-06,False,nan,nan,7
0.3,7,plaquette,-0.4243421865696107,-0.17346822622102068,-14.168911020872947,8.922458401048593e-10,-6.562475994444298e-07,9.800591389552506e-05,0.0008208975347837321,-0.1474008944988607,29.00975051307538,0.005,5,0 0.001 0.002 0.003 0.005,-0.4243607588864 -0.4244940196439 -0.4247484145834 -0.4250113649055 -0.4255571128471,2.063721152249967e-05,False,0.00011464184636028607,0.0003,7
0.3,8,plaquette,-0.42467452859418037,-0.20568388043870817,-6.818962063394969,9.344833956723563e-11,-6.873133586799212e-08,1.02645364199512e-05,8.597575705232392e-05,-0.015437862775605667,3.0383027803055516,0.005,5,0 0.001 0.002 0.003 0.005,-0.4246805363005 -0.4248755380153 -0.4251137827954 -0.4253600025829 -0.4258712454821,6.678740110719975e-06,False,3.70839326460648e-05,0.0003,7
0.3,9,plaquette,-0.4248314088751332,-0.24273264826485436,-1.9773671899657124,6.705915020630669e-09,-6.274346232174219e-07,1.1619159689211544e-05,0.00010805818510967368,-0.002406825935622407,0.058095798446057736,0.04,4,0 0.01 0.02 0.04,-0.42485585384975 -0.4273912854778 -0.43052589866565 -0.4376963539848,4.273017611901239e-05,False,nan,nan,10
0.3,10,plaquette,-0.4249873173488829,-0.2337951316718643,-2.122331250113644,8.888297732514624e-09,-8.316278571511206e-07,1.5400515873168888e-05,0.00014322479762048058,-0.003190106859442137,0.07700257936584441,0.04,4,0 0.01 0.02 0.04,-0.4250154603148 -0.4274624538815 -0.4305684384142 -0.4377254716273,4.919431944629059e-05,False,nan,nan,5
0.3,11,plaquette,-0.425007700922437,-0.23318873246916033,-2.1282325833859823,6.8412036453487066e-09,-6.40092816322229e-07,1.1853570672633879e-05,0.00011023820725548588,-0.0024553824964741503,0.05926785336316938,0.04,4,0 0.01 0.02 0.04,-0.4250323912486 -0.4274865706357 -0.4305721492575 -0.4377321922459,4.315905423943474e-05,False,nan,nan,4
0.31,6,dimer-plaquette,-0.4217896460076433,0.2641036198593319,-3.3149779571927915,2.048922504250689e-14,1.5069843023355147e-11,2.2505739282191285e-09,1.885080722286949e-08,3.38486318804136e-06,0.0006661698827528608,0.005,5,-0.005 -0.003 -0.002 -0.001 0,-0.4231930022068 -0.4226119246631 -0.4223310776671 -0.4220569183522 -0.4217897311078,9.889435809220359e-08,False,5.253000582294831e-07,0.0003,5
0.31,7,dimer-plaquette,-0.4222286838741548,0.2572540937974447,-3.388816775761138,2.4814624830046608e-14,1.8251178367969583e-11,2.725683746709874e-09,2.2830327062713725e-08,4.099428355051663e-06,0.0008068023890261208,0.005,5,-0.005 -0.003 -0.002 -0.001 0,-0.42359966133 -0.423031051434 -0.4227565638718 -0.4224894430791 -0.4222286585419,1.0883350260697465e-07,False,1.5636909900251794e-07,0.0003,7
0.31,8,dimer-plaquette,-0.4225902669918654,0.2404265939372267,-3.8665091833194616,8.471543508010822e-14,5.2601087141244875e-11,7.1980435035386265e-09,6.66280437132122e-08,1.1996739172565802e-05,0.002399347834512874,0.005,4,-0.005 -0.003 -0.002 0,-0.4238890219347 -0.4233465491385 -0.4230863824343 -0.4225903077483,1.4694941480188264e-07,False,nan,nan,7
0.31,9,dimer-plaquette,-0.42278097113681584,0.23670317896920567,-2.9502619178294314,8.05141230732081e-09,7.533252109324917e-07,1.3950466869120202e-05,0.0001297393418828249,0.002889739565746338,0.06975233434560102,0.04,4,-0.04 -0.02 -0.01 0,-0.436960588929 -0.428748710094 -0.4253716016374 -0.42280775644215,4.682110872555583e-05,False,nan,nan,9
0.31,6,plaquette,-0.421761638692455,-0.2164680246760453,-8.080954411342034,2.8842948453874364e-11,-2.121401393312212e-08,3.168162176392178e-06,1.737420137523971e-05,-0.0027246194716973693,0.4435427046949052,0.005,4,0.001 0.002 0.003 0.005,-0.4219868631087 -0.4222250973937 -0.4224851222305 -0.4230457775304,1.1806741115195842e-06,False,nan,nan,4
0.31,7,plaquette,-0.42226571095038845,-0.16199937654454358,-17.36251298379005,1.4113946422880891e-09,-1.0380819996441945e-06,0.0001550301672109061,0.0012985326805571259,-0.2331653714851834,45.888929494428126,0.005,5,0 0.001 0.002 0.003 0.005,-0.4222890696133 -0.4224000417902 -0.4226624492401 -0.422934702912 -0.4235014223447,2.5955714103674994e-05,False,0.000144186655608447,0.0003,7
0.31,8,plaquette,-0.4226259824828923,-0.22375816444637642,-6.321432772520975,5.934948402600853e-11,-4.36515976535757e-08,6.519055802505334e-06,5.460361140161992e-05,-0.009804659926967857,1.9296405175415774,0.005,5,0 0.001 0.002 0.003 0.005,-0.4226307721455 -0.4228467315555 -0.4230997176288 -0.423359437135 -0.4239011296367,5.322519036637366e-06,False,2.9565281006227462e-05,0.0003,8
0.31,9,plaquette,-0.42284849803195473,-0.2339149481097728,-2.3952389630227,3.364602172642431e-09,-3.148068369452573e-07,5.829756239726978e-06,5.4216733029464884e-05,-0.0012075923639434528,0.029148781198634885,0.04,4,0 0.01 0.02 0.04,-0.4228311828353 -0.4254733452671 -0.42845026218605 -0.4360432500294,3.026721909850817e-05,False,nan,nan,7
0.32,6,dimer-plaquette,-0.419830329083569,0.26781232971578545,-3.8342323995443643,1.6018473454010213e-11,1.1781601301411955e-08,1.7594984022419014e-06,1.473755861698774e-05,0.002646285596971773,0.5208115270636019,0.005,5,-0.005 -0.003 -0.002 -0.001 0,-0.4212662894139 -0.4206637948983 -0.420384299753 -0.4201041809241 -0.419828551119,2.7651539300339793e-06,False,1.0974890383541602e-05,0.0003,5
0.32,7,dimer-plaquette,-0.42031103447236695,0.267339913889868,-3.343221730183225,7.702041461237343e-14,5.664858262790612e-11,8.460063116473383e-09,7.086148866367383e-08,1.2723934927175728e-05,0.002504178682476115,0.005,5,-0.005 -0.003 -0.002 -0.001 0,-0.4217312505058 -0.4211433556051 -0.4208590907933 -0.4205813936054 -0.4203112065525,1.917395375996993e-07,False,1.062203730972655e-06,0.0003,7
0.32,8,dimer-plaquette,-0.4207002866789558,-0.02338307718397272,-40.740638608337854,3.7506795294903954e-09,2.3288533026247178e-06,0.00031868518878023084,0.0029498808499971605,0.5311419813004125,106.22839626007682,0.005,4,-0.005 -0.003 -0.002 0,-0.4215933115521 -0.4210396817256 -0.4207736045483 -0.4207088623851,3.092014822636993e-05,False,nan,nan,6
0.32,9,dimer-plaquette,-0.42088337072558263,0.25013472319686303,-2.884481419613497,7.872459594705586e-09,7.365816155442342e-07,1.3640400287856193e-05,0.0001268557226770807,0.0028255114881988075,0.06820200143928096,0.04,4,-0.04 -0.02 -0.01 0,-0.4354951012701 -0.4270928296858 -0.4236025368616 -0.4209098566898,4.629785603897849e-05,False,nan,nan,11
0.32,6,plaquette,-0.41904120187787525,-0.26460729309019554,-7.470805260475618,3.8640317886073694e-10,-1.5671071057678292e-07,1.1981046967570068e-05,6.87382300036348e-05,-0.0054197228823465015,0.4381903607003487,0.01,4,0.002 0.003 0.005 0.01,-0.4195965412448 -0.419908704045 -0.4205480017226 -0.42243467748685,4.024393911881694e-06,False,nan,nan,5
0.32,7,plaquette,-0.420342691303585,-0.20785050594482965,-12.137325037990705,2.542263178398688e-10,-1.8698368016869083e-07,2.7924683418263308e-05,0.0002338971483089646,-0.04199872386106822,8.265706291805932,0.005,5,0 0.001 0.002 0.003 0.005,-0.4203523477597 -0.4205455773824 -0.4208042640075 -0.421089557523 -0.4216814210872,1.1015875101979181e-05,False,5.960667001830844e-05,0.0003,7
0.32,8,plaquette,-0.420729891832997,-0.24837887666992672,-3.9999022447526977,1.875510177662383e-11,-1.3794393837464366e-08,2.0600946591194907e-06,1.725535286471362e-05,-0.003098382367315797,0.6097880190993687,0.005,5,0 0.001 0.002 0.003 0.005,-0.4207325596591 -0.4209768443552 -0.4212437800827 -0.4215135142003 -0.4220709246986,2.9920473510072746e-06,False,1.6467762943728204e-05,0.0003,8
0.32,9,plaquette,-0.42096363634055434,-0.23992697229479118,-2.4597163375224143,1.1358925678995534e-08,-1.0627905709555225e-06,1.968130686954669e-05,0.00018303615388679607,-0.004076842137263235,0.09840653434773344,0.04,4,0 0.01 0.02 0.04,-0.4209318215406 -0.4236937171638 -0.42668243272155 -0.4345068663057,5.561273949182789e-05,False,nan,nan,9
0.33,6,dimer-plaquette,-0.4179491089718479,0.2856656503980522,-3.269790584153236,6.638912241062813e-15,4.882925787143618e-12,7.292302549497839e-10,6.108032615430984e-09,1.0967623034444072e-06,0.0002158521554651356,0.005,5,-0.005 -0.003 -0.002 -0.001 0,-0.4194591605574 -0.4188356243825 -0.4185334627128 -0.4182379939798 -0.4179491472139,5.629336546974042e-08,False,2.3605775822943542e-07,0.0003,5
0.33,7,dimer-plaquette,-0.41852112501739513,0.27663533702660165,-3.2640911777295822,3.561333550452259e-14,2.61936395582468e-11,3.911833864732283e-09,3.276552045084617e-08,5.8833981325572484e-06,0.0011579028239607537,0.005,5,-0.005 -0.003 -0.002 -0.001 0,-0.4199858986899 -0.419380364457 -0.4190876351531 -0.4188008148883 -0.4185212001619,1.3038123040752647e-07,False,4.638465346817888e-07,0.0003,5
0.33,8,dimer-plaquette,-0.4189604420834991,0.25544553897839245,-4.10291271648319,8.983426639323597e-13,6.607318187270584e-10,9.867560016831756e-08,8.265068270044976e-07,0.00014840810265315675,0.02920797764982197,0.005,5,-0.005 -0.003 -0.002 -0.001 0,-0.4203404826506 -0.4197626358398 -0.4194885514946 -0.4192203841244 -0.4189600708328,6.5483180137455e-07,False,2.2916293144770172e-06,0.0003,5
0.33,9,dimer-plaquette,-0.4190006798581029,0.24150151903021239,-6.017971455219039,1.4954669710553366e-10,1.0999172713297833e-07,1.6426482546741445e-05,0.00013758821781222695,0.024705429750297606,4.862238833835457,0.005,5,-0.005 -0.003 -0.002 -0.001 0,-0.4203579284091 -0.4197863372798 -0.4194938647228 -0.4192585477551 -0.4189979387198,8.448841491892204e-06,False,1.692029915983939e-05,0.0003,5
0.33,6,plaquette,-0.4179334256145617,-0.2456844927436473,-7.446352745448027,6.397422906764786e-11,-4.7053101695625596e-08,7.027046250840052e-06,3.853632163960741e-05,-0.006043259775722656,0.9837864751176075,0.005,4,0.001 0.002 0.003 0.005,-0.4181875623898 -0.4184518975317 -0.418739508127 -0.419347671587,1.7583800358197958e-06,False,nan,nan,4
0.33,7,plaquette,-0.418504726764463,-0.2672655227880519,-4.2002808414480945,5.848132777344996e-11,-4.3013067966939965e-08,6.42369593293607e-06,5.3804877134606235e-05,-0.009661238683135683,1.901413996149075,0.005,5,0 0.001 0.002 0.003 0.005,-0.4185093913333 -0.4187678167001 -0.4190550717372 -0.4193508969686 -0.4199441887866,5.283447079905973e-06,False,2.8793111275793315e-05,0.0003,5
0.33,8,plaquette,-0.41885885646982884,-0.27035651564110913,-2.9137749334042993,4.913849413615335e-13,-3.6141405616837123e-10,5.397462009682928e-08,4.5209141793255286e-07,-8.117782862563162e-05,0.015976487548661454,0.005,5,0 0.001 0.002 0.003 0.005,-0.4188584457697 -0.4191330257821 -0.4194108807103 -0.4196958945339 -0.4202835944476,4.843058012173519e-07,False,2.5351398880157916e-06,0.0003,5
0.33,9,plaquette,-0.4191656424188777,-0.2548963361758544,-3.445647255813592,1.254532012968887e-11,-9.22709397939337e-09,1.3780008929798857e-06,1.1542135479663252e-05,-0.002072513343041802,0.4078882643220458,0.005,5,0 0.001 0.002 0.003 0.005,-0.4191652260522 -0.4194263275782 -0.4196850510446 -0.4199639467711 -0.4205259005892,2.4470882044857686e-06,False,2.570117947076067e-06,0.0003,5
0.34,6,dimer-plaquette,-0.41620693929750346,0.2946035957997567,-3.3004054457832406,2.6004793378861534e-13,1.9126548381464943e-10,2.8564140354637113e-08,2.392532396064828e-07,4.296046709337159e-05,0.008454985544972572,0.005,5,-0.005 -0.003 -0.002 -0.001 0,-0.4177625889645 -0.4171198843012 -0.4168098408905 -0.4165049582784 -0.4162067794191,3.523185040912702e-07,False,9.868857808181808e-07,0.0003,5
0.34,7,dimer-plaquette,-0.41685672065890583,0.2834191819778208,-3.506916808079766,1.425792365437653e-14,1.048671537672513e-11,1.5661163943735262e-09,1.3117790919208217e-08,2.355439057137844e-06,0.00046357045273456296,0.005,5,-0.005 -0.003 -0.002 -0.001 0,-0.4183614950182 -0.4177384774484 -0.4174377204212 -0.4171435406726 -0.4168567504914,8.249675995691923e-08,False,1.841478508568528e-07,0.0003,5
0.34,8,dimer-plaquette,-0.4173432484615596,0.26097063087093797,-4.298321098004714,2.9356432567209803e-12,2.159168194969571e-09,3.224564209930786e-07,2.700894982235537e-06,0.0004849744571735602,0.09544710061395105,0.005,5,-0.005 -0.003 -0.002 -0.001 0,-0.4187552668269 -0.418165578635 -0.4178831109995 -0.4176063253394 -0.4173442719694,1.1837510815486145e-06,False,6.317834760904972e-06,0.0003,5
0.34,9,dimer-plaquette,-0.4173648926004263,0.279490561760801,4.3006336718166835,3.9348567632200906e-11,2.8940906070431945e-08,4.32211858877428e-06,3.620206529988792e-05,0.006500466357516251,1.2793471022771836,0.005,5,-0.005 -0.003 -0.002 -0.001 0,-0.4186531686842 -0.4181714989124 -0.4179027590324 -0.4176356902692 -0.4173680175701,4.333843391191864e-06,False,1.928958553087945e-05,0.0003,5
0.34,6,plaquette,-0.4161811294471104,-0.2706849282020327,-5.81019007269484,1.2161946249492952e-11,-8.94512215362533e-09,1.3358904052606488e-06,7.326022982536019e-06,-0.001148865748524093,0.18702465673649069,0.005,4,0.001 0.002 0.003 0.005,-0.4164580631634 -0.4167445704691 -0.4170463531384 -0.4176796626406,7.666757973972352e-07,False,nan,nan,4
0.34,7,plaquette,-0.4168222849379259,-0.2482040344378737,-7.907954884066155,3.4015867190154335e-12,-2.5018700209279277e-09,3.736365025280574e-07,2.0490225798619035e-06,-0.0003213273921741349,0.05230911035392806,0.005,4,0.001 0.002 0.003 0.005,-0.4170786288834 -0.4173497062766 -0.4176385325475 -0.4182609266635,4.054627740155014e-07,False,nan,nan,4
0.34,8,plaquette,-0.41721243121952956,-0.2803513360780315,-3.2403065716172335,4.872401785625216e-13,-3.5836557948755285e-10,5.351935177532096e-08,4.4827809046670684e-07,-8.04931050700849e-05,0.015841728125495,0.005,5,0 0.001 0.002 0.003 0.005,-0.4172119973973 -0.4174968726021 -0.417785998256 -0.4180821783556 -0.4186953461398,4.822589502278153e-07,False,2.677866309641619e-06,0.0003,5
0.34,9,plaquette,-0.4175034230062496,-0.2722902538240522,-3.379067453513143,7.392422664471602e-11,-5.437133365696379e-08,8.11997217099254e-06,6.801288690448514e-05,-0.012212438145171495,2.403511762613788,0.005,5,0 0.001 0.002 0.003 0.005,-0.4174996120624 -0.4177838070467 -0.4180680019185 -0.4183410800939 -0.4189515903325,5.940214732336293e-06,False,2.3523917035972453e-05,0.0003,5
