J2,D,h_c_D,E_crossing_D,h_c_D_sigma,E_crossing_D_sigma,hE_covariance,h_max_D,plaquette_h_max,dimer_h_max,plaquette_h0_excluded,dimer_h0_excluded,branch_energy_mismatch,mc_accepted,E_distance_to_extrapolated,h_weight_raw,h_weight_normalized
0.26,6,-5.454329218159738e-05,-0.4336109840692793,6.195520172326698e-06,1.2371368231003122e-06,7.560692223569482e-12,0.005,0.005,0.005,False,False,0.0,4000,0.0009614850590940471,167872548.93262318,0.23878622941113506
0.26,7,-0.0004787539454803116,-0.43395966353699156,2.3409907269478806e-05,3.988577041806188e-06,-9.309174611869784e-11,0.005,0.005,0.005,False,False,0.0,4000,0.0006128055913817709,69707191.81840208,0.09915330173389808
0.26,8,-0.0003965019543623815,-0.43422698930955855,2.059827444090119e-05,3.2151148381169547e-06,1.4459737896731956e-12,0.005,0.005,0.005,False,False,0.0,4000,0.00034547981881477563,140522697.07083634,0.19988309698982204
0.26,9,0.0001536537537030794,-0.4345619306847017,0.00029204140953577394,2.3222485660502918e-05,5.289685074575345e-09,0.005,0.005,0.005,False,False,0.0,3965,1.0538443671603837e-05,324921975.8832737,0.4621773718651448
0.265,6,6.200700881378013e-06,-0.4322713962991588,5.865226188463682e-06,1.1782614091166317e-06,6.276010940258197e-12,0.005,0.005,0.005,False,False,0.0,4000,0.0011215658689345265,152016402.4182005,0.6101106190442065
0.265,7,-0.0003986359712629171,-0.43261189562751357,8.638809669010869e-05,1.6410938665070185e-05,1.4078644970030627e-09,0.005,0.005,0.005,False,False,5.551115123125783e-17,4000,0.0007810665405797446,14820336.360783786,0.05948071686794885
0.265,8,-0.0003769662719230631,-0.43289548576436543,3.2151280148666714e-05,4.983510129826065e-06,1.945741615269534e-11,0.005,0.005,0.005,False,False,5.551115123125783e-17,4000,0.0004974764037278812,62521479.16192214,0.2509269904316113
0.265,9,-9.82150828511291e-05,-0.43321086308821616,0.0002772958555545882,3.420534697024182e-05,7.641441441327295e-09,0.02,0.005,0.02,False,False,0.0,3972,0.00018209907987715157,19803815.42338406,0.07948167365623335
0.27,6,0.00017825766940426344,-0.4309456272906201,4.436703853482822e-06,9.365887507954855e-07,4.139041141857012e-12,0.005,0.005,0.005,False,False,0.0,4000,0.0016168964496125482,139398259.64202863,0.5341947064958636
0.27,7,-0.000381473404559443,-0.4313338379058473,2.6552952629502262e-05,4.954131010857918e-06,-8.914581667603686e-11,0.005,0.005,0.005,False,False,0.0,4000,0.0012286858343853457,30651118.56349126,0.11745961052054243
0.27,8,-0.0003416163194099162,-0.43160138626850164,1.5174191433202397e-05,2.802358256007002e-06,3.751707597200093e-11,0.005,0.005,0.005,False,False,0.0,4000,0.0009611374717309884,68566018.56522828,0.26275510366557564
0.27,9,7.118119024097018e-05,-0.4318831063267595,6.58991160096921e-05,8.038077573607741e-06,3.528770626061874e-10,0.005,0.005,0.005,False,False,0.0,4000,0.0006794174134731046,22334885.863900155,0.08559057931801828
0.275,6,0.00025500709265534067,-0.4296668614661428,2.819524867544016e-05,6.068173225651956e-06,1.6624115514185472e-10,0.005,0.005,0.005,False,False,0.0,4000,0.0014062769793420915,25220471.600422427,0.09297209517838645
0.275,7,-0.0003964950614042772,-0.4300683571095517,2.346090808564865e-05,4.830635474433715e-06,-4.2054614661696437e-11,0.005,0.005,0.005,False,False,0.0,4000,0.0010047813359331803,42421265.742144264,0.15638065848460192
0.275,8,-0.0003084433397571103,-0.4303528333250902,9.102380192095458e-06,1.7755320805706079e-06,1.5884685942511382e-11,0.005,0.005,0.005,False,False,5.551115123125783e-17,4000,0.0007203051203946709,152520607.5668508,0.5622480288248485
0.275,9,-2.253336020144934e-05,-0.4306174744339922,4.2941339840915365e-05,6.067223793919545e-06,2.1686687184477873e-10,0.005,0.005,0.005,False,False,0.0,4000,0.00045566401149271796,51106916.604283616,0.18839921751216301
0.28,6,0.0002969083568019689,-0.42841280378321667,3.3860237498894646e-05,7.630375435553377e-06,2.583114504207038e-10,0.005,0.005,0.005,False,False,0.0,4000,0.0014275786614355024,20687592.46625961,0.15875418436039215
0.28,7,-0.00030754563202304045,-0.4288556517159021,5.684934416941607e-05,1.15937817963768e-05,-6.58444421981192e-10,0.005,0.005,0.005,False,False,0.0,4000,0.0009847307287500495,17863109.099565152,0.13707942670793027
0.28,8,-0.0010487373421067198,-0.4289970792821223,0.00010952651826375046,1.9741128091585844e-05,-2.1566162538534457e-09,0.005,0.005,0.005,False,False,0.0,4000,0.0008433031625298959,10826722.08548698,0.0830830091409323
0.28,9,-2.7613768945546005e-05,-0.4293910910826783,2.7500288636890828e-05,4.2946042458868846e-06,7.912620346380967e-12,0.005,0.005,0.005,False,False,0.0,4000,0.0004492913619738581,80934684.65379062,0.6210833797907452
0.29,6,0.0008715717767531558,-0.42593687200625013,1.3794684685684977e-05,3.218630658386799e-06,-3.968220289670442e-11,0.005,0.005,0.005,False,False,0.0,4000,0.001636222030490353,44304310.92035136,0.31513118149343167
0.29,7,-0.0002577467210966943,-0.426512876305153,0.00015062385683762948,3.5868221492888297e-05,5.402521903904858e-09,0.005,0.005,0.005,False,False,5.551115123125783e-17,4000,0.0010602177315874872,6261972.742404318,0.044540651412932245
0.29,8,-0.00046712902995617593,-0.4267705559685543,9.37004510689398e-05,1.804810050090531e-05,-1.6456055482096595e-09,0.005,0.005,0.005,False,False,0.0,4000,0.0008025380681861982,13298194.363798585,0.09458844104644766
0.29,9,4.727850871746676e-06,-0.42704661834067686,2.4756058227747637e-05,5.279823879227998e-06,-9.374631659400034e-11,0.04,0.04,0.04,False,False,0.0,4000,0.0005264756960636219,76725579.45487209,0.5457397260471883
0.3,6,0.0002111685087748506,-0.423840288913472,2.289530500132266e-05,5.746615951831528e-06,1.3148542179041036e-10,0.01,0.01,0.005,False,False,0.0,4000,0.0015686754640885092,27843284.36477214,0.23477016437527987
0.3,7,-0.0001598563952639616,-0.42431481863757725,8.17090511794872e-05,2.0259340511104234e-05,1.6553593886679002e-09,0.005,0.005,0.005,False,False,0.0,4000,0.0010941457399832322,11185480.85457808,0.0943142031824496
0.3,8,-0.0001391839169672628,-0.4246460328040867,2.4993861055964163e-05,5.756631819127586e-06,1.4382335152621356e-10,0.005,0.005,0.005,False,False,0.0,4000,0.0007629315734737907,52442219.08502362,0.4421844863378491
0.3,9,3.890634474897382e-06,-0.4248323532890742,0.0002331430067403429,5.54950544401663e-05,1.146038972619201e-09,0.04,0.04,0.04,False,False,5.551115123125783e-17,4000,0.0005766110884862785,7438658.42978472,0.06272158986034232
0.3,10,-0.0001120872252626666,-0.4249611385653003,0.0002481335673635094,5.6666695232303214e-05,5.455960934773649e-09,0.04,0.04,0.04,False,False,0.0,4000,0.0004478258122601608,8999230.14121968,0.07588008339196543
0.3,11,-3.885659517486812e-06,-0.4250067948625521,0.0002326196847166503,5.409177237201955e-05,1.549524913762301e-09,0.04,0.04,0.04,False,False,0.0,4000,0.00040216951500837705,10689179.98565176,0.0901294728521138
0.31,6,5.8245522258195724e-05,-0.4217742744005725,1.0755348384632838e-05,2.8382652700283057e-06,3.048636324344567e-11,0.005,0.005,0.005,False,False,0.0,4000,0.0015689070877568656,59262271.32102134,0.38545387292556516
0.31,7,-8.857819392986863e-05,-0.42225149756614766,0.00010126931443644972,2.6142696713182496e-05,2.6474034382499698e-09,0.005,0.005,0.005,False,False,0.0,4000,0.0010916839221817298,9045346.661708923,0.05883277547401887
0.31,8,-7.69737387903139e-05,-0.4226087964346039,1.769475872040156e-05,4.274373810172282e-06,7.548089905286438e-11,0.005,0.005,0.005,False,False,5.551115123125783e-17,4000,0.0007343850537254726,76954057.83625792,0.500524852813089
0.31,9,-0.00014346126562470428,-0.4228149895941862,0.00022312786422605605,5.245211965169194e-05,-4.4069731284209025e-09,0.04,0.04,0.04,False,False,0.0,4000,0.0005281918941432151,8485051.049327534,0.05518849878732697
0.32,6,0.0014674444754388706,-0.4194455859701889,2.6698285021031862e-05,7.0627481533027785e-06,-2.6901871069923958e-11,0.01,0.01,0.005,False,False,0.0,4000,0.002321041153472647,16137408.546301011,0.370934842013506
0.32,7,-6.670159110936336e-05,-0.4203288813443258,3.533505642162265e-05,9.469975657968408e-06,3.344878951134827e-10,0.005,0.005,0.005,False,False,0.0,4000,0.0014377457793357529,19683943.48869709,0.45245557533190567
0.32,8,-0.00012886903794305992,-0.42069794991340753,0.00026935027948312036,6.68426232387505e-05,-1.7956390655160014e-08,0.005,0.005,0.005,False,False,0.0,3913,0.0010686772102539988,3474049.6536526373,0.07985458481312958
0.32,9,-0.00016376351009082758,-0.4209244110232771,0.0002820764878568975,6.952631768995824e-05,4.496332286963246e-09,0.04,0.04,0.04,False,False,0.0,4000,0.0008422161003844297,4209297.030682388,0.0967549978414587
0.33,6,2.9509205119633296e-05,-0.41794068205288604,1.5117052649902736e-05,4.316245530556078e-06,6.523684436493972e-11,0.005,0.005,0.005,False,False,0.0,4000,0.0016227281381333003,40764968.16045725,0.04804828078975352
0.33,7,3.0147777383059334e-05,-0.41851278804353303,1.3951290718972024e-05,3.855249263971349e-06,5.3718075627098434e-11,0.005,0.005,0.005,False,False,0.0,4000,0.001050622147486302,68224295.48701397,0.08041365550293592
0.33,8,0.00019328573980331834,-0.418911221385782,2.383818389399678e-06,6.449164432112444e-07,-8.397964027557839e-13,0.005,0.005,0.005,False,False,0.0,4000,0.0006521888052373193,643211046.5078492,0.7581309728498433
0.33,9,-0.0003317489305312057,-0.41908146005077107,2.156494845517593e-05,5.4244275329854445e-06,-7.71184845248398e-11,0.005,0.005,0.005,False,False,0.0,4000,0.0004819501402482662,96216480.0069312,0.11340709085746727
0.34,6,4.5648583732551405e-05,-0.4161934979379551,5.965930550495434e-06,1.7626311466768687e-06,1.0053947487956093e-11,0.005,0.005,0.005,False,False,5.551115123125783e-17,4000,0.001719214152875681,97497129.37692696,0.11288364564927499
0.34,7,6.473997749105466e-05,-0.41683838680586066,3.2879649552890815e-06,9.306690396582779e-07,3.030857782895543e-12,0.005,0.005,0.005,False,False,0.0,4000,0.0010743252849701457,283098144.41367096,0.3277752978183877
0.34,8,0.00024177679336335285,-0.4172804030820003,4.1037199613631045e-06,1.1471354013227341e-06,-4.0777393000446e-12,0.005,0.005,0.005,False,False,0.0,4000,0.0006323090088304895,385383319.9793611,0.4462026154996376
0.34,9,-0.00025194402743883266,-0.4174350355920549,2.1423732290523777e-05,5.905999034154278e-06,7.752623219783441e-11,0.005,0.005,0.005,False,False,0.0,4000,0.0004776764987758919,97717195.0766085,0.11313844103269978
