J2,D,h_c_D,plaquette_rms,dimer_rms,h_window
0.26,6,-4.477884466282198e-05,7.018667021684461e-06,3.6636678159907838e-06,0.003
0.26,7,-0.0004505020668665526,4.7401318762318445e-06,1.281313865309775e-05,0.003
0.26,8,-0.00034258099557542455,8.772604035046926e-06,5.814325892219285e-06,0.003
0.26,9,0.00011769941364104873,4.739129032428174e-05,2.6376125658896797e-05,0.003
0.265,6,1.300217360193515e-05,7.456078880992831e-06,3.6443934698329427e-06,0.003
0.265,7,-0.0004163926998381917,1.272233836586227e-05,5.756993734869185e-06,0.003
0.265,8,-0.00032666769901175874,1.064860170909435e-05,1.921949045581716e-06,0.003
0.27,6,0.0001730699386086059,7.584595889445826e-06,3.5010972185110426e-06,0.003
0.27,7,-0.0003560783148785122,5.424303921789994e-06,8.539651341726528e-07,0.003
0.27,8,-0.00030641705607076225,9.32338409456844e-06,9.564180644733437e-06,0.003
0.27,9,1.538221208662896e-05,2.9594001228294208e-05,2.0221721412864788e-05,0.003
0.275,6,0.0002567804570245167,8.963142125597307e-09,3.718663985576654e-06,0.003
0.275,7,-0.0002916050462440337,7.802694469320643e-06,3.845010925545021e-06,0.003
0.275,8,-0.0002779839154652978,7.607734353259708e-06,5.173806624192623e-06,0.003
0.275,9,-9.425625930167647e-06,2.1995425749066802e-05,1.574347825763657e-05,0.003
0.28,6,0.0001787322663351858,5.562545009353797e-06,3.4817382737168854e-06,0.003
0.28,7,-0.0002803600240663823,4.398652460255026e-06,2.5436851343390175e-05,0.003
0.28,8,-0.0007035614588901543,5.405729081641699e-06,0.000105464883258219,0.003
0.29,7,-0.00015980431531938073,4.813902592453434e-05,3.539465973938758e-06,0.003
0.3,7,-0.00010911298669643717,3.5271632890346564e-05,3.433002562288603e-06,0.003
0.3,8,-0.00011806447197322794,1.3602994455561894e-05,4.27900053335649e-06,0.003
0.31,7,-3.806392371401595e-05,4.414956798560125e-05,3.427977995973867e-06,0.003
0.32,7,-4.911769614112075e-05,2.5682746333436813e-05,3.5356079098087634e-06,0.003
0.33,7,3.3171277211656345e-05,9.620418213547285e-06,3.2818470893861184e-06,0.003
0.33,8,0.00018386119422303211,2.6443510033531876e-06,3.4495687350407103e-06,0.003
0.33,9,-0.0003120574880003611,5.1133217869286715e-06,1.0139973817421083e-06,0.003
0.34,8,0.00022942540618703947,2.843557694894161e-06,5.2029070908682866e-06,0.003
0.34,9,-0.00024420010723207465,3.0444532313047575e-06,3.6861633432084874e-07,0.003
