D,h_c_D,plaquette_n_fields,dimer_n_fields,plaquette_rms,dimer_rms,plaquette_E0,plaquette_E1,plaquette_E2,dimer_E0,dimer_E1,dimer_E2,J2
6,6.452550698680381e-05,9,9,0.00010636137250786549,7.613606275712922e-05,-0.4334870025277463,-0.2353674417412055,-1.2580315942557985,-0.4335171893765608,0.2325032503785471,-1.9172778352155686,0.26
7,-0.00034480694953230165,9,9,0.00010770843813071585,9.127257521088469e-05,-0.43391552001777156,-0.22927624055027943,-1.299433096974102,-0.43375767266089527,0.22828533856008745,-1.9466143076902866,0.26
8,-0.00024328462515189558,9,9,0.00011865193763155882,0.00010386153372044882,-0.43413810170446615,-0.22315672027183542,-1.3479700226652982,-0.4340303131179997,0.2197360659155858,-2.0167101672671044,0.26
9,0.00016312517176235444,9,8,0.0001575543630147232,0.00013644922292607386,-0.4343033063937523,-0.21620519680906508,-1.4124931216032524,-0.4343723256755515,0.20701697038381867,-2.1230171535292675,0.26
6,0.00011644464740367208,9,9,0.00010674452011552668,7.552157885322395e-05,-0.43213291639214396,-0.242782441040205,-1.2274784113516153,-0.4321890642074956,0.23948120903597106,-1.9063703265776608,0.265
7,-0.00022439751573366044,9,9,0.00015793072274765884,9.116388015783897e-05,-0.43253431152046856,-0.2294844599466473,-1.349113327283329,-0.4324306960364933,0.2321260353983293,-1.9694301091378803,0.265
8,-0.00022822271807271,9,9,0.00011931010244696416,0.00010067477380024348,-0.4328018759789561,-0.2309260202753642,-1.315346144345192,-0.4326971847164708,0.22764274541095306,-1.9960016607679274,0.265
9,9.891122389478713e-05,7,6,0.0001483732046477037,0.00014144902991779392,-0.43295543874608605,-0.2278291126146414,-1.3323005839538347,-0.43299943023816795,0.21700241055668434,-2.0823751286344456,0.265
6,0.00024190870944303553,10,9,9.412483370685467e-05,7.518195291401199e-05,-0.4307803433908893,-0.2541037586734014,-1.158731468189101,-0.43090125516922156,0.2458997146908826,-1.9006446106421633,0.27
7,-0.0002674200806771819,9,9,0.00010763761107732034,8.328795302938157e-05,-0.4312791362682621,-0.24430985734493654,-1.2385487594575197,-0.43114883965288,0.2427444385560651,-1.916970014188158,0.27
8,-0.00018197839390753968,9,9,0.00011939603852493774,9.4195120198749e-05,-0.4315105376567268,-0.23833933190826553,-1.2837043893229794,-0.43142449046262465,0.23437600717601337,-1.9847499535588042,0.27
9,0.00010574868093881472,9,8,0.00014071986943669184,0.00012011331859950043,-0.43167659257825336,-0.23220972101469275,-1.3398153646628665,-0.4317247496910181,0.22326042681655855,-2.0779657018908755,0.27
6,0.00026651119128397253,10,9,9.101616909055891e-05,7.491748398634592e-05,-0.42950004791492175,-0.26124273483759275,-1.1311569723066741,-0.4296369338687305,0.2525818701707081,-1.89217543502065,0.275
7,-0.00021384115898673915,9,9,0.0001006764109209924,7.718230478249447e-05,-0.4300170092887841,-0.25202732119891674,-1.2006674846256398,-0.4299097969184593,0.24918590354012823,-1.9081862458138166,0.275
8,-0.0001686047439225751,9,9,0.00011256862487723558,9.420829524624644e-05,-0.4302654524244823,-0.2454678354682478,-1.2537552904876201,-0.4301835763746143,0.24001811311697074,-1.985996432514051,0.275
9,3.2707999012784576e-05,9,9,0.0001369461231941729,0.0001280476497801764,-0.4304276382570471,-0.23926827513921392,-1.3100333932326098,-0.43044296113038427,0.22923182787443364,-2.0835980638313054,0.275
6,0.0002886576018752512,10,9,8.592909025678418e-05,7.125346929673662e-05,-0.42824889168794417,-0.26925641296460373,-1.0891976292422232,-0.42840145947893515,0.2595143580048796,-1.8802340992150013,0.28
7,-0.0001625003286575505,9,9,9.946244906569945e-05,8.082693599354848e-05,-0.4287990523234263,-0.2594679003999262,-1.1677998320733725,-0.4287157425821873,0.25308320021115543,-1.925910314394802,0.28
8,-0.0008232981171419865,9,9,0.00011074673820092035,0.00013372589865450352,-0.42905471117269994,-0.2525714080680922,-1.2216283323152406,-0.42863911233623325,0.2516194485540866,-1.9584813086416641,0.28
9,0.00011667582606124528,8,8,0.00013627810961656855,0.00011276966042375632,-0.4291835102762026,-0.2483339038176447,-1.2590318612271545,-0.42924017630322675,0.2374291142904547,-2.0504949504242296,0.28
6,0.0008410120906370631,9,9,5.422932891897106e-05,7.428198434767291e-05,-0.4255820552989698,-0.29212400886356565,-0.9360321925238889,-0.426055145494126,0.2711928523426872,-1.8777750445942885,0.29
7,6.509288946961905e-05,9,9,0.00012044633917131155,7.145823251449024e-05,-0.426338502219221,-0.2716885643892212,-1.1275528827905583,-0.42637362528304124,0.2679446039451306,-1.887122454346206,0.29
8,-0.0006779743911685846,9,8,0.00010586810196569482,0.000189102386924456,-0.4267299911860892,-0.26616780751545516,-1.1625375086495155,-0.4263744736740627,0.2576382109297261,-2.0119799026752214,0.29
9,9.121797796229884e-06,5,5,0.00018588626221120776,0.00018325864067321755,-0.4268620118236942,-0.2593523807054034,-1.233042104278466,-0.42686663519618595,0.24750411499841196,-2.0740003264949904,0.29
5,0.0008363302799567098,5,5,2.8388442658960702e-05,7.319291029199399e-05,-0.42228267409849063,-0.3121599082768038,-0.8155986518213905,-0.42277725796642135,0.28016264933658064,-1.949953343353536,0.3
6,0.0003851458519234132,8,9,7.79487018168087e-05,7.018903832707292e-05,-0.423592414317531,-0.29934933504156885,-0.9206528596686461,-0.423816833741385,0.28370106608715434,-1.8645798237268063,0.3
7,4.295115694152285e-05,9,9,0.00010330431721976261,7.148378046088854e-05,-0.4241726945156579,-0.28681728411536683,-1.035571895831541,-0.4241969911129042,0.2788989264353483,-1.885797307538367,0.3
8,-1.8944234198429645e-05,9,9,0.00012557844282380662,8.584921934109707e-05,-0.42452696684915453,-0.2762178003420254,-1.1342596762846289,-0.424516621313228,0.2698713463454596,-1.956916780123912,0.3
9,2.438786056613503e-06,5,5,0.00014302129724325747,0.00014262748248747994,-0.424695285771756,-0.2752997348254756,-1.135745851882115,-0.42469659813125665,0.2628223949699446,-2.017816755873336,0.3
10,-8.11137259032695e-05,5,5,0.0001603334624335148,0.00014864707444429818,-0.4248350381558059,-0.27022751926277083,-1.1808201101240081,-0.42479203917839525,0.259809604759977,-2.045850740697223,0.3
11,1.197346722348894e-05,5,5,0.000159228155488672,0.00015000175447227022,-0.4248551251312275,-0.2696920803660552,-1.1848876377357043,-0.42486143929803366,0.2576649977112697,-2.0629554865694066,0.3
6,0.00026878256746976407,9,9,8.726978722571256e-05,6.973951840331636e-05,-0.42155199275577615,-0.3070415691535904,-0.9324547429313953,-0.42171375806004324,0.29505275504654965,-1.8619988801632052,0.31
7,0.00015263145256430498,9,9,0.00014839653564886721,7.144704133062043e-05,-0.42206171768398054,-0.29282689956013036,-1.0699062085718298,-0.4221505358167624,0.28921054905759747,-1.889280877346735,0.31
8,-5.2781556593200954e-05,9,8,0.0001048657410968403,0.00011390864095288645,-0.4224936199357058,-0.28970968193429625,-1.0712620757732445,-0.4224635332178106,0.28026663613229685,-1.9616791193602752,0.31
9,-2.635675296567846e-05,5,5,0.000205718019717557,0.00015607669358766137,-0.4226470801681259,-0.2821036305848505,-1.1499134608578832,-0.4226324690706713,0.27223189909514706,-2.0321039819905975,0.31
6,0.0013155441508617759,8,9,9.321571617634819e-05,7.429461794509964e-05,-0.4188891557240554,-0.3460561842808049,-0.6252984542967857,-0.41974378378448507,0.30522111087399684,-1.8710545640966303,0.32
7,-0.00013383252129660516,6,9,2.8078390722337105e-05,7.260388229332895e-05,-0.42030762634818997,-0.26135587253876963,-1.5399118386600577,-0.42023262490314794,0.29900908460427045,-1.8966719312540825,0.32
8,-0.0005413490401037142,9,8,0.00010587232727570398,0.00017796747181049883,-0.42061173342807884,-0.3002334412900256,-1.0274698212667894,-0.4202931882097187,0.2876590134778565,-2.0177226439674465,0.32
9,-7.092602056618736e-06,5,5,0.00022430923686740653,0.00014752012541631264,-0.420747605108723,-0.29161186378133896,-1.124039366521662,-0.4207435253690782,0.28359234881213324,-2.019846150904422,0.32
6,0.00028418887668518755,6,5,5.205494899831813e-05,5.629336546974042e-08,-0.4177748715505841,-0.32813349818570375,-0.8247537980803998,-0.4179491089718479,0.2856656503980522,-3.269790584153236,0.33
7,7.629797572422836e-05,7,7,6.254090165088843e-05,4.361862805308844e-05,-0.41840657487627464,-0.3259919825794081,-0.8379570783400365,-0.418455332030995,0.3131206658244396,-1.842291360185754,0.33
8,0.00019328573980331834,5,5,4.843058012173519e-07,6.5483180137455e-07,-0.41885885646982884,-0.27035651564110913,-2.9137749334042993,-0.4189604420834991,0.25544553897839245,-4.10291271648319,0.33
9,-0.00022906929729356963,9,8,9.904133205990574e-05,8.267215099356967e-05,-0.41904348336275127,-0.30754643519815694,-1.0006358026742952,-0.4189052622369963,0.29562808022504256,-1.998551265404638,0.33
6,4.5648583732551405e-05,4,5,7.666757973972352e-07,3.523185040912702e-07,-0.4161811294471104,-0.2706849282020327,-5.810190072694839,-0.41620693929750346,0.2946035957997567,-3.30040544578324,0.34
7,6.473997749105466e-05,4,5,4.054627740155014e-07,8.249675995691923e-08,-0.4168222849379259,-0.2482040344378737,-7.907954884066154,-0.41685672065890583,0.2834191819778208,-3.5069168080797657,0.34
8,0.00024177679336335285,5,5,4.822589502278153e-07,1.1837510815486145e-06,-0.41721243121952956,-0.2803513360780315,-3.2403065716172335,-0.4173432484615596,0.26097063087093797,-4.298321098004714,0.34
9,-0.0002470350497246488,8,8,9.055054702620888e-05,0.00011210750066287394,-0.41741155377826233,-0.31834378773686717,-0.9446583406371244,-0.4172581966036971,0.30217479218168897,-2.048056425428471,0.34
