J2,accepted,reason,h_window,h_c,h_c_error,h_c_q16,h_c_q84,slope_difference,plaquette_degree,dimer_degree,plaquette_n,dimer_n,plaquette_inliers,dimer_inliers,plaquette_rms,dimer_rms,Ds,per_D_crossing_count,per_D_crossing_spread
0.26,True,accepted,0.003,8.954776265808495e-05,0.00034842997502174014,-0.0002118470892585765,0.00048501286078490375,-0.27234604996645795,1,1,16,16,15,16,1.4715352788726648e-05,8.727620556334236e-05,6 7 8 9,4,0.0002272188611412393
0.265,True,accepted,0.003,-0.0006164499936991224,0.00042094195787393,-0.0010121316779840668,-0.00017024776223620682,-0.22605403965954068,1,1,16,14,15,14,3.442824116339517e-05,7.308470084682785e-05,6 7 8 9,3,0.00018493426924521918
0.27,True,accepted,0.003,-0.0006666575323348716,0.0006192018300003072,-0.0013522466862017862,-0.00011384302620117193,-0.2227305913657858,1,1,16,16,16,16,4.9697959554970965e-05,4.722987309187739e-05,6 7 8 9,4,0.000220620574181814
0.275,True,accepted,0.003,-0.0005562926536736078,0.00028533887039689464,-0.0008564982628871252,-0.0002858205220933359,-0.28948463891235665,1,1,16,16,16,16,3.996403274145981e-05,4.299651120707584e-05,6 7 8 9,4,0.00022493048762506584
0.28,True,accepted,0.003,-0.0004404831923413998,0.0004578473643928106,-0.0008514387131309656,6.425601565465572e-05,-0.2666535404329097,1,1,15,16,15,14,3.7828458796620417e-05,9.117631697533205e-05,6 7 8 9,3,0.0003602942320929544
0.29,False,no near-zero real crossing; D-infinity branch slope has the wrong pinning-field sign,0.003,nan,0.0008448311670646414,-0.002313980298081194,-0.0006243179639519112,-0.138378093780248,2,1,12,12,12,12,4.195166670501413e-05,7.374789451291628e-05,6 7 8 9,1,nan
0.3,True,accepted,0.003,-7.435295994246061e-05,9.01752076270797e-05,-0.00016380653171556043,1.6543883538598974e-05,-0.48691804762209057,1,1,13,16,13,15,3.3592488507364564e-05,2.1222248969160752e-05,5 6 7 8 9 10 11,2,4.475742638395387e-06
0.31,True,accepted,0.003,-0.00013664923861514045,0.00017432947820195067,-0.00033288191401006787,1.5777042393833474e-05,-0.45410183117604347,1,1,12,12,12,12,4.055835238530643e-05,1.583998968369669e-05,6 7 8 9,1,nan
0.32,False,D-infinity branch slope has the wrong pinning-field sign,0.003,0.00015491379884020862,0.0002441728329977267,-8.177798535717773e-05,0.00040656768063827565,-0.45651091195780147,2,1,12,12,10,11,3.932339491474496e-05,6.526558551167245e-05,6 7 8 9,1,nan
0.33,True,accepted,0.003,-0.00020930389853475722,0.00014308893417534164,-0.00034512714369660375,-5.8949275345920476e-05,-0.5156176997116673,1,1,15,16,15,16,1.812699330829789e-05,6.674166840695379e-05,6 7 8 9,3,0.00020758550869913196
0.34,True,accepted,0.003,-0.00010309945126426608,0.00015078171687940702,-0.00025631180246780424,4.525163129100979e-05,-0.5330056399571923,1,1,14,16,14,16,2.325154580121446e-05,7.329502426045016e-05,6 7 8 9,2,0.00023681275670955706
