J2,branch,D,signed_h,energy,residual,robust_inlier,h_window,degree,point_id,path
0.26,dimer-plaquette,6,-0.003,-0.4342283429485,-4.785774605187143e-05,True,0.003,1,1c5976bec5fed4,D:\HyraiOn\ENS_Lyon\Internship\2026-EPFL\data\distinVBCsSmallH\Results_Izar_replica1\J2_0.26\D_6\orientation_2\dimer-plaquette\replica_1\h_0p003\D_6_chi_72_energy_magnetization_correlation.txt
0.26,dimer-plaquette,6,-0.002,-0.4340117513363,-5.07530920075272e-05,True,0.003,1,995a5be09bcce0,D:\HyraiOn\ENS_Lyon\Internship\2026-EPFL\data\distinVBCsSmallH\Results_Izar_replica1\J2_0.26\D_6\orientation_2\dimer-plaquette\replica_1\h_0p002\D_6_chi_72_energy_magnetization_correlation.txt
0.26,dimer-plaquette,6,-0.001,-0.4338022017712,-6.0690485063186195e-05,True,0.003,1,f526a86cc3c42e,D:\HyraiOn\ENS_Lyon\Internship\2026-EPFL\data\distinVBCsSmallH\Results_Izar_replica1\J2_0.26\D_6\orientation_2\dimer-plaquette\replica_1\h_0p001\D_6_chi_72_energy_magnetization_correlation.txt
0.26,dimer-plaquette,6,0.0,-0.4336002626257,-7.823829771885782e-05,True,0.003,1,bad23aad725a35,D:\HyraiOn\ENS_Lyon\Internship\2026-EPFL\data\distinVBCsSmallH\Results_Izar_replica1\J2_0.26\D_6\orientation_2\dimer-plaquette\replica_1\h_0\D_6_chi_72_energy_magnetization_correlation.txt
0.26,dimer-plaquette,7,-0.003,-0.4344543740103,6.308725173576057e-05,True,0.003,1,d50234b2fe5486,D:\HyraiOn\ENS_Lyon\Internship\2026-EPFL\data\distinVBCsSmallH\Results_Izar_replica1\J2_0.26\D_7\orientation_1\dimer-plaquette\replica_1\h_0p003\D_7_chi_91_energy_magnetization_correlation.txt
0.26,dimer-plaquette,7,-0.002,-0.4342447681641,9.458387446320549e-05,True,0.003,1,3d0881939b5711,D:\HyraiOn\ENS_Lyon\Internship\2026-EPFL\data\distinVBCsSmallH\Results_Izar_replica1\J2_0.26\D_7\orientation_1\dimer-plaquette\replica_1\h_0p002\D_7_chi_91_energy_magnetization_correlation.txt
0.26,dimer-plaquette,7,-0.001,-0.434042972409,0.0001182704060906925,True,0.003,1,f5c5df0cc06400,D:\HyraiOn\ENS_Lyon\Internship\2026-EPFL\data\distinVBCsSmallH\Results_Izar_replica1\J2_0.26\D_7\orientation_1\dimer-plaquette\replica_1\h_0p001\D_7_chi_91_energy_magnetization_correlation.txt
0.26,dimer-plaquette,7,0.0,-0.4338823933342,0.00010074025741818593,True,0.003,1,524826532a661a,D:\HyraiOn\ENS_Lyon\Internship\2026-EPFL\data\distinVBCsJ2Continuation\D7DimerJ2_0p26\Results_D7DimerJ2_0p26\adiabatic\duplicate_3\D_7_chi_91_energy_magnetization_correlation.txt
0.26,dimer-plaquette,8,-0.003,-0.4346852697151,3.6195677701023055e-05,True,0.003,1,aeebff7681690f,D:\HyraiOn\ENS_Lyon\Internship\2026-EPFL\data\distinVBCsSmallH\Results_Izar_replica1\J2_0.26\D_8\orientation_1\dimer-plaquette\replica_1\h_0p003\D_8_chi_104_energy_magnetization_correlation.txt
0.26,dimer-plaquette,8,-0.002,-0.4344991311972,6.927490833880112e-05,True,0.003,1,7597aebb7d07e6,D:\HyraiOn\ENS_Lyon\Internship\2026-EPFL\data\distinVBCsSmallH\Results_Izar_replica1\J2_0.26\D_8\orientation_1\dimer-plaquette\replica_1\h_0p002\D_8_chi_104_energy_magnetization_correlation.txt
0.26,dimer-plaquette,8,-0.001,-0.4343345078361,8.083898217653429e-05,True,0.003,1,d46267d525a0f1,D:\HyraiOn\ENS_Lyon\Internship\2026-EPFL\data\distinVBCsSmallH\Results_Izar_replica1\J2_0.26\D_8\orientation_1\dimer-plaquette\replica_1\h_0p001\D_8_chi_104_energy_magnetization_correlation.txt
0.26,dimer-plaquette,8,0.0,-0.4341694544855,9.28330455142734e-05,True,0.003,1,5017913f59613e,D:\HyraiOn\ENS_Lyon\Internship\2026-EPFL\data\distinVBCsSmallH\Results_Izar_replica1\J2_0.26\D_8\orientation_1\dimer-plaquette\replica_1\h_0\D_8_chi_104_energy_magnetization_correlation.txt
0.26,dimer-plaquette,9,-0.003,-0.4349399721478,-9.500336600382076e-05,True,0.003,1,5841b0fe678124,D:\HyraiOn\ENS_Lyon\Internship\2026-EPFL\data\distinVBCsSmallH\Results_Izar_replica1\J2_0.26\D_9\orientation_1\dimer-plaquette\replica_1\h_0p003\D_9_chi_108_energy_magnetization_correlation.txt
0.26,dimer-plaquette,9,-0.002,-0.4347831884615,-7.611382298361447e-05,True,0.003,1,742f723b2ff365,D:\HyraiOn\ENS_Lyon\Internship\2026-EPFL\data\distinVBCsSmallH\Results_Izar_replica1\J2_0.26\D_9\orientation_1\dimer-plaquette\replica_1\h_0p002\D_9_chi_108_energy_magnetization_correlation.txt
0.26,dimer-plaquette,9,-0.001,-0.4346508485862,-8.166809096338268e-05,True,0.003,1,1ea11085d3128e,D:\HyraiOn\ENS_Lyon\Internship\2026-EPFL\data\distinVBCsSmallH\Results_Izar_replica1\J2_0.26\D_9\orientation_1\dimer-plaquette\replica_1\h_0p001\D_9_chi_108_energy_magnetization_correlation.txt
0.26,dimer-plaquette,9,0.0,-0.4345967858546,-0.0001654995026431072,True,0.003,1,69597a391d022c,D:\HyraiOn\ENS_Lyon\Internship\2026-EPFL\data\distinVBCsJ2Continuation\Results_Izar_J2_sequences\s006_J2_0p33_D_9_dimer-plaquette\left\insurance_2\J2_0p26\D_9_chi_108_energy_magnetization_correlation.txt
0.26,plaquette,6,0.0,-0.4336216533534,-3.583753485358887e-06,True,0.003,1,866b5e18bbfd02,D:\HyraiOn\ENS_Lyon\Internship\2026-EPFL\data\distinVBCsSmallH\Results_Izar_replica1\J2_0.26\D_6\orientation_2\plaquette\replica_1\h_0\D_6_chi_72_energy_magnetization_correlation.txt
0.26,plaquette,6,0.001,-0.4337957386403,1.5173281930846994e-05,True,0.003,1,6443bbf76b4472,D:\HyraiOn\ENS_Lyon\Internship\2026-EPFL\data\distinVBCsSmallH\Results_Izar_replica1\J2_0.26\D_6\orientation_2\plaquette\replica_1\h_0p001\D_6_chi_72_energy_magnetization_correlation.txt
0.26,plaquette,6,0.002,-0.4339862526055,1.7501639047068362e-05,True,0.003,1,a6c3eff1576fc2,D:\HyraiOn\ENS_Lyon\Internship\2026-EPFL\data\distinVBCsSmallH\Results_Izar_replica1\J2_0.26\D_6\orientation_2\plaquette\replica_1\h_0p002\D_6_chi_72_energy_magnetization_correlation.txt
0.26,plaquette,6,0.003,-0.4341883280526,8.268514263332083e-06,True,0.003,1,82b551c1bbf4bc,D:\HyraiOn\ENS_Lyon\Internship\2026-EPFL\data\distinVBCsSmallH\Results_Izar_replica1\J2_0.26\D_6\orientation_2\plaquette\replica_1\h_0p003\D_6_chi_72_energy_magnetization_correlation.txt
0.26,plaquette,7,0.0,-0.4340437417707,-1.208628833310188e-05,True,0.003,1,887e23d4303c69,D:\HyraiOn\ENS_Lyon\Internship\2026-EPFL\data\distinVBCsSmallH\Results_Izar_replica1\J2_0.26\D_7\orientation_1\plaquette\replica_1\h_0\D_7_chi_91_energy_magnetization_correlation.txt
0.26,plaquette,7,0.001,-0.4342205757038,-9.938035592571559e-06,True,0.003,1,db5b4ac320e637,D:\HyraiOn\ENS_Lyon\Internship\2026-EPFL\data\distinVBCsSmallH\Results_Izar_replica1\J2_0.26\D_7\orientation_1\plaquette\replica_1\h_0p001\D_7_chi_91_energy_magnetization_correlation.txt
0.26,plaquette,7,0.002,-0.4344076391755,-1.8019321452067416e-05,True,0.003,1,8794fe672a36aa,D:\HyraiOn\ENS_Lyon\Internship\2026-EPFL\data\distinVBCsSmallH\Results_Izar_replica1\J2_0.26\D_7\orientation_1\plaquette\replica_1\h_0p002\D_7_chi_91_energy_magnetization_correlation.txt
0.26,plaquette,7,0.003,-0.4346034215974,-3.4819557511445165e-05,True,0.003,1,3e82f3c42db741,D:\HyraiOn\ENS_Lyon\Internship\2026-EPFL\data\distinVBCsSmallH\Results_Izar_replica1\J2_0.26\D_7\orientation_1\plaquette\replica_1\h_0p003\D_7_chi_91_energy_magnetization_correlation.txt
0.26,plaquette,8,0.0,-0.4342918077479,-9.768815297239719e-06,True,0.003,1,02fc1e7ad09479,D:\HyraiOn\ENS_Lyon\Internship\2026-EPFL\data\distinVBCsJ2Continuation\Results_Izar_J2_sequences\s003_J2_0p28_D_8_plaquette\left\insurance_2\J2_0p26\D_8_chi_104_energy_magnetization_correlation.txt
0.26,plaquette,8,0.001,-0.4344422212515,1.0408988678933806e-05,True,0.003,1,c7015153b29d84,D:\HyraiOn\ENS_Lyon\Internship\2026-EPFL\data\distinVBCsSmallH\Results_Izar_replica1\J2_0.26\D_8\orientation_1\plaquette\replica_1\h_0p001\D_8_chi_104_energy_magnetization_correlation.txt
0.26,plaquette,8,0.002,-0.4346176822461,5.539301655144158e-06,True,0.003,1,fa0cf552bfc332,D:\HyraiOn\ENS_Lyon\Internship\2026-EPFL\data\distinVBCsSmallH\Results_Izar_replica1\J2_0.26\D_8\orientation_1\plaquette\replica_1\h_0p002\D_8_chi_104_energy_magnetization_correlation.txt
0.26,plaquette,8,0.003,-0.4348024751218,-8.662266468673074e-06,True,0.003,1,dabbc4f4c99ad8,D:\HyraiOn\ENS_Lyon\Internship\2026-EPFL\data\distinVBCsSmallH\Results_Izar_replica1\J2_0.26\D_8\orientation_1\plaquette\replica_1\h_0p003\D_8_chi_104_energy_magnetization_correlation.txt
0.26,plaquette,9,0.0,-0.4345932622565,-0.00015964205671203935,False,0.003,1,d901e005b3b4fa,D:\HyraiOn\ENS_Lyon\Internship\2026-EPFL\data\distinVBCsJ2Continuation\Results_Izar_J2_sequences\s005_J2_0p3_D_9_plaquette\left\insurance_2\J2_0p26\D_9_chi_108_energy_magnetization_correlation.txt
0.26,plaquette,9,0.001,-0.4345867905135,1.2341185438635716e-05,True,0.003,1,149044239eb2a3,D:\HyraiOn\ENS_Lyon\Internship\2026-EPFL\data\distinVBCsSmallH\Results_Izar_replica1\J2_0.26\D_9\orientation_1\plaquette\replica_1\h_0p001\D_9_chi_108_energy_magnetization_correlation.txt
0.26,plaquette,9,0.002,-0.4347493190869,1.5324111189318756e-05,True,0.003,1,50cc489c10dba5,D:\HyraiOn\ENS_Lyon\Internship\2026-EPFL\data\distinVBCsSmallH\Results_Izar_replica1\J2_0.26\D_9\orientation_1\plaquette\replica_1\h_0p002\D_9_chi_108_energy_magnetization_correlation.txt
0.26,plaquette,9,0.003,-0.4349178336813,1.2321015940119917e-05,True,0.003,1,5201359b2c9a51,D:\HyraiOn\ENS_Lyon\Internship\2026-EPFL\data\distinVBCsSmallH\Results_Izar_replica1\J2_0.26\D_9\orientation_1\plaquette\replica_1\h_0p003\D_9_chi_108_energy_magnetization_correlation.txt
0.265,dimer-plaquette,6,-0.003,-0.432920588202,-3.674670965442273e-05,True,0.003,1,ec103f148d8d2e,D:\HyraiOn\ENS_Lyon\Internship\2026-EPFL\data\distinVBCsSmallH\Results_Izar_replica1\J2_0.265\D_6\orientation_2\dimer-plaquette\replica_1\h_0p003\D_6_chi_72_energy_magnetization_correlation.txt
0.265,dimer-plaquette,6,-0.002,-0.4326974491345,-3.790673520714938e-05,True,0.003,1,0d976601ac3b97,D:\HyraiOn\ENS_Lyon\Internship\2026-EPFL\data\distinVBCsSmallH\Results_Izar_replica1\J2_0.265\D_6\orientation_2\dimer-plaquette\replica_1\h_0p002\D_6_chi_72_energy_magnetization_correlation.txt
0.265,dimer-plaquette,6,-0.001,-0.4324815043985,-4.626109226002484e-05,True,0.003,1,fa772767d06a83,D:\HyraiOn\ENS_Lyon\Internship\2026-EPFL\data\distinVBCsSmallH\Results_Izar_replica1\J2_0.265\D_6\orientation_2\dimer-plaquette\replica_1\h_0p001\D_6_chi_72_energy_magnetization_correlation.txt
0.265,dimer-plaquette,6,0.0,-0.4322729426607,-6.199844751281214e-05,True,0.003,1,8819c390bd86c7,D:\HyraiOn\ENS_Lyon\Internship\2026-EPFL\data\distinVBCsSmallH\Results_Izar_replica1\J2_0.265\D_6\orientation_2\dimer-plaquette\replica_1\h_0\D_6_chi_72_energy_magnetization_correlation.txt
0.265,dimer-plaquette,7,-0.003,-0.433136828203,4.8486872958386495e-05,True,0.003,1,3ce3ee6e9f0dc7,D:\HyraiOn\ENS_Lyon\Internship\2026-EPFL\data\distinVBCsSmallH\Results_Izar_replica1\J2_0.265\D_7\orientation_0\dimer-plaquette\replica_1\h_0p003\D_7_chi_91_energy_magnetization_correlation.txt
0.265,dimer-plaquette,7,-0.002,-0.4329287908073,6.776391743912313e-05,True,0.003,1,8efed26db1fb09,D:\HyraiOn\ENS_Lyon\Internship\2026-EPFL\data\distinVBCsSmallH\Results_Izar_replica1\J2_0.265\D_7\orientation_0\dimer-plaquette\replica_1\h_0p002\D_7_chi_91_energy_magnetization_correlation.txt
0.265,dimer-plaquette,7,-0.001,-0.4327245915629,8.320281061985346e-05,True,0.003,1,06368d6889c09a,D:\HyraiOn\ENS_Lyon\Internship\2026-EPFL\data\distinVBCsSmallH\Results_Izar_replica1\J2_0.265\D_7\orientation_0\dimer-plaquette\replica_1\h_0p001\D_7_chi_91_energy_magnetization_correlation.txt
0.265,dimer-plaquette,7,0.0,-0.4325386595502,8.037447210063053e-05,True,0.003,1,62a411d13fbe15,D:\HyraiOn\ENS_Lyon\Internship\2026-EPFL\data\distinVBCsJ2Continuation\Results_Izar_J2_sequences\s002_J2_0p3_D_7_dimer-plaquette\left\insurance_2\J2_0p265\D_7_chi_91_energy_magnetization_correlation.txt
0.265,dimer-plaquette,8,-0.003,-0.4333711030571,1.4581677109049007e-05,True,0.003,1,53e567c23b644c,D:\HyraiOn\ENS_Lyon\Internship\2026-EPFL\data\distinVBCsSmallH\Results_Izar_replica1\J2_0.265\D_8\orientation_2\dimer-plaquette\replica_1\h_0p003\D_8_chi_104_energy_magnetization_correlation.txt
0.265,dimer-plaquette,8,-0.002,-0.4331681968292,5.2347817530773444e-05,True,0.003,1,97be68dde3d314,D:\HyraiOn\ENS_Lyon\Internship\2026-EPFL\data\distinVBCsSmallH\Results_Izar_replica1\J2_0.265\D_8\orientation_2\dimer-plaquette\replica_1\h_0p002\D_8_chi_104_energy_magnetization_correlation.txt
0.265,dimer-plaquette,8,-0.001,-0.4330082317469,4.717281235239179e-05,True,0.003,1,7f8f829b4739ab,D:\HyraiOn\ENS_Lyon\Internship\2026-EPFL\data\distinVBCsSmallH\Results_Izar_replica1\J2_0.265\D_8\orientation_2\dimer-plaquette\replica_1\h_0p001\D_8_chi_104_energy_magnetization_correlation.txt
0.265,dimer-plaquette,8,0.0,-0.4328330239185,5.7240553274162664e-05,True,0.003,1,09269b9ba189eb,D:\HyraiOn\ENS_Lyon\Internship\2026-EPFL\data\distinVBCsJ2Continuation\Results_Izar_J2_sequences\s004_J2_0p3_D_8_dimer-plaquette\left\insurance_2\J2_0p265\D_8_chi_104_energy_magnetization_correlation.txt
0.265,dimer-plaquette,9,-0.003,-0.433628020615,-0.00010916335049354631,True,0.003,1,2ac63b53f8a184,D:\HyraiOn\ENS_Lyon\Internship\2026-EPFL\data\distinVBCsSmallH\Results_Izar_replica1\J2_0.265\D_9\orientation_1\dimer-plaquette\replica_1\h_0p003\D_9_chi_108_energy_magnetization_correlation.txt
0.265,dimer-plaquette,9,0.0,-0.4332296281066,-0.0001590945982591352,True,0.003,1,e4eef3fed70bec,D:\HyraiOn\ENS_Lyon\Internship\2026-EPFL\data\distinVBCsJ2Continuation\Results_Izar_J2_sequences\s101_J2_0p28_D_9_dimer-plaquette\left\insurance_1\J2_0p265\D_9_chi_108_energy_magnetization_correlation.txt
0.265,plaquette,6,0.0,-0.4322716028274,-1.6651281178114985e-05,True,0.003,1,a5fadf305a20a9,D:\HyraiOn\ENS_Lyon\Internship\2026-EPFL\data\distinVBCsSmallH\Results_Izar_replica1\J2_0.265\D_6\orientation_2\plaquette\replica_1\h_0\D_6_chi_72_energy_magnetization_correlation.txt
0.265,plaquette,6,0.001,-0.4324501109266,1.1726297876490932e-05,True,0.003,1,8c4d3ece1f125d,D:\HyraiOn\ENS_Lyon\Internship\2026-EPFL\data\distinVBCsSmallH\Results_Izar_replica1\J2_0.265\D_6\orientation_2\plaquette\replica_1\h_0p001\D_6_chi_72_energy_magnetization_correlation.txt
0.265,plaquette,6,0.002,-0.4326455428408,2.3180061931082907e-05,True,0.003,1,f358f9ece955cd,D:\HyraiOn\ENS_Lyon\Internship\2026-EPFL\data\distinVBCsSmallH\Results_Izar_replica1\J2_0.265\D_6\orientation_2\plaquette\replica_1\h_0p002\D_6_chi_72_energy_magnetization_correlation.txt
0.265,plaquette,6,0.003,-0.4328538194114,2.1789169585617607e-05,True,0.003,1,faa72dc2492749,D:\HyraiOn\ENS_Lyon\Internship\2026-EPFL\data\distinVBCsSmallH\Results_Izar_replica1\J2_0.265\D_6\orientation_2\plaquette\replica_1\h_0p003\D_6_chi_72_energy_magnetization_correlation.txt
0.265,plaquette,7,0.0,-0.4327075169242,-1.2500561243855568e-05,True,0.003,1,ee892bb7f724f0,D:\HyraiOn\ENS_Lyon\Internship\2026-EPFL\data\distinVBCsJ2Continuation\Results_Izar_J2_sequences\s001_J2_0p28_D_7_plaquette\left\insurance_2\J2_0p265\D_7_chi_91_energy_magnetization_correlation.txt
0.265,plaquette,7,0.001,-0.4328641872551,4.459698868253259e-06,True,0.003,1,618a4547399f3f,D:\HyraiOn\ENS_Lyon\Internship\2026-EPFL\data\distinVBCsSmallH\Results_Izar_replica1\J2_0.265\D_7\orientation_0\plaquette\replica_1\h_0p001\D_7_chi_91_energy_magnetization_correlation.txt
0.265,plaquette,7,0.002,-0.4330612927127,-1.901516771957157e-05,True,0.003,1,aa93bcaa42956e,D:\HyraiOn\ENS_Lyon\Internship\2026-EPFL\data\distinVBCsSmallH\Results_Izar_replica1\J2_0.265\D_7\orientation_0\plaquette\replica_1\h_0p002\D_7_chi_91_energy_magnetization_correlation.txt
0.265,plaquette,7,0.003,-0.4332667935366,-5.0885400607436626e-05,True,0.003,1,7f27c5205b0d7b,D:\HyraiOn\ENS_Lyon\Internship\2026-EPFL\data\distinVBCsSmallH\Results_Izar_replica1\J2_0.265\D_7\orientation_0\plaquette\replica_1\h_0p003\D_7_chi_91_energy_magnetization_correlation.txt
0.265,plaquette,8,0.0,-0.4329593291354,2.8169361083574262e-05,True,0.003,1,5b756f0cc31311,D:\HyraiOn\ENS_Lyon\Internship\2026-EPFL\data\distinVBCsJ2Continuation\Results_Izar_J2_sequences\s003_J2_0p28_D_8_plaquette\left\insurance_2\J2_0p265\D_8_chi_104_energy_magnetization_correlation.txt
0.265,plaquette,8,0.001,-0.4331112633847,2.776323402869929e-05,True,0.003,1,bdf9458c373d22,D:\HyraiOn\ENS_Lyon\Internship\2026-EPFL\data\distinVBCsSmallH\Results_Izar_replica1\J2_0.265\D_8\orientation_2\plaquette\replica_1\h_0p001\D_8_chi_104_energy_magnetization_correlation.txt
0.265,plaquette,8,0.002,-0.4332955406885,-4.985947526070511e-06,True,0.003,1,0bd1cd881c5e83,D:\HyraiOn\ENS_Lyon\Internship\2026-EPFL\data\distinVBCsSmallH\Results_Izar_replica1\J2_0.265\D_8\orientation_2\plaquette\replica_1\h_0p002\D_8_chi_104_energy_magnetization_correlation.txt
0.265,plaquette,8,0.003,-0.4334887641704,-4.66813071808847e-05,True,0.003,1,340362e839d824,D:\HyraiOn\ENS_Lyon\Internship\2026-EPFL\data\distinVBCsSmallH\Results_Izar_replica1\J2_0.265\D_8\orientation_2\plaquette\replica_1\h_0p003\D_8_chi_104_energy_magnetization_correlation.txt
0.265,plaquette,9,0.0,-0.4332365923422,-5.470021282488746e-05,True,0.003,1,9d4e03d400cc2c,D:\HyraiOn\ENS_Lyon\Internship\2026-EPFL\data\distinVBCsJ2Continuation\Results_Izar_J2_sequences\s005_J2_0p3_D_9_plaquette\left\insurance_1\J2_0p265\D_9_chi_108_energy_magnetization_correlation.txt
0.265,plaquette,9,0.001,-0.433167150404,0.00015157979066654503,False,0.003,1,80c3b07344a8e5,D:\HyraiOn\ENS_Lyon\Internship\2026-EPFL\data\distinVBCsSmallH\Results_Izar_replica1\J2_0.265\D_9\orientation_1\plaquette\replica_1\h_0p001\D_9_chi_108_energy_magnetization_correlation.txt
0.265,plaquette,9,0.002,-0.4333755975857,7.997067425796756e-05,True,0.003,1,0bd97bb81bf8dd,D:\HyraiOn\ENS_Lyon\Internship\2026-EPFL\data\distinVBCsSmallH\Results_Izar_replica1\J2_0.265\D_9\orientation_1\plaquette\replica_1\h_0p002\D_9_chi_108_energy_magnetization_correlation.txt
0.265,plaquette,9,0.003,-0.4335840449446,8.361380649357653e-06,True,0.003,1,9eeb4286aac53b,D:\HyraiOn\ENS_Lyon\Internship\2026-EPFL\data\distinVBCsSmallH\Results_Izar_replica1\J2_0.265\D_9\orientation_1\plaquette\replica_1\h_0p003\D_9_chi_108_energy_magnetization_correlation.txt
0.27,dimer-plaquette,6,-0.003,-0.4316520862141,-3.3966007604524506e-05,True,0.003,1,e36cf6f3a9d85e,D:\HyraiOn\ENS_Lyon\Internship\2026-EPFL\data\distinVBCsSmallH\Results_Izar_replica1\J2_0.27\D_6\orientation_0\dimer-plaquette\replica_1\h_0p003\D_6_chi_72_energy_magnetization_correlation.txt
0.27,dimer-plaquette,6,-0.002,-0.4314222775557,-3.233838895283503e-05,True,0.003,1,5d7800d0eaeef2,D:\HyraiOn\ENS_Lyon\Internship\2026-EPFL\data\distinVBCsSmallH\Results_Izar_replica1\J2_0.27\D_6\orientation_0\dimer-plaquette\replica_1\h_0p002\D_6_chi_72_energy_magnetization_correlation.txt
0.27,dimer-plaquette,6,-0.001,-0.4311992222519,-3.7464124901076534e-05,True,0.003,1,98cc356c185fce,D:\HyraiOn\ENS_Lyon\Internship\2026-EPFL\data\distinVBCsSmallH\Results_Izar_replica1\J2_0.27\D_6\orientation_0\dimer-plaquette\replica_1\h_0p001\D_6_chi_72_energy_magnetization_correlation.txt
0.27,dimer-plaquette,6,0.0,-0.4309834162261,-4.983913884937241e-05,True,0.003,1,91f9800ae3c198,D:\HyraiOn\ENS_Lyon\Internship\2026-EPFL\data\distinVBCsSmallH\Results_Izar_replica1\J2_0.27\D_6\orientation_0\dimer-plaquette\replica_1\h_0\D_6_chi_72_energy_magnetization_correlation.txt
0.27,dimer-plaquette,7,-0.003,-0.4318719409013,3.903393104637276e-05,True,0.003,1,e6655eb3cf1d22,D:\HyraiOn\ENS_Lyon\Internship\2026-EPFL\data\distinVBCsSmallH\Results_Izar_replica1\J2_0.27\D_7\orientation_0\dimer-plaquette\replica_1\h_0p003\D_7_chi_91_energy_magnetization_correlation.txt
0.27,dimer-plaquette,7,-0.002,-0.4316429317706,6.832339553780598e-05,True,0.003,1,8578ad9f76468e,D:\HyraiOn\ENS_Lyon\Internship\2026-EPFL\data\distinVBCsSmallH\Results_Izar_replica1\J2_0.27\D_7\orientation_0\dimer-plaquette\replica_1\h_0p002\D_7_chi_91_energy_magnetization_correlation.txt
0.27,dimer-plaquette,7,-0.001,-0.4314653184137,4.621708622926102e-05,True,0.003,1,2398b6c033c179,D:\HyraiOn\ENS_Lyon\Internship\2026-EPFL\data\distinVBCsSmallH\Results_Izar_replica1\J2_0.27\D_7\orientation_0\dimer-plaquette\replica_1\h_0p001\D_7_chi_91_energy_magnetization_correlation.txt
0.27,dimer-plaquette,7,0.0,-0.4312592400066,5.25758271206489e-05,True,0.003,1,d28d8fa1c7e72e,D:\HyraiOn\ENS_Lyon\Internship\2026-EPFL\data\distinVBCsJ2Continuation\Results_Izar_J2_sequences\s002_J2_0p3_D_7_dimer-plaquette\left\insurance_1\J2_0p27\D_7_chi_91_energy_magnetization_correlation.txt
0.27,dimer-plaquette,8,-0.003,-0.4321343814057,1.1850842546179408e-06,True,0.003,1,cf057bce7eee12,D:\HyraiOn\ENS_Lyon\Internship\2026-EPFL\data\distinVBCsSmallH\Results_Izar_replica1\J2_0.27\D_8\orientation_0\dimer-plaquette\replica_1\h_0p003\D_8_chi_104_energy_magnetization_correlation.txt
0.27,dimer-plaquette,8,-0.002,-0.4319241499701,3.352402145168076e-05,True,0.003,1,e5003621039bab,D:\HyraiOn\ENS_Lyon\Internship\2026-EPFL\data\distinVBCsSmallH\Results_Izar_replica1\J2_0.27\D_8\orientation_0\dimer-plaquette\replica_1\h_0p002\D_8_chi_104_energy_magnetization_correlation.txt
0.27,dimer-plaquette,8,-0.001,-0.4317244740007,5.530749244869737e-05,True,0.003,1,22ca86cc5fc1a2,D:\HyraiOn\ENS_Lyon\Internship\2026-EPFL\data\distinVBCsSmallH\Results_Izar_replica1\J2_0.27\D_8\orientation_0\dimer-plaquette\replica_1\h_0p001\D_8_chi_104_energy_magnetization_correlation.txt
0.27,dimer-plaquette,8,0.0,-0.4315517867579,5.010223684570603e-05,True,0.003,1,35817f827ffae9,D:\HyraiOn\ENS_Lyon\Internship\2026-EPFL\data\distinVBCsSmallH\Results_Izar_replica1\J2_0.27\D_8\orientation_0\dimer-plaquette\replica_1\h_0\D_8_chi_104_energy_magnetization_correlation.txt
0.27,dimer-plaquette,9,-0.003,-0.4323550278915,-4.7220951114812504e-05,True,0.003,1,1c6ecad59f8def,D:\HyraiOn\ENS_Lyon\Internship\2026-EPFL\data\distinVBCsSmallH\Results_Izar_replica1\J2_0.27\D_9\orientation_0\dimer-plaquette\replica_1\h_0p003\D_9_chi_108_energy_magnetization_correlation.txt
0.27,dimer-plaquette,9,-0.002,-0.4321707333144,-2.407950972505013e-05,True,0.003,1,f2ba0b08f2c738,D:\HyraiOn\ENS_Lyon\Internship\2026-EPFL\data\distinVBCsSmallH\Results_Izar_replica1\J2_0.27\D_9\orientation_0\dimer-plaquette\replica_1\h_0p002\D_9_chi_108_energy_magnetization_correlation.txt
0.27,dimer-plaquette,9,-0.001,-0.4320175163291,-3.2015660135331636e-05,True,0.003,1,5450ad2567b75d,D:\HyraiOn\ENS_Lyon\Internship\2026-EPFL\data\distinVBCsSmallH\Results_Izar_replica1\J2_0.27\D_9\orientation_0\dimer-plaquette\replica_1\h_0p001\D_9_chi_108_energy_magnetization_correlation.txt
0.27,dimer-plaquette,9,0.0,-0.4319136928269,-8.934529364562627e-05,True,0.003,1,3b0e019565e522,D:\HyraiOn\ENS_Lyon\Internship\2026-EPFL\data\distinVBCsJ2Continuation\Results_Izar_J2_sequences\s101_J2_0p28_D_9_dimer-plaquette\left\insurance_1\J2_0p27\D_9_chi_108_energy_magnetization_correlation.txt
0.27,plaquette,6,0.0,-0.4309132570448,2.2916880617562807e-05,True,0.003,1,20bc4c17e52dcb,D:\HyraiOn\ENS_Lyon\Internship\2026-EPFL\data\distinVBCsJ2Continuation\LastIzar\Results_LastIzar\task1_D6_adiabatic\J2_0p27\D_6_chi_72_energy_magnetization_correlation.txt
0.27,plaquette,6,0.001,-0.4311042955945,4.700386591305339e-05,True,0.003,1,aee6b7740f35af,D:\HyraiOn\ENS_Lyon\Internship\2026-EPFL\data\distinVBCsSmallH\Results_Izar_replica1\J2_0.27\D_6\orientation_0\plaquette\replica_1\h_0p001\D_6_chi_72_energy_magnetization_correlation.txt
0.27,plaquette,6,0.002,-0.4313122843135,5.414068190850996e-05,True,0.003,1,6ab4d2cf2af472,D:\HyraiOn\ENS_Lyon\Internship\2026-EPFL\data\distinVBCsSmallH\Results_Izar_replica1\J2_0.27\D_6\orientation_0\plaquette\replica_1\h_0p002\D_6_chi_72_energy_magnetization_correlation.txt
0.27,plaquette,6,0.003,-0.4315336183839,4.79321465040039e-05,True,0.003,1,8f808f0be596db,D:\HyraiOn\ENS_Lyon\Internship\2026-EPFL\data\distinVBCsSmallH\Results_Izar_replica1\J2_0.27\D_6\orientation_0\plaquette\replica_1\h_0p003\D_6_chi_72_energy_magnetization_correlation.txt
0.27,plaquette,7,0.0,-0.4314102820206,-6.186353189313598e-05,True,0.003,1,858131c0e1bdef,D:\HyraiOn\ENS_Lyon\Internship\2026-EPFL\data\distinVBCsSmallH\Results_Izar_replica1\J2_0.27\D_7\orientation_0\plaquette\replica_1\h_0\D_7_chi_91_energy_magnetization_correlation.txt
0.27,plaquette,7,0.001,-0.4315999339021,-5.9343678187218085e-05,True,0.003,1,27f3a95c9f8b63,D:\HyraiOn\ENS_Lyon\Internship\2026-EPFL\data\distinVBCsSmallH\Results_Izar_replica1\J2_0.27\D_7\orientation_0\plaquette\replica_1\h_0p001\D_7_chi_91_energy_magnetization_correlation.txt
0.27,plaquette,7,0.002,-0.4318038491298,-7.108717068132764e-05,True,0.003,1,b5c1e8ee292aef,D:\HyraiOn\ENS_Lyon\Internship\2026-EPFL\data\distinVBCsSmallH\Results_Izar_replica1\J2_0.27\D_7\orientation_0\plaquette\replica_1\h_0p002\D_7_chi_91_energy_magnetization_correlation.txt
0.27,plaquette,7,0.003,-0.4320149672441,-9.003354977543676e-05,True,0.003,1,288da9b9ba0c02,D:\HyraiOn\ENS_Lyon\Internship\2026-EPFL\data\distinVBCsSmallH\Results_Izar_replica1\J2_0.27\D_7\orientation_0\plaquette\replica_1\h_0p003\D_7_chi_91_energy_magnetization_correlation.txt
0.27,plaquette,8,0.0,-0.43166800792,-3.4370415531448373e-06,True,0.003,1,9ce565d8db504d,D:\HyraiOn\ENS_Lyon\Internship\2026-EPFL\data\distinVBCsJ2Continuation\Results_Izar_J2_sequences\s003_J2_0p28_D_8_plaquette\left\insurance_2\J2_0p27\D_8_chi_104_energy_magnetization_correlation.txt
0.27,plaquette,8,0.001,-0.4318316594007,7.479830632317608e-06,True,0.003,1,43a37e6d8e6a34,D:\HyraiOn\ENS_Lyon\Internship\2026-EPFL\data\distinVBCsSmallH\Results_Izar_replica1\J2_0.27\D_8\orientation_0\plaquette\replica_1\h_0p001\D_8_chi_104_energy_magnetization_correlation.txt
0.27,plaquette,8,0.002,-0.4320220455462,-8.337961982185504e-06,True,0.003,1,c675c96c5ec2e9,D:\HyraiOn\ENS_Lyon\Internship\2026-EPFL\data\distinVBCsSmallH\Results_Izar_replica1\J2_0.27\D_8\orientation_0\plaquette\replica_1\h_0p002\D_8_chi_104_energy_magnetization_correlation.txt
0.27,plaquette,8,0.003,-0.4322222116159,-3.393567879672599e-05,True,0.003,1,5d98fc8f7973d6,D:\HyraiOn\ENS_Lyon\Internship\2026-EPFL\data\distinVBCsSmallH\Results_Izar_replica1\J2_0.27\D_8\orientation_0\plaquette\replica_1\h_0p003\D_8_chi_104_energy_magnetization_correlation.txt
0.27,plaquette,9,0.0,-0.4319204903855,-1.3460679359367234e-05,True,0.003,1,60e7e070e36573,D:\HyraiOn\ENS_Lyon\Internship\2026-EPFL\data\distinVBCsJ2Continuation\Results_Izar_J2_sequences\s005_J2_0p3_D_9_plaquette\left\insurance_1\J2_0p27\D_9_chi_108_energy_magnetization_correlation.txt
0.27,plaquette,9,0.001,-0.4319947692423,7.33286959636037e-05,True,0.003,1,b2836d1f641280,D:\HyraiOn\ENS_Lyon\Internship\2026-EPFL\data\distinVBCsSmallH\Results_Izar_replica1\J2_0.27\D_9\orientation_0\plaquette\replica_1\h_0p001\D_9_chi_108_energy_magnetization_correlation.txt
0.27,plaquette,9,0.002,-0.4321732860317,5.588013868657038e-05,True,0.003,1,43ab99500b8e7f,D:\HyraiOn\ENS_Lyon\Internship\2026-EPFL\data\distinVBCsSmallH\Results_Izar_replica1\J2_0.27\D_9\orientation_0\plaquette\replica_1\h_0p002\D_9_chi_108_energy_magnetization_correlation.txt
0.27,plaquette,9,0.003,-0.4323574173505,3.2817052009581626e-05,True,0.003,1,d0caf6e6b3a22b,D:\HyraiOn\ENS_Lyon\Internship\2026-EPFL\data\distinVBCsSmallH\Results_Izar_replica1\J2_0.27\D_9\orientation_0\plaquette\replica_1\h_0p003\D_9_chi_108_energy_magnetization_correlation.txt
0.275,dimer-plaquette,6,-0.003,-0.4304059776868,-2.047682855521593e-05,True,0.003,1,1482ee2ec506b5,D:\HyraiOn\ENS_Lyon\Internship\2026-EPFL\data\distinVBCsSmallH\Results_Izar_replica1\J2_0.275\D_6\orientation_0\dimer-plaquette\replica_1\h_0p003\D_6_chi_72_energy_magnetization_correlation.txt
0.275,dimer-plaquette,6,-0.002,-0.4301693249012,-2.0946594472659452e-05,True,0.003,1,b1524a97073dca,D:\HyraiOn\ENS_Lyon\Internship\2026-EPFL\data\distinVBCsSmallH\Results_Izar_replica1\J2_0.275\D_6\orientation_0\dimer-plaquette\replica_1\h_0p002\D_6_chi_72_energy_magnetization_correlation.txt
0.275,dimer-plaquette,6,-0.001,-0.4299439131016,-3.265734639007478e-05,True,0.003,1,10fecdc7fcacba,D:\HyraiOn\ENS_Lyon\Internship\2026-EPFL\data\distinVBCsSmallH\Results_Izar_replica1\J2_0.275\D_6\orientation_0\dimer-plaquette\replica_1\h_0p001\D_6_chi_72_energy_magnetization_correlation.txt
0.275,dimer-plaquette,6,0.0,-0.4297216927978,-4.755959410751576e-05,True,0.003,1,cc894507c3d799,D:\HyraiOn\ENS_Lyon\Internship\2026-EPFL\data\distinVBCsSmallH\Results_Izar_replica1\J2_0.275\D_6\orientation_0\dimer-plaquette\replica_1\h_0\D_6_chi_72_energy_magnetization_correlation.txt
0.275,dimer-plaquette,7,-0.003,-0.4306833507111,1.833498194336869e-05,True,0.003,1,53b6d08ec1d5f1,D:\HyraiOn\ENS_Lyon\Internship\2026-EPFL\data\distinVBCsSmallH\Results_Izar_replica1\J2_0.275\D_7\orientation_1\dimer-plaquette\replica_1\h_0p003\D_7_chi_91_energy_magnetization_correlation.txt
0.275,dimer-plaquette,7,-0.002,-0.4304532589307,3.739937300878404e-05,True,0.003,1,2eb8854b7a2571,D:\HyraiOn\ENS_Lyon\Internship\2026-EPFL\data\distinVBCsSmallH\Results_Izar_replica1\J2_0.275\D_7\orientation_1\dimer-plaquette\replica_1\h_0p002\D_7_chi_91_energy_magnetization_correlation.txt
0.275,dimer-plaquette,7,-0.001,-0.4302308172526,4.8813661774282924e-05,True,0.003,1,a5f2bd1dfd4b26,D:\HyraiOn\ENS_Lyon\Internship\2026-EPFL\data\distinVBCsSmallH\Results_Izar_replica1\J2_0.275\D_7\orientation_1\dimer-plaquette\replica_1\h_0p001\D_7_chi_91_energy_magnetization_correlation.txt
0.275,dimer-plaquette,7,0.0,-0.4300161054745,5.2498050539806496e-05,True,0.003,1,5e481a1b1def90,D:\HyraiOn\ENS_Lyon\Internship\2026-EPFL\data\distinVBCsSmallH\Results_Izar_replica1\J2_0.275\D_7\orientation_1\dimer-plaquette\replica_1\h_0\D_7_chi_91_energy_magnetization_correlation.txt
0.275,dimer-plaquette,8,-0.003,-0.4309120603108,1.3918149042668748e-05,True,0.003,1,715e04a970956a,D:\HyraiOn\ENS_Lyon\Internship\2026-EPFL\data\distinVBCsSmallH\Results_Izar_replica1\J2_0.275\D_8\orientation_2\dimer-plaquette\replica_1\h_0p003\D_8_chi_104_energy_magnetization_correlation.txt
0.275,dimer-plaquette,8,-0.002,-0.4306962692013,3.719305469818135e-05,True,0.003,1,eaee3d53acb8f4,D:\HyraiOn\ENS_Lyon\Internship\2026-EPFL\data\distinVBCsSmallH\Results_Izar_replica1\J2_0.275\D_8\orientation_2\dimer-plaquette\replica_1\h_0p002\D_8_chi_104_energy_magnetization_correlation.txt
0.275,dimer-plaquette,8,-0.001,-0.4304895995701,5.134648205362691e-05,True,0.003,1,c45c6a177c817c,D:\HyraiOn\ENS_Lyon\Internship\2026-EPFL\data\distinVBCsSmallH\Results_Izar_replica1\J2_0.275\D_8\orientation_2\dimer-plaquette\replica_1\h_0p001\D_8_chi_104_energy_magnetization_correlation.txt
0.275,dimer-plaquette,8,0.0,-0.4302944752789,5.395456940915366e-05,True,0.003,1,5143f18b87791f,D:\HyraiOn\ENS_Lyon\Internship\2026-EPFL\data\distinVBCsSmallH\Results_Izar_replica1\J2_0.275\D_8\orientation_2\dimer-plaquette\replica_1\h_0\D_8_chi_104_energy_magnetization_correlation.txt
0.275,dimer-plaquette,9,-0.003,-0.4311237576728,-3.867213474917364e-05,True,0.003,1,355de886341fe8,D:\HyraiOn\ENS_Lyon\Internship\2026-EPFL\data\distinVBCsSmallH\Results_Izar_replica1\J2_0.275\D_9\orientation_1\dimer-plaquette\replica_1\h_0p003\D_9_chi_108_energy_magnetization_correlation.txt
0.275,dimer-plaquette,9,-0.002,-0.4309347377764,-2.9037119772978848e-05,True,0.003,1,d2c0831b919704,D:\HyraiOn\ENS_Lyon\Internship\2026-EPFL\data\distinVBCsSmallH\Results_Izar_replica1\J2_0.275\D_9\orientation_1\dimer-plaquette\replica_1\h_0p002\D_9_chi_108_energy_magnetization_correlation.txt
0.275,dimer-plaquette,9,-0.001,-0.4307623485026,-3.603272739666208e-05,True,0.003,1,610acdbb210863,D:\HyraiOn\ENS_Lyon\Internship\2026-EPFL\data\distinVBCsSmallH\Results_Izar_replica1\J2_0.275\D_9\orientation_1\dimer-plaquette\replica_1\h_0p001\D_9_chi_108_energy_magnetization_correlation.txt
0.275,dimer-plaquette,9,0.0,-0.4306350068708,-8.80759770204298e-05,True,0.003,1,7581d797216181,D:\HyraiOn\ENS_Lyon\Internship\2026-EPFL\data\distinVBCsJ2Continuation\Results_Izar_J2_sequences\s101_J2_0p28_D_9_dimer-plaquette\left\insurance_2\J2_0p275\D_9_chi_108_energy_magnetization_correlation.txt
0.275,plaquette,6,0.0,-0.4296021094366,3.417257183996325e-05,True,0.003,1,0a3bd6d28f95d3,D:\HyraiOn\ENS_Lyon\Internship\2026-EPFL\data\distinVBCsJ2Continuation\LastIzar\Results_LastIzar\task1_D6_adiabatic\insurance_2\J2_0p275\D_6_chi_72_energy_magnetization_correlation.txt
0.275,plaquette,6,0.001,-0.4298501564472,1.441432245530283e-05,True,0.003,1,fcc3e8c5e0d053,D:\HyraiOn\ENS_Lyon\Internship\2026-EPFL\data\distinVBCsSmallH\Results_Izar_replica1\J2_0.275\D_6\orientation_0\plaquette\replica_1\h_0p001\D_6_chi_72_energy_magnetization_correlation.txt
0.275,plaquette,6,0.002,-0.4300528779038,3.998162707058439e-05,True,0.003,1,de03a9601c44c9,D:\HyraiOn\ENS_Lyon\Internship\2026-EPFL\data\distinVBCsSmallH\Results_Izar_replica1\J2_0.275\D_6\orientation_0\plaquette\replica_1\h_0p002\D_6_chi_72_energy_magnetization_correlation.txt
0.275,plaquette,6,0.003,-0.4302782330935,4.29151985859022e-05,True,0.003,1,f240f983869595,D:\HyraiOn\ENS_Lyon\Internship\2026-EPFL\data\distinVBCsSmallH\Results_Izar_replica1\J2_0.275\D_6\orientation_0\plaquette\replica_1\h_0p003\D_6_chi_72_energy_magnetization_correlation.txt
0.275,plaquette,7,0.0,-0.4301462278395,-5.7672750700399344e-05,True,0.003,1,d4019a26e91842,D:\HyraiOn\ENS_Lyon\Internship\2026-EPFL\data\distinVBCsJ2Continuation\Results_Izar_J2_sequences\s001_J2_0p28_D_7_plaquette\left\insurance_1\J2_0p275\D_7_chi_91_energy_magnetization_correlation.txt
0.275,plaquette,7,0.001,-0.4303365384594,-4.4728609939703734e-05,True,0.003,1,691faf6f3f91c0,D:\HyraiOn\ENS_Lyon\Internship\2026-EPFL\data\distinVBCsSmallH\Results_Izar_replica1\J2_0.275\D_7\orientation_1\plaquette\replica_1\h_0p001\D_7_chi_91_energy_magnetization_correlation.txt
0.275,plaquette,7,0.002,-0.430549130925,-5.406631487908653e-05,True,0.003,1,1a0314aba0228f,D:\HyraiOn\ENS_Lyon\Internship\2026-EPFL\data\distinVBCsSmallH\Results_Izar_replica1\J2_0.275\D_7\orientation_1\plaquette\replica_1\h_0p002\D_7_chi_91_energy_magnetization_correlation.txt
0.275,plaquette,7,0.003,-0.4307700191608,-7.169979001836468e-05,True,0.003,1,dbc5c56c0ed49a,D:\HyraiOn\ENS_Lyon\Internship\2026-EPFL\data\distinVBCsSmallH\Results_Izar_replica1\J2_0.275\D_7\orientation_1\plaquette\replica_1\h_0p003\D_7_chi_91_energy_magnetization_correlation.txt
0.275,plaquette,8,0.0,-0.4304088416646,5.434241817647845e-07,True,0.003,1,bdb48b05a638f2,D:\HyraiOn\ENS_Lyon\Internship\2026-EPFL\data\distinVBCsJ2Continuation\Results_Izar_J2_sequences\s003_J2_0p28_D_8_plaquette\left\insurance_2\J2_0p275\D_8_chi_104_energy_magnetization_correlation.txt
0.275,plaquette,8,0.001,-0.430588015845,6.865577628412112e-06,True,0.003,1,bdf0a45830dc8f,D:\HyraiOn\ENS_Lyon\Internship\2026-EPFL\data\distinVBCsSmallH\Results_Izar_replica1\J2_0.275\D_8\orientation_2\plaquette\replica_1\h_0p001\D_8_chi_104_energy_magnetization_correlation.txt
0.275,plaquette,8,0.002,-0.4307862887138,-5.910957324939403e-06,True,0.003,1,4430574e67574f,D:\HyraiOn\ENS_Lyon\Internship\2026-EPFL\data\distinVBCsSmallH\Results_Izar_replica1\J2_0.275\D_8\orientation_2\plaquette\replica_1\h_0p002\D_8_chi_104_energy_magnetization_correlation.txt
0.275,plaquette,8,0.003,-0.4309956840443,-2.9809953978221504e-05,True,0.003,1,8f144bbd5cad3d,D:\HyraiOn\ENS_Lyon\Internship\2026-EPFL\data\distinVBCsSmallH\Results_Izar_replica1\J2_0.275\D_8\orientation_2\plaquette\replica_1\h_0p003\D_8_chi_104_energy_magnetization_correlation.txt
0.275,plaquette,9,0.0,-0.4306449913778,-8.018370660056728e-06,True,0.003,1,2afdd80075c7d0,D:\HyraiOn\ENS_Lyon\Internship\2026-EPFL\data\distinVBCsJ2Continuation\Results_Izar_J2_sequences\s005_J2_0p3_D_9_plaquette\left\insurance_2\J2_0p275\D_9_chi_108_energy_magnetization_correlation.txt
0.275,plaquette,9,0.001,-0.4307551667407,5.4705264027066214e-05,True,0.003,1,6ebbf055b81164,D:\HyraiOn\ENS_Lyon\Internship\2026-EPFL\data\distinVBCsSmallH\Results_Izar_replica1\J2_0.275\D_9\orientation_1\plaquette\replica_1\h_0p001\D_9_chi_108_energy_magnetization_correlation.txt
0.275,plaquette,9,0.002,-0.4309323630895,5.040791281424317e-05,True,0.003,1,2459cdbd0b7fac,D:\HyraiOn\ENS_Lyon\Internship\2026-EPFL\data\distinVBCsSmallH\Results_Izar_replica1\J2_0.275\D_9\orientation_1\plaquette\replica_1\h_0p002\D_9_chi_108_energy_magnetization_correlation.txt
0.275,plaquette,9,0.003,-0.431127769151,2.790084890141875e-05,True,0.003,1,d87b0cfa88c228,D:\HyraiOn\ENS_Lyon\Internship\2026-EPFL\data\distinVBCsSmallH\Results_Izar_replica1\J2_0.275\D_9\orientation_1\plaquette\replica_1\h_0p003\D_9_chi_108_energy_magnetization_correlation.txt
0.28,dimer-plaquette,6,-0.003,-0.4291925736498,-1.9781561490350708e-05,True,0.003,1,78954ea89a08bf,D:\HyraiOn\ENS_Lyon\Internship\2026-EPFL\data\distinVBCsSmallH\Results_Izar_replica1\J2_0.28\D_6\orientation_2\dimer-plaquette\replica_1\h_0p003\D_6_chi_72_energy_magnetization_correlation.txt
0.28,dimer-plaquette,6,-0.002,-0.4289481310612,-2.0832001742132622e-05,True,0.003,1,7d4a2f268b7b56,D:\HyraiOn\ENS_Lyon\Internship\2026-EPFL\data\distinVBCsSmallH\Results_Izar_replica1\J2_0.28\D_6\orientation_2\dimer-plaquette\replica_1\h_0p002\D_6_chi_72_energy_magnetization_correlation.txt
0.28,dimer-plaquette,6,-0.001,-0.4287105819137,-2.8775883093967725e-05,True,0.003,1,fffaa7503ccdb6,D:\HyraiOn\ENS_Lyon\Internship\2026-EPFL\data\distinVBCsSmallH\Results_Izar_replica1\J2_0.28\D_6\orientation_2\dimer-plaquette\replica_1\h_0p001\D_6_chi_72_energy_magnetization_correlation.txt
0.28,dimer-plaquette,6,0.0,-0.4284800661376,-4.3753135845758795e-05,True,0.003,1,8170c3292d390e,D:\HyraiOn\ENS_Lyon\Internship\2026-EPFL\data\distinVBCsSmallH\Results_Izar_replica1\J2_0.28\D_6\orientation_2\dimer-plaquette\replica_1\h_0\D_6_chi_72_energy_magnetization_correlation.txt
0.28,dimer-plaquette,7,-0.003,-0.429489403659,-2.6159862500818587e-05,True,0.003,1,10e43538d4ace2,D:\HyraiOn\ENS_Lyon\Internship\2026-EPFL\data\distinVBCsSmallH\Results_Izar_replica1\J2_0.28\D_7\orientation_2\dimer-plaquette\replica_1\h_0p003\D_7_chi_91_energy_magnetization_correlation.txt
0.28,dimer-plaquette,7,-0.002,-0.429259693537,2.8568593617994686e-06,True,0.003,1,06a78aaca7fe15,D:\HyraiOn\ENS_Lyon\Internship\2026-EPFL\data\distinVBCsSmallH\Results_Izar_replica1\J2_0.28\D_7\orientation_2\dimer-plaquette\replica_1\h_0p002\D_7_chi_91_energy_magnetization_correlation.txt
0.28,dimer-plaquette,7,-0.001,-0.4290662148498,-4.357853575664983e-06,True,0.003,1,22c0f0c38fc825,D:\HyraiOn\ENS_Lyon\Internship\2026-EPFL\data\distinVBCsSmallH\Results_Izar_replica1\J2_0.28\D_7\orientation_2\dimer-plaquette\replica_1\h_0p001\D_7_chi_91_energy_magnetization_correlation.txt
0.28,dimer-plaquette,7,0.0,-0.4287597121651,0.00010145143098694298,True,0.003,1,e590275706f596,D:\HyraiOn\ENS_Lyon\Internship\2026-EPFL\data\distinVBCsJ2Continuation\Results_Izar_J2_sequences\s002_J2_0p3_D_7_dimer-plaquette\left\insurance_1\J2_0p28\D_7_chi_91_energy_magnetization_correlation.txt
0.28,dimer-plaquette,8,-0.003,-0.4293986057968,0.00026288222553577656,True,0.003,1,edda0ba96e7536,D:\HyraiOn\ENS_Lyon\Internship\2026-EPFL\data\distinVBCsSmallH\Results_Izar_replica1\J2_0.28\D_8\orientation_0\dimer-plaquette\replica_1\h_0p003\D_8_chi_104_energy_magnetization_correlation.txt
0.28,dimer-plaquette,8,-0.002,-0.4291277786872,0.0003635933682233916,False,0.003,1,e383fc8b94b28a,D:\HyraiOn\ENS_Lyon\Internship\2026-EPFL\data\distinVBCsSmallH\Results_Izar_replica1\J2_0.28\D_8\orientation_0\dimer-plaquette\replica_1\h_0p002\D_8_chi_104_energy_magnetization_correlation.txt
0.28,dimer-plaquette,8,-0.001,-0.4289376879462,0.0003835681423108861,False,0.003,1,9e0c5d76818599,D:\HyraiOn\ENS_Lyon\Internship\2026-EPFL\data\distinVBCsSmallH\Results_Izar_replica1\J2_0.28\D_8\orientation_0\dimer-plaquette\replica_1\h_0p001\D_8_chi_104_energy_magnetization_correlation.txt
0.28,dimer-plaquette,8,0.0,-0.4290741454649,7.699465669847028e-05,True,0.003,1,71f14b64eb104a,D:\HyraiOn\ENS_Lyon\Internship\2026-EPFL\data\distinVBCsJ2Continuation\Results_Izar_J2_sequences\s004_J2_0p3_D_8_dimer-plaquette\left\insurance_1\J2_0p28\D_8_chi_104_energy_magnetization_correlation.txt
0.28,dimer-plaquette,9,-0.003,-0.4299227678083,-0.0001259706382834569,True,0.003,1,fa03c160a4f304,D:\HyraiOn\ENS_Lyon\Internship\2026-EPFL\data\distinVBCsSmallH\Results_Izar_replica1\J2_0.28\D_9\orientation_2\dimer-plaquette\replica_1\h_0p003\D_9_chi_108_energy_magnetization_correlation.txt
0.28,dimer-plaquette,9,-0.002,-0.4297277147402,-8.016328773302606e-05,True,0.003,1,1a0a60bf103b24,D:\HyraiOn\ENS_Lyon\Internship\2026-EPFL\data\distinVBCsSmallH\Results_Izar_replica1\J2_0.28\D_9\orientation_2\dimer-plaquette\replica_1\h_0p002\D_9_chi_108_energy_magnetization_correlation.txt
0.28,dimer-plaquette,9,-0.001,-0.4295418056278,-4.349989288271461e-05,True,0.003,1,7eb0d8f0d0977b,D:\HyraiOn\ENS_Lyon\Internship\2026-EPFL\data\distinVBCsSmallH\Results_Izar_replica1\J2_0.28\D_9\orientation_2\dimer-plaquette\replica_1\h_0p001\D_9_chi_108_energy_magnetization_correlation.txt
0.28,dimer-plaquette,9,0.0,-0.4293999510728,-5.089105543232275e-05,True,0.003,1,c96e85dc23c78f,D:\HyraiOn\ENS_Lyon\Internship\2026-EPFL\data\distinVBCsSmallH\Results_Izar_replica1\J2_0.28\D_9\orientation_2\dimer-plaquette\replica_1\h_0\D_9_chi_108_energy_magnetization_correlation.txt
0.28,plaquette,6,0.0,-0.4284001103711,9.821170374901822e-06,True,0.003,1,c2df9af8344d22,D:\HyraiOn\ENS_Lyon\Internship\2026-EPFL\data\distinVBCsJ2Continuation\LastIzar\Results_LastIzar\task_pin_D6_h0p02_lbfgs\J2_0p28\h_0\D_6_chi_72_energy_magnetization_correlation.txt
0.28,plaquette,6,0.001,-0.4286095846614,2.8324214984498663e-05,True,0.003,1,0ea90eef9d03fd,D:\HyraiOn\ENS_Lyon\Internship\2026-EPFL\data\distinVBCsSmallH\Results_Izar_replica1\J2_0.28\D_6\orientation_2\plaquette\replica_1\h_0p001\D_6_chi_72_energy_magnetization_correlation.txt
0.28,plaquette,6,0.002,-0.4288262341522,3.965205909411962e-05,True,0.003,1,3ed4eafb871e39,D:\HyraiOn\ENS_Lyon\Internship\2026-EPFL\data\distinVBCsSmallH\Results_Izar_replica1\J2_0.28\D_6\orientation_2\plaquette\replica_1\h_0p002\D_6_chi_72_energy_magnetization_correlation.txt
0.28,plaquette,6,0.003,-0.429057694992,3.616855420368603e-05,True,0.003,1,713bde41b74067,D:\HyraiOn\ENS_Lyon\Internship\2026-EPFL\data\distinVBCsSmallH\Results_Izar_replica1\J2_0.28\D_6\orientation_2\plaquette\replica_1\h_0p003\D_6_chi_72_energy_magnetization_correlation.txt
0.28,plaquette,7,0.0,-0.4289188870681,-3.844182602724677e-05,True,0.003,1,38d8db4611b314,D:\HyraiOn\ENS_Lyon\Internship\2026-EPFL\data\distinVBCsSmallH\Results_Izar_replica1\J2_0.28\D_7\orientation_2\plaquette\replica_1\h_0\D_7_chi_91_energy_magnetization_correlation.txt
0.28,plaquette,7,0.001,-0.4291293386728,-4.177302221952672e-05,True,0.003,1,3a0b063a2ab546,D:\HyraiOn\ENS_Lyon\Internship\2026-EPFL\data\distinVBCsSmallH\Results_Izar_replica1\J2_0.28\D_7\orientation_2\plaquette\replica_1\h_0p001\D_7_chi_91_energy_magnetization_correlation.txt
0.28,plaquette,7,0.002,-0.4293478923779,-5.3206318811727105e-05,True,0.003,1,e8ac8c90dbb8df,D:\HyraiOn\ENS_Lyon\Internship\2026-EPFL\data\distinVBCsSmallH\Results_Izar_replica1\J2_0.28\D_7\orientation_2\plaquette\replica_1\h_0p002\D_7_chi_91_energy_magnetization_correlation.txt
0.28,plaquette,7,0.003,-0.4295759277718,-7.412130420397789e-05,True,0.003,1,4b9ca548fd6ba5,D:\HyraiOn\ENS_Lyon\Internship\2026-EPFL\data\distinVBCsSmallH\Results_Izar_replica1\J2_0.28\D_7\orientation_2\plaquette\replica_1\h_0p003\D_7_chi_91_energy_magnetization_correlation.txt
0.28,plaquette,8,0.0,-0.4291916976238,9.890932946121644e-06,True,0.003,1,db15f808425210,D:\HyraiOn\ENS_Lyon\Internship\2026-EPFL\data\distinVBCsSmallH\Results_Izar_replica1\J2_0.28\D_8\orientation_0\plaquette\replica_1\h_0\D_8_chi_104_energy_magnetization_correlation.txt
0.28,plaquette,8,0.001,-0.4293865557047,7.917623057906997e-06,True,0.003,1,ff11c0d1722801,D:\HyraiOn\ENS_Lyon\Internship\2026-EPFL\data\distinVBCsSmallH\Results_Izar_replica1\J2_0.28\D_8\orientation_0\plaquette\replica_1\h_0p001\D_8_chi_104_energy_magnetization_correlation.txt
0.28,plaquette,8,0.002,-0.4295914495858,-4.091487030233321e-06,True,0.003,1,3296a5450f1e8f,D:\HyraiOn\ENS_Lyon\Internship\2026-EPFL\data\distinVBCsSmallH\Results_Izar_replica1\J2_0.28\D_8\orientation_0\plaquette\replica_1\h_0p002\D_8_chi_104_energy_magnetization_correlation.txt
0.28,plaquette,8,0.003,-0.4298079196074,-2.7676737618442804e-05,True,0.003,1,66f61c8b0aab40,D:\HyraiOn\ENS_Lyon\Internship\2026-EPFL\data\distinVBCsSmallH\Results_Izar_replica1\J2_0.28\D_8\orientation_0\plaquette\replica_1\h_0p003\D_8_chi_104_energy_magnetization_correlation.txt
0.28,plaquette,9,0.0,-0.4294124084997,8.372459793071219e-06,True,0.003,1,3015472f7e0943,D:\HyraiOn\ENS_Lyon\Internship\2026-EPFL\data\distinVBCsJ2Continuation\Results_Izar_J2_sequences\s005_J2_0p3_D_9_plaquette\left\insurance_2\J2_0p28\D_9_chi_108_energy_magnetization_correlation.txt
0.28,plaquette,9,0.002,-0.4297273378806,5.977990384120613e-05,True,0.003,1,ed4d0d577e8a40,D:\HyraiOn\ENS_Lyon\Internship\2026-EPFL\data\distinVBCsSmallH\Results_Izar_replica1\J2_0.28\D_9\orientation_2\plaquette\replica_1\h_0p002\D_9_chi_108_energy_magnetization_correlation.txt
0.28,plaquette,9,0.003,-0.4299309024193,3.938377761525391e-05,True,0.003,1,bfef5a069309f3,D:\HyraiOn\ENS_Lyon\Internship\2026-EPFL\data\distinVBCsSmallH\Results_Izar_replica1\J2_0.28\D_9\orientation_2\plaquette\replica_1\h_0p003\D_9_chi_108_energy_magnetization_correlation.txt
0.29,dimer-plaquette,6,-0.003,-0.4268752590209,6.540992085829478e-05,True,0.003,1,af3224f59b9921,D:\HyraiOn\ENS_Lyon\Internship\2026-EPFL\data\distinVBCsSmallH\Results_Izar_replica1\J2_0.29\D_6\orientation_2\dimer-plaquette\replica_1\h_0p003\D_6_chi_72_energy_magnetization_correlation.txt
0.29,dimer-plaquette,6,-0.002,-0.4266284338637,3.129763778564332e-05,True,0.003,1,956e25240add9a,D:\HyraiOn\ENS_Lyon\Internship\2026-EPFL\data\distinVBCsSmallH\Results_Izar_replica1\J2_0.29\D_6\orientation_2\dimer-plaquette\replica_1\h_0p002\D_6_chi_72_energy_magnetization_correlation.txt
0.29,dimer-plaquette,6,-0.001,-0.4263800961918,-1.3021305871885325e-06,True,0.003,1,40c5ca6bbaf496,D:\HyraiOn\ENS_Lyon\Internship\2026-EPFL\data\distinVBCsSmallH\Results_Izar_replica1\J2_0.29\D_6\orientation_2\dimer-plaquette\replica_1\h_0p001\D_6_chi_72_energy_magnetization_correlation.txt
0.29,dimer-plaquette,6,0.0,-0.4261384302902,-4.057366925991346e-05,True,0.003,1,88b4e84e7906f8,D:\HyraiOn\ENS_Lyon\Internship\2026-EPFL\data\distinVBCsSmallH\Results_Izar_replica1\J2_0.29\D_6\orientation_2\dimer-plaquette\replica_1\h_0\D_6_chi_72_energy_magnetization_correlation.txt
0.29,dimer-plaquette,7,-0.003,-0.4271903500854,-0.00015734180459292535,True,0.003,1,382d614bc3e719,D:\HyraiOn\ENS_Lyon\Internship\2026-EPFL\data\distinVBCsSmallH\Results_Izar_replica1\J2_0.29\D_7\orientation_0\dimer-plaquette\replica_1\h_0p003\D_7_chi_91_energy_magnetization_correlation.txt
0.29,dimer-plaquette,7,-0.002,-0.4269372444156,-7.786850204150042e-05,True,0.003,1,a355de72f1cbd0,D:\HyraiOn\ENS_Lyon\Internship\2026-EPFL\data\distinVBCsSmallH\Results_Izar_replica1\J2_0.29\D_7\orientation_0\dimer-plaquette\replica_1\h_0p002\D_7_chi_91_energy_magnetization_correlation.txt
0.29,dimer-plaquette,7,-0.001,-0.4266909410579,-5.197511590226966e-06,True,0.003,1,b247cd1cb346bc,D:\HyraiOn\ENS_Lyon\Internship\2026-EPFL\data\distinVBCsSmallH\Results_Izar_replica1\J2_0.29\D_7\orientation_0\dimer-plaquette\replica_1\h_0p001\D_7_chi_91_energy_magnetization_correlation.txt
0.29,dimer-plaquette,7,0.0,-0.4264519911067,6.012007236111394e-05,True,0.003,1,6c7016b3f62fea,D:\HyraiOn\ENS_Lyon\Internship\2026-EPFL\data\distinVBCsJ2Continuation\Results_Izar_J2_sequences\s002_J2_0p3_D_7_dimer-plaquette\left\insurance_1\J2_0p29\D_7_chi_91_energy_magnetization_correlation.txt
0.29,dimer-plaquette,8,-0.003,-0.4270597866211,3.655983278982866e-05,True,0.003,1,7055424a583e96,D:\HyraiOn\ENS_Lyon\Internship\2026-EPFL\data\distinVBCsSmallH\Results_Izar_replica1\J2_0.29\D_8\orientation_2\dimer-plaquette\replica_1\h_0p003\D_8_chi_104_energy_magnetization_correlation.txt
0.29,dimer-plaquette,8,-0.002,-0.4268634389196,0.00013287876175899216,True,0.003,1,be5659c945ee1b,D:\HyraiOn\ENS_Lyon\Internship\2026-EPFL\data\distinVBCsSmallH\Results_Izar_replica1\J2_0.29\D_8\orientation_2\dimer-plaquette\replica_1\h_0p002\D_8_chi_104_energy_magnetization_correlation.txt
0.29,dimer-plaquette,8,0.0,-0.4267738830989,2.2377037397214306e-05,True,0.003,1,086328e11cbb8d,D:\HyraiOn\ENS_Lyon\Internship\2026-EPFL\data\distinVBCsJ2Continuation\Results_Izar_J2_sequences\s004_J2_0p3_D_8_dimer-plaquette\left\insurance_1\J2_0p29\D_8_chi_104_energy_magnetization_correlation.txt
0.29,dimer-plaquette,9,0.0,-0.4270575256146,-6.635964488338475e-05,True,0.003,1,d5a48639dc1946,D:\HyraiOn\ENS_Lyon\Internship\2026-EPFL\data\distinVBCsJ2Continuation\Results_Izar_J2_sequences\s101_J2_0p28_D_9_dimer-plaquette\right\insurance_2\J2_0p29\D_9_chi_108_energy_magnetization_correlation.txt
0.29,plaquette,6,0.001,-0.4259670984456,7.857143978096115e-05,True,0.003,2,01967f43cc3c9a,D:\HyraiOn\ENS_Lyon\Internship\2026-EPFL\data\distinVBCsSmallH\Results_Izar_replica1\J2_0.29\D_6\orientation_2\plaquette\replica_1\h_0p001\D_6_chi_72_energy_magnetization_correlation.txt
0.29,plaquette,6,0.002,-0.426204088898,7.707195265049815e-06,True,0.003,2,5d6ae778a9864e,D:\HyraiOn\ENS_Lyon\Internship\2026-EPFL\data\distinVBCsSmallH\Results_Izar_replica1\J2_0.29\D_6\orientation_2\plaquette\replica_1\h_0p002\D_6_chi_72_energy_magnetization_correlation.txt
0.29,plaquette,6,0.003,-0.4264552834018,-1.513719143969583e-05,True,0.003,2,0726486241ef5e,D:\HyraiOn\ENS_Lyon\Internship\2026-EPFL\data\distinVBCsSmallH\Results_Izar_replica1\J2_0.29\D_6\orientation_2\plaquette\replica_1\h_0p003\D_6_chi_72_energy_magnetization_correlation.txt
0.29,plaquette,7,0.0,-0.4265707762296,-7.893128483149603e-05,True,0.003,2,6ffc81395a8fae,D:\HyraiOn\ENS_Lyon\Internship\2026-EPFL\data\distinVBCsJ2Continuation\Results_Izar_J2_sequences\s001_J2_0p28_D_7_plaquette\right\insurance_2\J2_0p29\D_7_chi_91_energy_magnetization_correlation.txt
0.29,plaquette,7,0.001,-0.4266390631206,-3.646030691195623e-06,True,0.003,2,7fc29b7c167217,D:\HyraiOn\ENS_Lyon\Internship\2026-EPFL\data\distinVBCsSmallH\Results_Izar_replica1\J2_0.29\D_7\orientation_0\plaquette\replica_1\h_0p001\D_7_chi_91_energy_magnetization_correlation.txt
0.29,plaquette,7,0.002,-0.4268770149163,-3.580177203971191e-05,True,0.003,2,42709959d2f538,D:\HyraiOn\ENS_Lyon\Internship\2026-EPFL\data\distinVBCsSmallH\Results_Izar_replica1\J2_0.29\D_7\orientation_0\plaquette\replica_1\h_0p002\D_7_chi_91_energy_magnetization_correlation.txt
0.29,plaquette,7,0.003,-0.4271239464505,-1.4713342677163954e-05,True,0.003,2,8d188f3489aeca,D:\HyraiOn\ENS_Lyon\Internship\2026-EPFL\data\distinVBCsSmallH\Results_Izar_replica1\J2_0.29\D_7\orientation_0\plaquette\replica_1\h_0p003\D_7_chi_91_energy_magnetization_correlation.txt
0.29,plaquette,8,0.0,-0.4268665487844,2.60983049693575e-06,True,0.003,2,2063528e51e0e3,D:\HyraiOn\ENS_Lyon\Internship\2026-EPFL\data\distinVBCs\Results_Izar_replica1\J2_0.29\D_8\orientation_2\plaquette\replica_1\h_0p0\D_8_chi_104_energy_magnetization_correlation.txt
0.29,plaquette,8,0.001,-0.4270685654429,-2.8624009409894402e-05,True,0.003,2,3dfeeb28034751,D:\HyraiOn\ENS_Lyon\Internship\2026-EPFL\data\distinVBCsSmallH\Results_Izar_replica1\J2_0.29\D_8\orientation_2\plaquette\replica_1\h_0p001\D_8_chi_104_energy_magnetization_correlation.txt
0.29,plaquette,8,0.002,-0.4272911549842,-1.8206822905542097e-05,True,0.003,2,701ac69851cc5a,D:\HyraiOn\ENS_Lyon\Internship\2026-EPFL\data\distinVBCsSmallH\Results_Izar_replica1\J2_0.29\D_8\orientation_2\plaquette\replica_1\h_0p002\D_8_chi_104_energy_magnetization_correlation.txt
0.29,plaquette,8,0.003,-0.4275228944643,4.528433400990961e-05,True,0.003,2,1e479590dba56a,D:\HyraiOn\ENS_Lyon\Internship\2026-EPFL\data\distinVBCsSmallH\Results_Izar_replica1\J2_0.29\D_8\orientation_2\plaquette\replica_1\h_0p003\D_8_chi_104_energy_magnetization_correlation.txt
0.29,plaquette,9,0.0,-0.4270670811143,6.088765444101085e-05,True,0.003,2,10512cc8c99900,D:\HyraiOn\ENS_Lyon\Internship\2026-EPFL\data\distinVBCsJ2Continuation\Results_Izar_J2_sequences\s005_J2_0p3_D_9_plaquette\left\insurance_2\J2_0p29\D_9_chi_108_energy_magnetization_correlation.txt
0.3,dimer-plaquette,5,0.0,-0.422858174187,0.0004140824816137867,False,0.003,1,6cb87ac6c90013,D:\HyraiOn\ENS_Lyon\Internship\2026-EPFL\data\distinVBCs\Results_Kuma_replica1\J2_0.30\D_5\orientation_2\dimer-plaquette\replica_1\h_0p0\D_5_chi_50_energy_magnetization_correlation.txt
0.3,dimer-plaquette,6,-0.003,-0.4246808124256,-9.30964421808067e-06,True,0.003,1,4a02004a3f1bde,D:\HyraiOn\ENS_Lyon\Internship\2026-EPFL\data\distinVBCsSmallH\Results_Izar_replica1\J2_0.30\D_6\orientation_0\dimer-plaquette\replica_1\h_0p003\D_6_chi_72_energy_magnetization_correlation.txt
0.3,dimer-plaquette,6,-0.002,-0.4244114678286,-3.825611182617372e-06,True,0.003,1,40f9136de40771,D:\HyraiOn\ENS_Lyon\Internship\2026-EPFL\data\distinVBCsSmallH\Results_Izar_replica1\J2_0.30\D_6\orientation_0\dimer-plaquette\replica_1\h_0p002\D_6_chi_72_energy_magnetization_correlation.txt
0.3,dimer-plaquette,6,-0.001,-0.4241489624615,-5.1808080471782425e-06,True,0.003,1,1deedd23788a18,D:\HyraiOn\ENS_Lyon\Internship\2026-EPFL\data\distinVBCsSmallH\Results_Izar_replica1\J2_0.30\D_6\orientation_0\dimer-plaquette\replica_1\h_0p001\D_6_chi_72_energy_magnetization_correlation.txt
0.3,dimer-plaquette,6,0.0,-0.4238936032151,-1.3682125611647056e-05,True,0.003,1,79bd7e9be0910e,D:\HyraiOn\ENS_Lyon\Internship\2026-EPFL\data\distinVBCsSmallH\Results_Izar_replica1\J2_0.30\D_6\orientation_0\dimer-plaquette\replica_1\h_0\D_6_chi_72_energy_magnetization_correlation.txt
0.3,dimer-plaquette,7,-0.003,-0.4250462978437,8.345577665547221e-06,True,0.003,1,020d09ed4f8c58,D:\HyraiOn\ENS_Lyon\Internship\2026-EPFL\data\distinVBCsSmallH\Results_Izar_replica1\J2_0.30\D_7\orientation_0\dimer-plaquette\replica_1\h_0p003\D_7_chi_91_energy_magnetization_correlation.txt
0.3,dimer-plaquette,7,-0.002,-0.4247825567424,2.222496647102945e-05,True,0.003,1,497c3acd3bd08a,D:\HyraiOn\ENS_Lyon\Internship\2026-EPFL\data\distinVBCsSmallH\Results_Izar_replica1\J2_0.30\D_7\orientation_0\dimer-plaquette\replica_1\h_0p002\D_7_chi_91_energy_magnetization_correlation.txt
0.3,dimer-plaquette,7,-0.001,-0.4245253845371,2.9535459276586185e-05,True,0.003,1,d4b0fea03510e1,D:\HyraiOn\ENS_Lyon\Internship\2026-EPFL\data\distinVBCsSmallH\Results_Izar_replica1\J2_0.30\D_7\orientation_0\dimer-plaquette\replica_1\h_0p001\D_7_chi_91_energy_magnetization_correlation.txt
0.3,dimer-plaquette,7,0.0,-0.4242753728965,2.968538738201687e-05,True,0.003,1,e1963a33a159b9,D:\HyraiOn\ENS_Lyon\Internship\2026-EPFL\data\distinVBCs\Results_Kuma_replica1\J2_0.30\D_7\orientation_0\dimer-plaquette\replica_1\h_0p0\D_7_chi_91_energy_magnetization_correlation.txt
0.3,dimer-plaquette,8,-0.003,-0.425336937585,-1.4239409817540238e-05,True,0.003,1,c78e9df728ed0c,D:\HyraiOn\ENS_Lyon\Internship\2026-EPFL\data\distinVBCsSmallH\Results_Izar_replica1\J2_0.30\D_8\orientation_2\dimer-plaquette\replica_1\h_0p003\D_8_chi_104_energy_magnetization_correlation.txt
0.3,dimer-plaquette,8,-0.002,-0.4250879908525,-5.360443952662219e-06,True,0.003,1,9b974d2d852633,D:\HyraiOn\ENS_Lyon\Internship\2026-EPFL\data\distinVBCsSmallH\Results_Izar_replica1\J2_0.30\D_8\orientation_2\dimer-plaquette\replica_1\h_0p002\D_8_chi_104_energy_magnetization_correlation.txt
0.3,dimer-plaquette,8,-0.001,-0.4248473846867,-4.822044787800017e-06,True,0.003,1,4ef9c96d964c01,D:\HyraiOn\ENS_Lyon\Internship\2026-EPFL\data\distinVBCsSmallH\Results_Izar_replica1\J2_0.30\D_8\orientation_2\dimer-plaquette\replica_1\h_0p001\D_8_chi_104_energy_magnetization_correlation.txt
0.3,dimer-plaquette,8,0.0,-0.424615552857,-1.3057981722852663e-05,True,0.003,1,5b103b5558693c,D:\HyraiOn\ENS_Lyon\Internship\2026-EPFL\data\distinVBCsSmallH\Results_Izar_replica1\J2_0.30\D_8\orientation_2\dimer-plaquette\replica_1\h_0\D_8_chi_104_energy_magnetization_correlation.txt
0.3,dimer-plaquette,9,0.0,-0.4248629546286,-5.2365690824174305e-05,True,0.003,1,ef090aafff12fe,D:\HyraiOn\ENS_Lyon\Internship\2026-EPFL\data\distinVBCs\Results_Kuma_replica1\J2_0.30\D_9\orientation_0\dimer-plaquette\replica_1\h_0p0\D_9_chi_180_energy_magnetization_correlation.txt
0.3,dimer-plaquette,10,0.0,-0.4249550190993,1.1576380270494901e-06,True,0.003,1,7b4cecc97b873d,D:\HyraiOn\ENS_Lyon\Internship\2026-EPFL\data\distinVBCs\Results_Kuma_replica1\J2_0.30\D_10\orientation_0\dimer-plaquette\replica_1\h_0p0\D_10_chi_180_energy_magnetization_correlation.txt
0.3,dimer-plaquette,11,0.0,-0.425027138864,3.089473134432197e-05,True,0.003,1,545b905552e288,D:\HyraiOn\ENS_Lyon\Internship\2026-EPFL\data\distinVBCs\Results_Kuma_replica1\J2_0.30\D_11\orientation_1\dimer-plaquette\replica_1\h_0p0\D_11_chi_160_energy_magnetization_correlation.txt
0.3,plaquette,6,0.002,-0.4242899596028,2.3051519128958198e-05,True,0.003,1,2e7d8c699e183b,D:\HyraiOn\ENS_Lyon\Internship\2026-EPFL\data\distinVBCsSmallH\Results_Izar_replica1\J2_0.30\D_6\orientation_0\plaquette\replica_1\h_0p002\D_6_chi_72_energy_magnetization_correlation.txt
0.3,plaquette,6,0.003,-0.4245436704068,-2.9630096784361015e-05,True,0.003,1,6dfc543c2768f3,D:\HyraiOn\ENS_Lyon\Internship\2026-EPFL\data\distinVBCsSmallH\Results_Izar_replica1\J2_0.30\D_6\orientation_0\plaquette\replica_1\h_0p003\D_6_chi_72_energy_magnetization_correlation.txt
0.3,plaquette,7,0.0,-0.4243625569489,-2.491342642885197e-05,True,0.003,1,4e2280cf1409da,D:\HyraiOn\ENS_Lyon\Internship\2026-EPFL\data\distinVBCsJ2Continuation\Results_Izar_J2_sequences\s001_J2_0p28_D_7_plaquette\right\insurance_2\J2_0p30\D_7_chi_91_energy_magnetization_correlation.txt
0.3,plaquette,7,0.001,-0.4244940196439,6.526866835471212e-05,True,0.003,1,4dce6753ad8c86,D:\HyraiOn\ENS_Lyon\Internship\2026-EPFL\data\distinVBCsSmallH\Results_Izar_replica1\J2_0.30\D_7\orientation_0\plaquette\replica_1\h_0p001\D_7_chi_91_energy_magnetization_correlation.txt
0.3,plaquette,7,0.002,-0.4247484145834,3.251851863828037e-05,True,0.003,1,57c06c88b0dae0,D:\HyraiOn\ENS_Lyon\Internship\2026-EPFL\data\distinVBCsSmallH\Results_Izar_replica1\J2_0.30\D_7\orientation_0\plaquette\replica_1\h_0p002\D_7_chi_91_energy_magnetization_correlation.txt
0.3,plaquette,7,0.003,-0.4250113649055,-8.7870136781798e-06,True,0.003,1,db0db5f8c3f077,D:\HyraiOn\ENS_Lyon\Internship\2026-EPFL\data\distinVBCsSmallH\Results_Izar_replica1\J2_0.30\D_7\orientation_0\plaquette\replica_1\h_0p003\D_7_chi_91_energy_magnetization_correlation.txt
0.3,plaquette,8,0.0,-0.4246812907167,-4.512367786851934e-05,True,0.003,1,1033baa7c01d44,D:\HyraiOn\ENS_Lyon\Internship\2026-EPFL\data\distinVBCsJ2Continuation\Results_Izar_J2_sequences\s003_J2_0p28_D_8_plaquette\right\insurance_1\J2_0p30\D_8_chi_104_energy_magnetization_correlation.txt
0.3,plaquette,8,0.001,-0.4248755380153,-3.3029972318909806e-06,True,0.003,1,ab855486810540,D:\HyraiOn\ENS_Lyon\Internship\2026-EPFL\data\distinVBCsSmallH\Results_Izar_replica1\J2_0.30\D_8\orientation_2\plaquette\replica_1\h_0p001\D_8_chi_104_energy_magnetization_correlation.txt
0.3,plaquette,8,0.002,-0.4251137827954,-5.479798095286981e-06,True,0.003,1,98533d1d76adc5,D:\HyraiOn\ENS_Lyon\Internship\2026-EPFL\data\distinVBCsSmallH\Results_Izar_replica1\J2_0.30\D_8\orientation_2\plaquette\replica_1\h_0p002\D_8_chi_104_energy_magnetization_correlation.txt
0.3,plaquette,8,0.003,-0.4253600025829,-1.5631606358756933e-05,True,0.003,1,c354a0724b6e9d,D:\HyraiOn\ENS_Lyon\Internship\2026-EPFL\data\distinVBCsSmallH\Results_Izar_replica1\J2_0.30\D_8\orientation_2\plaquette\replica_1\h_0p003\D_8_chi_104_energy_magnetization_correlation.txt
0.3,plaquette,9,0.0,-0.4248714133549,-2.6391813737536296e-05,True,0.003,1,2067d50f1f63a2,D:\HyraiOn\ENS_Lyon\Internship\2026-EPFL\data\distinVBCs\Results_Kuma_replica1\J2_0.30\D_9\orientation_0\plaquette\replica_1\h_0p0\D_9_chi_180_energy_magnetization_correlation.txt
0.3,plaquette,10,0.0,-0.4250136988285,-2.2557465101269436e-05,True,0.003,1,fcb7334b7b388e,D:\HyraiOn\ENS_Lyon\Internship\2026-EPFL\data\distinVBCs\Results_Kuma_replica1\J2_0.30\D_10\orientation_0\plaquette\replica_1\h_0p0\D_10_chi_180_energy_magnetization_correlation.txt
0.3,plaquette,11,0.0,-0.4250323912486,6.0979189164200864e-05,True,0.003,1,1c5c9158bd8c0a,D:\HyraiOn\ENS_Lyon\Internship\2026-EPFL\data\distinVBCs\Results_Kuma_replica1\J2_0.30\D_11\orientation_1\plaquette\replica_1\h_0p0\D_11_chi_160_energy_magnetization_correlation.txt
0.31,dimer-plaquette,6,-0.003,-0.4226119246631,-6.08489052633665e-06,True,0.003,1,0e13fc8c854e4f,D:\HyraiOn\ENS_Lyon\Internship\2026-EPFL\data\distinVBCsSmallH\Results_Izar_replica1\J2_0.31\D_6\orientation_0\dimer-plaquette\replica_1\h_0p003\D_6_chi_72_energy_magnetization_correlation.txt
0.31,dimer-plaquette,6,-0.002,-0.4223310776671,-3.7882205481953868e-06,True,0.003,1,b03ba7856ccc30,D:\HyraiOn\ENS_Lyon\Internship\2026-EPFL\data\distinVBCsSmallH\Results_Izar_replica1\J2_0.31\D_6\orientation_0\dimer-plaquette\replica_1\h_0p002\D_6_chi_72_energy_magnetization_correlation.txt
0.31,dimer-plaquette,6,-0.001,-0.4220569183522,-8.179231670069065e-06,True,0.003,1,333f0219c9a639,D:\HyraiOn\ENS_Lyon\Internship\2026-EPFL\data\distinVBCsSmallH\Results_Izar_replica1\J2_0.31\D_6\orientation_0\dimer-plaquette\replica_1\h_0p001\D_6_chi_72_energy_magnetization_correlation.txt
0.31,dimer-plaquette,6,0.0,-0.4217897311078,-1.9542313291875946e-05,True,0.003,1,085655089ea400,D:\HyraiOn\ENS_Lyon\Internship\2026-EPFL\data\distinVBCsSmallH\Results_Izar_replica1\J2_0.31\D_6\orientation_0\dimer-plaquette\replica_1\h_0\D_6_chi_72_energy_magnetization_correlation.txt
0.31,dimer-plaquette,7,-0.003,-0.423031051434,5.678163972067107e-06,True,0.003,1,ae182ae91e64b6,D:\HyraiOn\ENS_Lyon\Internship\2026-EPFL\data\distinVBCsSmallH\Results_Izar_replica1\J2_0.31\D_7\orientation_1\dimer-plaquette\replica_1\h_0p003\D_7_chi_91_energy_magnetization_correlation.txt
0.31,dimer-plaquette,7,-0.002,-0.4227565638718,1.9928853186801376e-05,True,0.003,1,a122721437c31e,D:\HyraiOn\ENS_Lyon\Internship\2026-EPFL\data\distinVBCsSmallH\Results_Izar_replica1\J2_0.31\D_7\orientation_1\dimer-plaquette\replica_1\h_0p002\D_7_chi_91_energy_magnetization_correlation.txt
0.31,dimer-plaquette,7,-0.001,-0.4224894430791,2.681277290145223e-05,True,0.003,1,05def1c9f81f07,D:\HyraiOn\ENS_Lyon\Internship\2026-EPFL\data\distinVBCsSmallH\Results_Izar_replica1\J2_0.31\D_7\orientation_1\dimer-plaquette\replica_1\h_0p001\D_7_chi_91_energy_magnetization_correlation.txt
0.31,dimer-plaquette,7,0.0,-0.4222286596993,2.7359279716199225e-05,True,0.003,1,8ebbe6ef615ca5,D:\HyraiOn\ENS_Lyon\Internship\2026-EPFL\data\distinVBCsJ2Continuation\Results_Izar_J2_sequences\s002_J2_0p3_D_7_dimer-plaquette\right\insurance_2\J2_0p31\D_7_chi_91_energy_magnetization_correlation.txt
0.31,dimer-plaquette,8,-0.003,-0.4233465491385,-1.492425172466838e-05,True,0.003,1,3d2308d29d8424,D:\HyraiOn\ENS_Lyon\Internship\2026-EPFL\data\distinVBCsSmallH\Results_Izar_replica1\J2_0.31\D_8\orientation_0\dimer-plaquette\replica_1\h_0p003\D_8_chi_104_energy_magnetization_correlation.txt
0.31,dimer-plaquette,8,-0.002,-0.4230863824343,-2.4609358374449997e-06,True,0.003,1,094ce9abbcacd6,D:\HyraiOn\ENS_Lyon\Internship\2026-EPFL\data\distinVBCsSmallH\Results_Izar_replica1\J2_0.31\D_8\orientation_0\dimer-plaquette\replica_1\h_0p002\D_8_chi_104_energy_magnetization_correlation.txt
0.31,dimer-plaquette,8,0.0,-0.4225946878225,-6.173100662865139e-06,True,0.003,1,8c51bb64a3c49d,D:\HyraiOn\ENS_Lyon\Internship\2026-EPFL\data\distinVBCs\Results_Izar_replica1\J2_0.31\D_8\orientation_0\dimer-plaquette\replica_1\h_0p0\D_8_chi_104_energy_magnetization_correlation.txt
0.31,dimer-plaquette,9,0.0,-0.4228346965294,-1.862612551728482e-05,True,0.003,1,524ffc5c5575ed,D:\HyraiOn\ENS_Lyon\Internship\2026-EPFL\data\distinVBCsJ2Continuation\Results_Izar_J2_sequences\s102_J2_0p3_D_9_dimer-plaquette\right\insurance_2\J2_0p31\D_9_chi_108_energy_magnetization_correlation.txt
0.31,plaquette,6,0.001,-0.4219868631087,-1.2486771418518394e-05,True,0.003,1,79025502aa28e0,D:\HyraiOn\ENS_Lyon\Internship\2026-EPFL\data\distinVBCsSmallH\Results_Izar_replica1\J2_0.31\D_6\orientation_0\plaquette\replica_1\h_0p001\D_6_chi_72_energy_magnetization_correlation.txt
0.31,plaquette,6,0.002,-0.4222250973937,-1.0666062021436051e-05,True,0.003,1,ed1002add19e9f,D:\HyraiOn\ENS_Lyon\Internship\2026-EPFL\data\distinVBCsSmallH\Results_Izar_replica1\J2_0.31\D_6\orientation_0\plaquette\replica_1\h_0p002\D_6_chi_72_energy_magnetization_correlation.txt
0.31,plaquette,6,0.003,-0.4224851222305,-3.06359044243143e-05,True,0.003,1,1df056f91e39d8,D:\HyraiOn\ENS_Lyon\Internship\2026-EPFL\data\distinVBCsSmallH\Results_Izar_replica1\J2_0.31\D_6\orientation_0\plaquette\replica_1\h_0p003\D_6_chi_72_energy_magnetization_correlation.txt
0.31,plaquette,7,0.0,-0.4222921144864,-4.10580717059017e-05,True,0.003,1,f790603f004d05,D:\HyraiOn\ENS_Lyon\Internship\2026-EPFL\data\distinVBCsJ2Continuation\Results_Izar_J2_sequences\s001_J2_0p28_D_7_plaquette\right\insurance_2\J2_0p31\D_7_chi_91_energy_magnetization_correlation.txt
0.31,plaquette,7,0.001,-0.4224000417902,8.902491628959286e-05,True,0.003,1,7a0ad35716ed6e,D:\HyraiOn\ENS_Lyon\Internship\2026-EPFL\data\distinVBCsSmallH\Results_Izar_replica1\J2_0.31\D_7\orientation_1\plaquette\replica_1\h_0p001\D_7_chi_91_energy_magnetization_correlation.txt
0.31,plaquette,7,0.002,-0.4226624492401,6.462775818516509e-05,True,0.003,1,7f8721d33a5aa4,D:\HyraiOn\ENS_Lyon\Internship\2026-EPFL\data\distinVBCsSmallH\Results_Izar_replica1\J2_0.31\D_7\orientation_1\plaquette\replica_1\h_0p002\D_7_chi_91_energy_magnetization_correlation.txt
0.31,plaquette,7,0.003,-0.422934702912,3.038437808056127e-05,True,0.003,1,2990014cdccba4,D:\HyraiOn\ENS_Lyon\Internship\2026-EPFL\data\distinVBCsSmallH\Results_Izar_replica1\J2_0.31\D_7\orientation_1\plaquette\replica_1\h_0p003\D_7_chi_91_energy_magnetization_correlation.txt
0.31,plaquette,8,0.0,-0.4226372644143,-3.2561361291316704e-05,True,0.003,1,0c4fb641c43cc2,D:\HyraiOn\ENS_Lyon\Internship\2026-EPFL\data\distinVBCsJ2Continuation\Results_Izar_J2_sequences\s003_J2_0p28_D_8_plaquette\right\insurance_1\J2_0p31\D_8_chi_104_energy_magnetization_correlation.txt
0.31,plaquette,8,0.001,-0.4228467315555,-5.41757807159815e-06,True,0.003,1,4ed1945209c3c9,D:\HyraiOn\ENS_Lyon\Internship\2026-EPFL\data\distinVBCsSmallH\Results_Izar_replica1\J2_0.31\D_8\orientation_0\plaquette\replica_1\h_0p001\D_8_chi_104_energy_magnetization_correlation.txt
0.31,plaquette,8,0.002,-0.4230997176288,-2.1792726951852526e-05,True,0.003,1,db45abdbfb63a7,D:\HyraiOn\ENS_Lyon\Internship\2026-EPFL\data\distinVBCsSmallH\Results_Izar_replica1\J2_0.31\D_8\orientation_0\plaquette\replica_1\h_0p002\D_8_chi_104_energy_magnetization_correlation.txt
0.31,plaquette,8,0.003,-0.423359437135,-4.490130873219256e-05,True,0.003,1,f707c236a3bc54,D:\HyraiOn\ENS_Lyon\Internship\2026-EPFL\data\distinVBCsSmallH\Results_Izar_replica1\J2_0.31\D_8\orientation_0\plaquette\replica_1\h_0p003\D_8_chi_104_energy_magnetization_correlation.txt
0.31,plaquette,9,0.0,-0.4228312513957,1.5482732058758053e-05,True,0.003,1,aff11661df4f89,D:\HyraiOn\ENS_Lyon\Internship\2026-EPFL\data\distinVBCsJ2Continuation\Results_Izar_J2_sequences\s005_J2_0p3_D_9_plaquette\right\insurance_1\J2_0p31\D_9_chi_108_energy_magnetization_correlation.txt
0.32,dimer-plaquette,6,-0.003,-0.4206637948983,2.8343371079320168e-05,True,0.003,1,338bb54d25724a,D:\HyraiOn\ENS_Lyon\Internship\2026-EPFL\data\distinVBCsSmallH\Results_Izar_replica1\J2_0.32\D_6\orientation_1\dimer-plaquette\replica_1\h_0p003\D_6_chi_72_energy_magnetization_correlation.txt
0.32,dimer-plaquette,6,-0.002,-0.420384299753,1.7332820531845705e-05,True,0.003,1,2d13c7a04b739f,D:\HyraiOn\ENS_Lyon\Internship\2026-EPFL\data\distinVBCsSmallH\Results_Izar_replica1\J2_0.32\D_6\orientation_1\dimer-plaquette\replica_1\h_0p002\D_6_chi_72_energy_magnetization_correlation.txt
0.32,dimer-plaquette,6,-0.001,-0.4201041809241,6.945953584303055e-06,True,0.003,1,88a682cff68acc,D:\HyraiOn\ENS_Lyon\Internship\2026-EPFL\data\distinVBCsSmallH\Results_Izar_replica1\J2_0.32\D_6\orientation_1\dimer-plaquette\replica_1\h_0p001\D_6_chi_72_energy_magnetization_correlation.txt
0.32,dimer-plaquette,6,0.0,-0.419828551119,-7.92993716325352e-06,True,0.003,1,4592de3f5f31c6,D:\HyraiOn\ENS_Lyon\Internship\2026-EPFL\data\distinVBCsSmallH\Results_Izar_replica1\J2_0.32\D_6\orientation_1\dimer-plaquette\replica_1\h_0\D_6_chi_72_energy_magnetization_correlation.txt
0.32,dimer-plaquette,7,-0.003,-0.4211433556051,-0.00025297932555784497,False,0.003,1,dbe0acafcc9e1f,D:\HyraiOn\ENS_Lyon\Internship\2026-EPFL\data\distinVBCsSmallH\Results_Izar_replica1\J2_0.32\D_7\orientation_2\dimer-plaquette\replica_1\h_0p003\D_7_chi_91_energy_magnetization_correlation.txt
0.32,dimer-plaquette,7,-0.002,-0.4208590907933,-0.00014375060786270266,True,0.003,1,e061285895a8eb,D:\HyraiOn\ENS_Lyon\Internship\2026-EPFL\data\distinVBCsSmallH\Results_Izar_replica1\J2_0.32\D_7\orientation_2\dimer-plaquette\replica_1\h_0p002\D_7_chi_91_energy_magnetization_correlation.txt
0.32,dimer-plaquette,7,-0.001,-0.4205813936054,-4.108951406756045e-05,True,0.003,1,4c81fb05ef01a8,D:\HyraiOn\ENS_Lyon\Internship\2026-EPFL\data\distinVBCsSmallH\Results_Izar_replica1\J2_0.32\D_7\orientation_2\dimer-plaquette\replica_1\h_0p001\D_7_chi_91_energy_magnetization_correlation.txt
0.32,dimer-plaquette,7,0.0,-0.420311264151,5.400384622755716e-05,True,0.003,1,03fbe78d50870d,D:\HyraiOn\ENS_Lyon\Internship\2026-EPFL\data\distinVBCsJ2Continuation\Results_Izar_J2_sequences\s002_J2_0p3_D_7_dimer-plaquette\right\insurance_1\J2_0p32\D_7_chi_91_energy_magnetization_correlation.txt
0.32,dimer-plaquette,8,-0.003,-0.4210396817256,-2.4990904010924186e-05,True,0.003,1,966a40a769c1c7,D:\HyraiOn\ENS_Lyon\Internship\2026-EPFL\data\distinVBCsSmallH\Results_Izar_replica1\J2_0.32\D_8\orientation_0\dimer-plaquette\replica_1\h_0p003\D_8_chi_104_energy_magnetization_correlation.txt
0.32,dimer-plaquette,8,-0.002,-0.4207736045483,0.00013846086696905902,True,0.003,1,30a43ccb81e7aa,D:\HyraiOn\ENS_Lyon\Internship\2026-EPFL\data\distinVBCsSmallH\Results_Izar_replica1\J2_0.32\D_8\orientation_0\dimer-plaquette\replica_1\h_0p002\D_8_chi_104_energy_magnetization_correlation.txt
0.32,dimer-plaquette,8,0.0,-0.4207104189825,-3.6043798710694297e-06,True,0.003,1,c875ed8a94049b,D:\HyraiOn\ENS_Lyon\Internship\2026-EPFL\data\distinVBCsJ2Continuation\Results_Izar_J2_sequences\s004_J2_0p3_D_8_dimer-plaquette\right\insurance_1\J2_0p32\D_8_chi_104_energy_magnetization_correlation.txt
0.32,dimer-plaquette,9,0.0,-0.4209447191085,-2.3721515417907124e-05,True,0.003,1,f7e5002c22da1e,D:\HyraiOn\ENS_Lyon\Internship\2026-EPFL\data\distinVBCsJ2Continuation\Results_Izar_J2_sequences\s102_J2_0p3_D_9_dimer-plaquette\right\insurance_1\J2_0p32\D_9_chi_108_energy_magnetization_correlation.txt
0.32,plaquette,6,0.001,-0.4200266565433,-5.997538755608822e-05,True,0.003,2,4e99bb4fdc4973,D:\HyraiOn\ENS_Lyon\Internship\2026-EPFL\data\distinVBCsSmallH\Results_Izar_replica1\J2_0.32\D_6\orientation_1\plaquette\replica_1\h_0p001\D_6_chi_72_energy_magnetization_correlation.txt
0.32,plaquette,6,0.002,-0.4195965412448,0.0003668144402853568,False,0.003,2,a744f1c0862922,D:\HyraiOn\ENS_Lyon\Internship\2026-EPFL\data\distinVBCsSmallH\Results_Izar_replica1\J2_0.32\D_6\orientation_1\plaquette\replica_1\h_0p002\D_6_chi_72_energy_magnetization_correlation.txt
0.32,plaquette,6,0.003,-0.419908704045,2.3389028994125205e-05,True,0.003,2,5e30b1a108db08,D:\HyraiOn\ENS_Lyon\Internship\2026-EPFL\data\distinVBCsSmallH\Results_Izar_replica1\J2_0.32\D_6\orientation_1\plaquette\replica_1\h_0p003\D_6_chi_72_energy_magnetization_correlation.txt
0.32,plaquette,7,0.0,-0.4203608120919,5.436921533713557e-05,True,0.003,2,a5037e8710489c,D:\HyraiOn\ENS_Lyon\Internship\2026-EPFL\data\distinVBCsJ2Continuation\Results_Izar_J2_sequences\s001_J2_0p28_D_7_plaquette\right\insurance_2\J2_0p32\D_7_chi_91_energy_magnetization_correlation.txt
0.32,plaquette,7,0.001,-0.4205455773824,5.720230042305374e-05,True,0.003,2,c8ec32fb2f0213,D:\HyraiOn\ENS_Lyon\Internship\2026-EPFL\data\distinVBCsSmallH\Results_Izar_replica1\J2_0.32\D_7\orientation_2\plaquette\replica_1\h_0p001\D_7_chi_91_energy_magnetization_correlation.txt
0.32,plaquette,7,0.002,-0.4208042640075,-4.182308952371816e-05,True,0.003,2,d739ea9d755d96,D:\HyraiOn\ENS_Lyon\Internship\2026-EPFL\data\distinVBCsSmallH\Results_Izar_replica1\J2_0.32\D_7\orientation_2\plaquette\replica_1\h_0p002\D_7_chi_91_energy_magnetization_correlation.txt
0.32,plaquette,7,0.003,-0.421089557523,-0.00019539251030314952,False,0.003,2,c993e1d541eddd,D:\HyraiOn\ENS_Lyon\Internship\2026-EPFL\data\distinVBCsSmallH\Results_Izar_replica1\J2_0.32\D_7\orientation_2\plaquette\replica_1\h_0p003\D_7_chi_91_energy_magnetization_correlation.txt
0.32,plaquette,8,0.0,-0.4207334366194,-2.156811605175113e-05,True,0.003,2,f972cca67b6a65,D:\HyraiOn\ENS_Lyon\Internship\2026-EPFL\data\distinVBCsJ2Continuation\Results_Izar_J2_sequences\s003_J2_0p28_D_8_plaquette\right\insurance_1\J2_0p32\D_8_chi_104_energy_magnetization_correlation.txt
0.32,plaquette,8,0.001,-0.4209768443552,2.4831064246111367e-05,True,0.003,2,45827cbc856831,D:\HyraiOn\ENS_Lyon\Internship\2026-EPFL\data\distinVBCsSmallH\Results_Izar_replica1\J2_0.32\D_8\orientation_0\plaquette\replica_1\h_0p001\D_8_chi_104_energy_magnetization_correlation.txt
0.32,plaquette,8,0.002,-0.4212437800827,1.9765112411196384e-05,True,0.003,2,e11d3f171df086,D:\HyraiOn\ENS_Lyon\Internship\2026-EPFL\data\distinVBCsSmallH\Results_Izar_replica1\J2_0.32\D_8\orientation_0\plaquette\replica_1\h_0p002\D_8_chi_104_energy_magnetization_correlation.txt
0.32,plaquette,8,0.003,-0.4215135142003,-1.603636995628488e-05,True,0.003,2,c33a0cf8386367,D:\HyraiOn\ENS_Lyon\Internship\2026-EPFL\data\distinVBCsSmallH\Results_Izar_replica1\J2_0.32\D_8\orientation_0\plaquette\replica_1\h_0p003\D_8_chi_104_energy_magnetization_correlation.txt
0.32,plaquette,9,0.0,-0.4209380740329,-4.015375832255863e-05,True,0.003,2,8d50737a0421fc,D:\HyraiOn\ENS_Lyon\Internship\2026-EPFL\data\distinVBCsJ2Continuation\Results_Izar_J2_sequences\s005_J2_0p3_D_9_plaquette\right\insurance_2\J2_0p32\D_9_chi_108_energy_magnetization_correlation.txt
0.33,dimer-plaquette,6,-0.003,-0.4188356243825,2.7542083053000432e-05,True,0.003,1,4c41e9b1d14f33,D:\HyraiOn\ENS_Lyon\Internship\2026-EPFL\data\distinVBCsSmallH\Results_Izar_replica1\J2_0.33\D_6\orientation_2\dimer-plaquette\replica_1\h_0p003\D_6_chi_72_energy_magnetization_correlation.txt
0.33,dimer-plaquette,6,-0.002,-0.4185334627128,3.142874132994189e-05,True,0.003,1,915a43206f5de1,D:\HyraiOn\ENS_Lyon\Internship\2026-EPFL\data\distinVBCsSmallH\Results_Izar_replica1\J2_0.33\D_6\orientation_2\dimer-plaquette\replica_1\h_0p002\D_6_chi_72_energy_magnetization_correlation.txt
0.33,dimer-plaquette,6,-0.001,-0.4182379939798,2.8622462906968682e-05,True,0.003,1,c6b6958b9cfd78,D:\HyraiOn\ENS_Lyon\Internship\2026-EPFL\data\distinVBCsSmallH\Results_Izar_replica1\J2_0.33\D_6\orientation_2\dimer-plaquette\replica_1\h_0p001\D_6_chi_72_energy_magnetization_correlation.txt
0.33,dimer-plaquette,6,0.0,-0.4179491472139,1.9194217383999845e-05,True,0.003,1,c814a0426e91a8,D:\HyraiOn\ENS_Lyon\Internship\2026-EPFL\data\distinVBCsSmallH\Results_Izar_replica1\J2_0.33\D_6\orientation_2\dimer-plaquette\replica_1\h_0\D_6_chi_72_energy_magnetization_correlation.txt
0.33,dimer-plaquette,7,-0.003,-0.419380364457,-2.7027942467339194e-05,True,0.003,1,8c1ffef663bf72,D:\HyraiOn\ENS_Lyon\Internship\2026-EPFL\data\distinVBCsSmallH\Results_Izar_replica1\J2_0.33\D_7\orientation_0\dimer-plaquette\replica_1\h_0p003\D_7_chi_91_energy_magnetization_correlation.txt
0.33,dimer-plaquette,7,-0.002,-0.4190876351531,-1.4694283765492866e-05,True,0.003,1,2937afe5d1d388,D:\HyraiOn\ENS_Lyon\Internship\2026-EPFL\data\distinVBCsSmallH\Results_Izar_replica1\J2_0.33\D_7\orientation_0\dimer-plaquette\replica_1\h_0p002\D_7_chi_91_energy_magnetization_correlation.txt
0.33,dimer-plaquette,7,-0.001,-0.4188008148883,-8.269664163618184e-06,True,0.003,1,c32ea7e17686bb,D:\HyraiOn\ENS_Lyon\Internship\2026-EPFL\data\distinVBCsSmallH\Results_Izar_replica1\J2_0.33\D_7\orientation_0\dimer-plaquette\replica_1\h_0p001\D_7_chi_91_energy_magnetization_correlation.txt
0.33,dimer-plaquette,7,0.0,-0.4185212001619,-9.05058296174488e-06,True,0.003,1,ded2b8a733bb31,D:\HyraiOn\ENS_Lyon\Internship\2026-EPFL\data\distinVBCsSmallH\Results_Izar_replica1\J2_0.33\D_7\orientation_0\dimer-plaquette\replica_1\h_0\D_7_chi_91_energy_magnetization_correlation.txt
0.33,dimer-plaquette,8,-0.003,-0.4197626358398,-9.815116685302216e-05,True,0.003,1,b9b54a077eb42e,D:\HyraiOn\ENS_Lyon\Internship\2026-EPFL\data\distinVBCsSmallH\Results_Izar_replica1\J2_0.33\D_8\orientation_2\dimer-plaquette\replica_1\h_0p003\D_8_chi_104_energy_magnetization_correlation.txt
0.33,dimer-plaquette,8,-0.002,-0.4194885514946,-9.31130751735676e-05,True,0.003,1,479f2e708286ce,D:\HyraiOn\ENS_Lyon\Internship\2026-EPFL\data\distinVBCsSmallH\Results_Izar_replica1\J2_0.33\D_8\orientation_2\dimer-plaquette\replica_1\h_0p002\D_8_chi_104_energy_magnetization_correlation.txt
0.33,dimer-plaquette,8,-0.001,-0.4192203841244,-9.399195849407738e-05,True,0.003,1,b0a3b694e2c1a8,D:\HyraiOn\ENS_Lyon\Internship\2026-EPFL\data\distinVBCsSmallH\Results_Izar_replica1\J2_0.33\D_8\orientation_2\dimer-plaquette\replica_1\h_0p001\D_8_chi_104_energy_magnetization_correlation.txt
0.33,dimer-plaquette,8,0.0,-0.4189600708328,-0.00010272492041468739,True,0.003,1,9ff46aa6759b6f,D:\HyraiOn\ENS_Lyon\Internship\2026-EPFL\data\distinVBCsSmallH\Results_Izar_replica1\J2_0.33\D_8\orientation_2\dimer-plaquette\replica_1\h_0\D_8_chi_104_energy_magnetization_correlation.txt
0.33,dimer-plaquette,9,-0.003,-0.4197863372798,7.565676093918006e-05,True,0.003,1,204c88c2717c15,D:\HyraiOn\ENS_Lyon\Internship\2026-EPFL\data\distinVBCsSmallH\Results_Izar_replica1\J2_0.33\D_9\orientation_1\dimer-plaquette\replica_1\h_0p003\D_9_chi_108_energy_magnetization_correlation.txt
0.33,dimer-plaquette,9,-0.002,-0.4194938647228,0.00010628738530071846,True,0.003,1,14af0f09281ac4,D:\HyraiOn\ENS_Lyon\Internship\2026-EPFL\data\distinVBCsSmallH\Results_Izar_replica1\J2_0.33\D_9\orientation_1\dimer-plaquette\replica_1\h_0p002\D_9_chi_108_energy_magnetization_correlation.txt
0.33,dimer-plaquette,9,-0.001,-0.4192585477551,7.976242036211723e-05,True,0.003,1,d86eabfd544d7e,D:\HyraiOn\ENS_Lyon\Internship\2026-EPFL\data\distinVBCsSmallH\Results_Izar_replica1\J2_0.33\D_9\orientation_1\dimer-plaquette\replica_1\h_0p001\D_9_chi_108_energy_magnetization_correlation.txt
0.33,dimer-plaquette,9,0.0,-0.4189979387198,7.852952302356275e-05,True,0.003,1,ddf6b4f1e4023a,D:\HyraiOn\ENS_Lyon\Internship\2026-EPFL\data\distinVBCsSmallH\Results_Izar_replica1\J2_0.33\D_9\orientation_1\dimer-plaquette\replica_1\h_0\D_9_chi_108_energy_magnetization_correlation.txt
0.33,plaquette,6,0.001,-0.4181875623898,-1.660308685963452e-05,True,0.003,1,3bd93c7c5181e4,D:\HyraiOn\ENS_Lyon\Internship\2026-EPFL\data\distinVBCsSmallH\Results_Izar_replica1\J2_0.33\D_6\orientation_2\plaquette\replica_1\h_0p001\D_6_chi_72_energy_magnetization_correlation.txt
0.33,plaquette,6,0.002,-0.4184518975317,4.112178343396167e-06,True,0.003,1,7bc0d4e2a3fb6c,D:\HyraiOn\ENS_Lyon\Internship\2026-EPFL\data\distinVBCsSmallH\Results_Izar_replica1\J2_0.33\D_6\orientation_2\plaquette\replica_1\h_0p002\D_6_chi_72_energy_magnetization_correlation.txt
0.33,plaquette,6,0.003,-0.418739508127,1.5519901463978414e-06,True,0.003,1,33de3a0d2a6027,D:\HyraiOn\ENS_Lyon\Internship\2026-EPFL\data\distinVBCsSmallH\Results_Izar_replica1\J2_0.33\D_6\orientation_2\plaquette\replica_1\h_0p003\D_6_chi_72_energy_magnetization_correlation.txt
0.33,plaquette,7,0.0,-0.4185093913333,-1.0152675605834549e-05,True,0.003,1,f71afcbd1453f7,D:\HyraiOn\ENS_Lyon\Internship\2026-EPFL\data\distinVBCsSmallH\Results_Izar_replica1\J2_0.33\D_7\orientation_0\plaquette\replica_1\h_0\D_7_chi_91_energy_magnetization_correlation.txt
0.33,plaquette,7,0.001,-0.4187678167001,9.62324362824285e-06,True,0.003,1,96d47e1c7d49b1,D:\HyraiOn\ENS_Lyon\Internship\2026-EPFL\data\distinVBCsSmallH\Results_Izar_replica1\J2_0.33\D_7\orientation_0\plaquette\replica_1\h_0p001\D_7_chi_91_energy_magnetization_correlation.txt
0.33,plaquette,7,0.002,-0.4190550717372,5.69492562274565e-07,True,0.003,1,b1f7c60a7dae95,D:\HyraiOn\ENS_Lyon\Internship\2026-EPFL\data\distinVBCsSmallH\Results_Izar_replica1\J2_0.33\D_7\orientation_0\plaquette\replica_1\h_0p002\D_7_chi_91_energy_magnetization_correlation.txt
0.33,plaquette,7,0.003,-0.4193508969686,-1.705445280364426e-05,True,0.003,1,770345fc984043,D:\HyraiOn\ENS_Lyon\Internship\2026-EPFL\data\distinVBCsSmallH\Results_Izar_replica1\J2_0.33\D_7\orientation_0\plaquette\replica_1\h_0p003\D_7_chi_91_energy_magnetization_correlation.txt
0.33,plaquette,8,0.0,-0.4188584457697,3.0119870129741155e-05,True,0.003,1,59c9b5dcedde4c,D:\HyraiOn\ENS_Lyon\Internship\2026-EPFL\data\distinVBCsSmallH\Results_Izar_replica1\J2_0.33\D_8\orientation_2\plaquette\replica_1\h_0\D_8_chi_104_energy_magnetization_correlation.txt
0.33,plaquette,8,0.001,-0.4191330257821,2.939348643177242e-05,True,0.003,1,e198c78aa637db,D:\HyraiOn\ENS_Lyon\Internship\2026-EPFL\data\distinVBCsSmallH\Results_Izar_replica1\J2_0.33\D_8\orientation_2\plaquette\replica_1\h_0p001\D_8_chi_104_energy_magnetization_correlation.txt
0.33,plaquette,8,0.002,-0.4194108807103,2.5392186933870242e-05,True,0.003,1,14b8b1cd483d49,D:\HyraiOn\ENS_Lyon\Internship\2026-EPFL\data\distinVBCsSmallH\Results_Izar_replica1\J2_0.33\D_8\orientation_2\plaquette\replica_1\h_0p002\D_8_chi_104_energy_magnetization_correlation.txt
0.33,plaquette,8,0.003,-0.4196958945339,1.4231992035984575e-05,True,0.003,1,08caba22e3d333,D:\HyraiOn\ENS_Lyon\Internship\2026-EPFL\data\distinVBCsSmallH\Results_Izar_replica1\J2_0.33\D_8\orientation_2\plaquette\replica_1\h_0p003\D_8_chi_104_energy_magnetization_correlation.txt
0.33,plaquette,9,0.0,-0.4191652260522,-2.952500749464626e-05,True,0.003,1,1cdee2c3e17b3d,D:\HyraiOn\ENS_Lyon\Internship\2026-EPFL\data\distinVBCsSmallH\Results_Izar_replica1\J2_0.33\D_9\orientation_1\plaquette\replica_1\h_0\D_9_chi_108_energy_magnetization_correlation.txt
0.33,plaquette,9,0.001,-0.4194263275782,-1.9532693104951093e-05,True,0.003,1,fd295c206e5b95,D:\HyraiOn\ENS_Lyon\Internship\2026-EPFL\data\distinVBCsSmallH\Results_Izar_replica1\J2_0.33\D_9\orientation_1\plaquette\replica_1\h_0p001\D_9_chi_108_energy_magnetization_correlation.txt
0.33,plaquette,9,0.002,-0.4196850510446,-7.162319115294746e-06,True,0.003,1,e635dcab3e31ff,D:\HyraiOn\ENS_Lyon\Internship\2026-EPFL\data\distinVBCsSmallH\Results_Izar_replica1\J2_0.33\D_9\orientation_1\plaquette\replica_1\h_0p002\D_9_chi_108_energy_magnetization_correlation.txt
0.33,plaquette,9,0.003,-0.4199639467711,-1.4964205225620475e-05,True,0.003,1,de7f8b225e124f,D:\HyraiOn\ENS_Lyon\Internship\2026-EPFL\data\distinVBCsSmallH\Results_Izar_replica1\J2_0.33\D_9\orientation_1\plaquette\replica_1\h_0p003\D_9_chi_108_energy_magnetization_correlation.txt
0.34,dimer-plaquette,6,-0.003,-0.4171198843012,2.8191717114156578e-05,True,0.003,1,17eec7eb6e217f,D:\HyraiOn\ENS_Lyon\Internship\2026-EPFL\data\distinVBCsSmallH\Results_Izar_replica1\J2_0.34\D_6\orientation_2\dimer-plaquette\replica_1\h_0p003\D_6_chi_72_energy_magnetization_correlation.txt
0.34,dimer-plaquette,6,-0.002,-0.4168098408905,3.1219741048527094e-05,True,0.003,1,34982faf3a8143,D:\HyraiOn\ENS_Lyon\Internship\2026-EPFL\data\distinVBCsSmallH\Results_Izar_replica1\J2_0.34\D_6\orientation_2\dimer-plaquette\replica_1\h_0p002\D_6_chi_72_energy_magnetization_correlation.txt
0.34,dimer-plaquette,6,-0.001,-0.4165049582784,2.9086966382929624e-05,True,0.003,1,632aa86e439aeb,D:\HyraiOn\ENS_Lyon\Internship\2026-EPFL\data\distinVBCsSmallH\Results_Izar_replica1\J2_0.34\D_6\orientation_2\dimer-plaquette\replica_1\h_0p001\D_6_chi_72_energy_magnetization_correlation.txt
0.34,dimer-plaquette,6,0.0,-0.4162067794191,2.0250438917346347e-05,True,0.003,1,3fa7f12466d944,D:\HyraiOn\ENS_Lyon\Internship\2026-EPFL\data\distinVBCsSmallH\Results_Izar_replica1\J2_0.34\D_6\orientation_2\dimer-plaquette\replica_1\h_0\D_6_chi_72_energy_magnetization_correlation.txt
0.34,dimer-plaquette,7,-0.003,-0.4177384774484,-2.6526130908532952e-05,True,0.003,1,270b0b792cc795,D:\HyraiOn\ENS_Lyon\Internship\2026-EPFL\data\distinVBCsSmallH\Results_Izar_replica1\J2_0.34\D_7\orientation_1\dimer-plaquette\replica_1\h_0p003\D_7_chi_91_energy_magnetization_correlation.txt
0.34,dimer-plaquette,7,-0.002,-0.4174377204212,-1.3664085433628959e-05,True,0.003,1,e8d795f61aed49,D:\HyraiOn\ENS_Lyon\Internship\2026-EPFL\data\distinVBCsSmallH\Results_Izar_replica1\J2_0.34\D_7\orientation_1\dimer-plaquette\replica_1\h_0p002\D_7_chi_91_energy_magnetization_correlation.txt
0.34,dimer-plaquette,7,-0.001,-0.4171435406726,-7.3793185587089916e-06,True,0.003,1,6fbcc5b001a7e9,D:\HyraiOn\ENS_Lyon\Internship\2026-EPFL\data\distinVBCsSmallH\Results_Izar_replica1\J2_0.34\D_7\orientation_1\dimer-plaquette\replica_1\h_0p001\D_7_chi_91_energy_magnetization_correlation.txt
0.34,dimer-plaquette,7,0.0,-0.4168567504914,-8.484119083773667e-06,True,0.003,1,d215a4e2762591,D:\HyraiOn\ENS_Lyon\Internship\2026-EPFL\data\distinVBCsSmallH\Results_Izar_replica1\J2_0.34\D_7\orientation_1\dimer-plaquette\replica_1\h_0\D_7_chi_91_energy_magnetization_correlation.txt
0.34,dimer-plaquette,8,-0.003,-0.418165578635,-0.00010892090084113626,True,0.003,1,a0bf4316c24177,D:\HyraiOn\ENS_Lyon\Internship\2026-EPFL\data\distinVBCsSmallH\Results_Izar_replica1\J2_0.34\D_8\orientation_2\dimer-plaquette\replica_1\h_0p003\D_8_chi_104_energy_magnetization_correlation.txt
0.34,dimer-plaquette,8,-0.002,-0.4178831109995,-0.00010265962315181287,True,0.003,1,b1aae1f9fb8164,D:\HyraiOn\ENS_Lyon\Internship\2026-EPFL\data\distinVBCsSmallH\Results_Izar_replica1\J2_0.34\D_8\orientation_2\dimer-plaquette\replica_1\h_0p002\D_8_chi_104_energy_magnetization_correlation.txt
0.34,dimer-plaquette,8,-0.001,-0.4176063253394,-0.0001020803208623966,True,0.003,1,cbb65d69cbeb76,D:\HyraiOn\ENS_Lyon\Internship\2026-EPFL\data\distinVBCsSmallH\Results_Izar_replica1\J2_0.34\D_8\orientation_2\dimer-plaquette\replica_1\h_0p001\D_8_chi_104_energy_magnetization_correlation.txt
0.34,dimer-plaquette,8,0.0,-0.4173442719694,-0.00011623330867299719,True,0.003,1,3d2889e726c05d,D:\HyraiOn\ENS_Lyon\Internship\2026-EPFL\data\distinVBCsSmallH\Results_Izar_replica1\J2_0.34\D_8\orientation_2\dimer-plaquette\replica_1\h_0\D_8_chi_104_energy_magnetization_correlation.txt
0.34,dimer-plaquette,9,-0.003,-0.4181714989124,9.588362893692137e-05,True,0.003,1,7ebc0f99ee4020,D:\HyraiOn\ENS_Lyon\Internship\2026-EPFL\data\distinVBCsSmallH\Results_Izar_replica1\J2_0.34\D_9\orientation_1\dimer-plaquette\replica_1\h_0p003\D_9_chi_108_energy_magnetization_correlation.txt
0.34,dimer-plaquette,9,-0.002,-0.4179027590324,9.556260273807515e-05,True,0.003,1,58fdc752faa224,D:\HyraiOn\ENS_Lyon\Internship\2026-EPFL\data\distinVBCsSmallH\Results_Izar_replica1\J2_0.34\D_9\orientation_1\dimer-plaquette\replica_1\h_0p002\D_9_chi_108_energy_magnetization_correlation.txt
0.34,dimer-plaquette,9,-0.001,-0.4176356902692,9.357045973923395e-05,True,0.003,1,878ad726b2d806,D:\HyraiOn\ENS_Lyon\Internship\2026-EPFL\data\distinVBCsSmallH\Results_Izar_replica1\J2_0.34\D_9\orientation_1\dimer-plaquette\replica_1\h_0p001\D_9_chi_108_energy_magnetization_correlation.txt
0.34,dimer-plaquette,9,0.0,-0.4173680175701,9.21822526404048e-05,True,0.003,1,50d961e52f5c0a,D:\HyraiOn\ENS_Lyon\Internship\2026-EPFL\data\distinVBCsSmallH\Results_Izar_replica1\J2_0.34\D_9\orientation_1\dimer-plaquette\replica_1\h_0\D_9_chi_108_energy_magnetization_correlation.txt
0.34,plaquette,6,0.001,-0.4164580631634,-2.376072457671574e-05,True,0.003,1,339f348fb86284,D:\HyraiOn\ENS_Lyon\Internship\2026-EPFL\data\distinVBCsSmallH\Results_Izar_replica1\J2_0.34\D_6\orientation_2\plaquette\replica_1\h_0p001\D_6_chi_72_energy_magnetization_correlation.txt
0.34,plaquette,6,0.002,-0.4167445704691,-1.4768195058578737e-05,True,0.003,1,6836ca740b7bf7,D:\HyraiOn\ENS_Lyon\Internship\2026-EPFL\data\distinVBCsSmallH\Results_Izar_replica1\J2_0.34\D_6\orientation_2\plaquette\replica_1\h_0p002\D_6_chi_72_energy_magnetization_correlation.txt
0.34,plaquette,6,0.003,-0.4170463531384,-2.1051029140350952e-05,True,0.003,1,2b8ee9bbddd639,D:\HyraiOn\ENS_Lyon\Internship\2026-EPFL\data\distinVBCsSmallH\Results_Izar_replica1\J2_0.34\D_6\orientation_2\plaquette\replica_1\h_0p003\D_6_chi_72_energy_magnetization_correlation.txt
0.34,plaquette,7,0.001,-0.4170786288834,2.4664871207669137e-05,True,0.003,1,4d0bdd3d180021,D:\HyraiOn\ENS_Lyon\Internship\2026-EPFL\data\distinVBCsSmallH\Results_Izar_replica1\J2_0.34\D_7\orientation_1\plaquette\replica_1\h_0p001\D_7_chi_91_energy_magnetization_correlation.txt
0.34,plaquette,7,0.002,-0.4173497062766,4.119050818690573e-05,True,0.003,1,6cd5ece5a01548,D:\HyraiOn\ENS_Lyon\Internship\2026-EPFL\data\distinVBCsSmallH\Results_Izar_replica1\J2_0.34\D_7\orientation_1\plaquette\replica_1\h_0p002\D_7_chi_91_energy_magnetization_correlation.txt
0.34,plaquette,7,0.003,-0.4176385325475,3.996726746613444e-05,True,0.003,1,9c1a6f000f6fff,D:\HyraiOn\ENS_Lyon\Internship\2026-EPFL\data\distinVBCsSmallH\Results_Izar_replica1\J2_0.34\D_7\orientation_1\plaquette\replica_1\h_0p003\D_7_chi_91_energy_magnetization_correlation.txt
0.34,plaquette,8,0.0,-0.4172119973973,1.7486374907171864e-05,True,0.003,1,096efeb701aabc,D:\HyraiOn\ENS_Lyon\Internship\2026-EPFL\data\distinVBCsSmallH\Results_Izar_replica1\J2_0.34\D_8\orientation_2\plaquette\replica_1\h_0\D_8_chi_104_energy_magnetization_correlation.txt
0.34,plaquette,8,0.001,-0.4174968726021,1.5386751075430194e-05,True,0.003,1,6444d35c017257,D:\HyraiOn\ENS_Lyon\Internship\2026-EPFL\data\distinVBCsSmallH\Results_Izar_replica1\J2_0.34\D_8\orientation_2\plaquette\replica_1\h_0p001\D_8_chi_104_energy_magnetization_correlation.txt
0.34,plaquette,8,0.002,-0.417785998256,9.036678143725663e-06,True,0.003,1,102efe00a0467e,D:\HyraiOn\ENS_Lyon\Internship\2026-EPFL\data\distinVBCsSmallH\Results_Izar_replica1\J2_0.34\D_8\orientation_2\plaquette\replica_1\h_0p002\D_8_chi_104_energy_magnetization_correlation.txt
0.34,plaquette,8,0.003,-0.4180821783556,-4.367840488073149e-06,True,0.003,1,e0c20d66b7cebc,D:\HyraiOn\ENS_Lyon\Internship\2026-EPFL\data\distinVBCsSmallH\Results_Izar_replica1\J2_0.34\D_8\orientation_2\plaquette\replica_1\h_0p003\D_8_chi_104_energy_magnetization_correlation.txt
0.34,plaquette,9,0.0,-0.4174996120624,-1.716966804748976e-05,True,0.003,1,7a25be80f26362,D:\HyraiOn\ENS_Lyon\Internship\2026-EPFL\data\distinVBCsSmallH\Results_Izar_replica1\J2_0.34\D_9\orientation_1\plaquette\replica_1\h_0\D_9_chi_108_energy_magnetization_correlation.txt
0.34,plaquette,9,0.001,-0.4177838070467,-2.1540171953382536e-05,True,0.003,1,38ffcacfd5714b,D:\HyraiOn\ENS_Lyon\Internship\2026-EPFL\data\distinVBCsSmallH\Results_Izar_replica1\J2_0.34\D_9\orientation_1\plaquette\replica_1\h_0p001\D_9_chi_108_energy_magnetization_correlation.txt
0.34,plaquette,9,0.002,-0.4180680019185,-2.5910563359321515e-05,True,0.003,1,471d8b27e7d4b4,D:\HyraiOn\ENS_Lyon\Internship\2026-EPFL\data\distinVBCsSmallH\Results_Izar_replica1\J2_0.34\D_9\orientation_1\plaquette\replica_1\h_0p002\D_9_chi_108_energy_magnetization_correlation.txt
0.34,plaquette,9,0.003,-0.4183410800939,-1.9164258365178544e-05,True,0.003,1,f24b6c1a91eae0,D:\HyraiOn\ENS_Lyon\Internship\2026-EPFL\data\distinVBCsSmallH\Results_Izar_replica1\J2_0.34\D_9\orientation_1\plaquette\replica_1\h_0p003\D_9_chi_108_energy_magnetization_correlation.txt
