J2,D,negative_fields,positive_fields,n_negative_fields,n_positive_fields,n_h0_observations,n_all_observations
0.26,6,-0.08 -0.04 -0.02 -0.01 -0.005 -0.003 -0.002 -0.001,0.001 0.002 0.003 0.005 0.01 0.02 0.04 0.08,8,8,3,19
0.26,7,-0.08 -0.04 -0.02 -0.01 -0.005 -0.003 -0.002 -0.001,0.001 0.002 0.003 0.005 0.01 0.02 0.04 0.08,8,8,11,28
0.26,8,-0.08 -0.04 -0.02 -0.01 -0.005 -0.003 -0.002 -0.001,0.001 0.002 0.003 0.005 0.01 0.02 0.04 0.08,8,8,6,22
0.26,9,-0.08 -0.04 -0.02 -0.005 -0.003 -0.002 -0.001,0.001 0.002 0.003 0.005 0.01 0.02 0.04 0.08,7,8,10,25
0.265,6,-0.08 -0.04 -0.02 -0.01 -0.005 -0.003 -0.002 -0.001,0.001 0.002 0.003 0.005 0.01 0.02 0.04 0.08,8,8,3,19
0.265,7,-0.08 -0.04 -0.02 -0.01 -0.005 -0.003 -0.002 -0.001,0.001 0.002 0.003 0.005 0.01 0.02 0.04 0.08,8,8,6,22
0.265,8,-0.08 -0.04 -0.02 -0.01 -0.005 -0.003 -0.002 -0.001,0.001 0.002 0.003 0.005 0.01 0.02 0.04 0.08,8,8,6,22
0.265,9,-0.08 -0.04 -0.02 -0.005 -0.003,0.001 0.002 0.003 0.005 0.02 0.04 0.08,5,7,10,22
0.27,6,-0.08 -0.04 -0.02 -0.01 -0.005 -0.003 -0.002 -0.001,0.001 0.002 0.003 0.005 0.01 0.02 0.03 0.04 0.08,8,9,14,36
0.27,7,-0.08 -0.04 -0.02 -0.01 -0.005 -0.003 -0.002 -0.001,0.001 0.002 0.003 0.005 0.01 0.02 0.04 0.08,8,8,6,22
0.27,8,-0.08 -0.04 -0.02 -0.01 -0.005 -0.003 -0.002 -0.001,0.001 0.002 0.003 0.005 0.01 0.02 0.04 0.08,8,8,6,22
0.27,9,-0.08 -0.04 -0.02 -0.005 -0.003 -0.002 -0.001,0.001 0.002 0.003 0.005 0.01 0.02 0.04 0.08,7,8,12,27
0.275,6,-0.08 -0.04 -0.02 -0.01 -0.005 -0.003 -0.002 -0.001,0.001 0.002 0.003 0.005 0.01 0.02 0.03 0.04 0.08,8,9,13,35
0.275,7,-0.08 -0.04 -0.02 -0.01 -0.005 -0.003 -0.002 -0.001,0.001 0.002 0.003 0.005 0.01 0.02 0.04 0.08,8,8,6,22
0.275,8,-0.08 -0.04 -0.02 -0.01 -0.005 -0.003 -0.002 -0.001,0.001 0.002 0.003 0.005 0.01 0.02 0.04 0.08,8,8,6,22
0.275,9,-0.08 -0.04 -0.02 -0.01 -0.005 -0.003 -0.002 -0.001,0.001 0.002 0.003 0.005 0.01 0.02 0.04 0.08,8,8,11,27
0.28,6,-0.08 -0.04 -0.02 -0.01 -0.005 -0.003 -0.002 -0.001,0.001 0.002 0.003 0.005 0.01 0.02 0.03 0.04 0.08,8,9,13,35
0.28,7,-0.08 -0.04 -0.02 -0.01 -0.005 -0.003 -0.002 -0.001,0.001 0.002 0.003 0.005 0.01 0.02 0.04 0.08,8,8,4,20
0.28,8,-0.08 -0.04 -0.02 -0.01 -0.005 -0.003 -0.002 -0.001,0.001 0.002 0.003 0.005 0.01 0.02 0.04 0.08,8,8,4,20
0.28,9,-0.08 -0.04 -0.02 -0.005 -0.003 -0.002 -0.001,0.002 0.003 0.005 0.01 0.02 0.04 0.08,7,7,9,23
0.29,6,-0.08 -0.04 -0.02 -0.01 -0.005 -0.003 -0.002 -0.001,0.001 0.002 0.003 0.005 0.01 0.02 0.03 0.04 0.08,8,9,13,35
0.29,7,-0.08 -0.04 -0.02 -0.01 -0.005 -0.003 -0.002 -0.001,0.001 0.002 0.003 0.005 0.01 0.02 0.04 0.08,8,8,6,22
0.29,8,-0.08 -0.04 -0.02 -0.01 -0.005 -0.003 -0.002 -0.001,0.001 0.002 0.003 0.005 0.01 0.02 0.04 0.08,8,8,8,37
0.29,9,-0.08 -0.04 -0.02 -0.01,0.01 0.02 0.04 0.08,4,4,11,25
0.3,5,-0.08 -0.04 -0.02 -0.01,0.01 0.02 0.03 0.04 0.08,4,5,9,23
0.3,6,-0.08 -0.04 -0.02 -0.01 -0.005 -0.003 -0.002 -0.001,0.001 0.002 0.003 0.005 0.01 0.02 0.03 0.04 0.08,8,9,15,45
0.3,7,-0.08 -0.04 -0.02 -0.01 -0.005 -0.003 -0.002 -0.001,0.001 0.002 0.003 0.005 0.01 0.02 0.04 0.08,8,8,6,30
0.3,8,-0.08 -0.04 -0.02 -0.01 -0.005 -0.003 -0.002 -0.001,0.001 0.002 0.003 0.005 0.01 0.02 0.04 0.08,8,8,8,44
0.3,9,-0.08 -0.04 -0.02 -0.01,0.01 0.02 0.04 0.08,4,4,11,35
0.3,10,-0.08 -0.04 -0.02 -0.01,0.01 0.02 0.04 0.08,4,4,3,11
0.3,11,-0.08 -0.04 -0.02 -0.01,0.01 0.02 0.04 0.08,4,4,2,10
0.31,6,-0.08 -0.04 -0.02 -0.01 -0.005 -0.003 -0.002 -0.001,0.001 0.002 0.003 0.005 0.01 0.02 0.03 0.04 0.08,8,9,13,35
0.31,7,-0.08 -0.04 -0.02 -0.01 -0.005 -0.003 -0.002 -0.001,0.001 0.002 0.003 0.005 0.01 0.02 0.04 0.08,8,8,6,22
0.31,8,-0.08 -0.04 -0.02 -0.01 -0.005 -0.003 -0.002,0.001 0.002 0.003 0.005 0.01 0.02 0.04 0.08,7,8,8,37
0.31,9,-0.08 -0.04 -0.02 -0.01,0.01 0.02 0.04 0.08,4,4,10,24
0.32,6,-0.08 -0.04 -0.02 -0.01 -0.005 -0.003 -0.002 -0.001,0.001 0.002 0.003 0.005 0.01 0.02 0.03 0.04 0.08,8,9,13,35
0.32,7,-0.08 -0.04 -0.02 -0.01 -0.005 -0.003 -0.002 -0.001,0.001 0.002 0.003 0.005 0.08,8,5,6,19
0.32,8,-0.08 -0.04 -0.02 -0.01 -0.005 -0.003 -0.002 -0.001,0.001 0.002 0.003 0.005 0.01 0.02 0.04 0.08,8,8,9,35
0.32,9,-0.08 -0.04 -0.02 -0.01,0.01 0.02 0.04 0.08,4,4,12,26
0.33,6,-0.005 -0.003 -0.002 -0.001,0.001 0.002 0.003 0.005 0.04 0.08,4,6,2,12
0.33,7,-0.08 -0.04 -0.005 -0.003 -0.002 -0.001,0.001 0.002 0.003 0.005 0.04 0.08,6,6,2,14
0.33,8,-0.005 -0.003 -0.002 -0.001,0.001 0.002 0.003 0.005,4,4,2,10
0.33,9,-0.08 -0.04 -0.02 -0.005 -0.003 -0.002 -0.001,0.001 0.002 0.003 0.005 0.01 0.02 0.04 0.08,7,8,2,17
0.34,6,-0.005 -0.003 -0.002 -0.001,0.001 0.002 0.003 0.005,4,4,2,10
0.34,7,-0.005 -0.003 -0.002 -0.001,0.001 0.002 0.003 0.005,4,4,2,10
0.34,8,-0.005 -0.003 -0.002 -0.001,0.001 0.002 0.003 0.005,4,4,2,10
0.34,9,-0.08 -0.04 -0.02 -0.005 -0.003 -0.002 -0.001,0.001 0.002 0.003 0.005 0.02 0.04 0.08,7,7,2,16
