J2,signed_h,branch,q,q_error,q_fraction,strongest_extrapolated,middle_extrapolated,weakest_extrapolated,extrapolated_Delta,Delta_error,handling,n,Ds,fit_rms_max,fit_max_abs_residual,extrapolation_distance
0.26,-0.08,dimer-plaquette,-0.9998308083739652,nan,0.9999154041869827,-0.6517062950636927,-0.14184990805338984,-0.14180677268873734,0.5098995223749554,nan,per-D mean; endpoint-stable common high-D fixed-a_g window,2,8 9,3.925231146709438e-16,4.440892098500626e-16,7.358172790727924e-05
0.26,-0.04,dimer-plaquette,-0.9996416826772812,0.0013748765608245655,0.9998208413386406,-0.5861052504313035,-0.1930933588445725,-0.19302293474308974,0.3930823156882137,0.00019200205333391417,per-D mean; endpoint-stable common high-D fixed-a_g window,4,6 7 8 9,0.00014476034220437778,0.00018941862829649492,0.0006878668978964608
0.26,-0.02,dimer-plaquette,-0.9993048003483517,0.0089735590416946,0.9996524001741758,-0.5338613801958979,-0.22821054985881775,-0.2281042687401312,0.3057571114557667,0.0015450453358081856,per-D mean; endpoint-stable common high-D fixed-a_g window,4,6 7 8 9,0.0008304409413893966,0.0010938852068798077,0.0008199861979520939
0.26,-0.01,dimer-plaquette,-0.9980758679463573,0.029827847579873647,0.9990379339731786,-0.49912172594654697,-0.24946354729160441,-0.24922312834069751,0.24989859760584945,0.0049542607564962825,per-D mean; endpoint-stable common high-D fixed-a_g window,3,6 7 8,0.0015203839299660338,0.0021288183843956032,0.002785419684503021
0.26,-0.005,dimer-plaquette,-0.9946734109796205,0.06344478583188715,0.9973367054898102,-0.46641497085271316,-0.26889295673935737,-0.26836549265131765,0.1980494782013955,0.008517038612059609,per-D mean; endpoint-stable common high-D fixed-a_g window,4,6 7 8 9,0.00493935731603538,0.006112115985160427,0.000494152259392644
0.26,-0.003,dimer-plaquette,-0.9861264797253715,0.09475975288816327,0.9930632398626857,-0.4469134543312226,-0.28028307282517734,-0.2791191238018942,0.1677943305293284,0.011403243033757476,per-D mean; endpoint-stable common high-D fixed-a_g window,4,6 7 8 9,0.006646864353101034,0.008575939093667106,0.00031318635205579426
0.26,-0.002,dimer-plaquette,-0.9997816867305412,0.1351243283029728,0.9998908433652707,-0.4342559126075419,-0.28671134497004164,-0.2866952377433551,0.14756067486418684,0.014532433762884552,per-D mean; endpoint-stable common high-D fixed-a_g window,4,6 7 8 9,0.00851168694683396,0.010925457218436518,0.0004070152891583745
0.26,-0.001,dimer-plaquette,-0.9621604742624957,0.23563937709012892,0.9810802371312479,-0.4146568301164941,-0.29851889816844596,-0.29627922189186595,0.11837760822462817,0.02112803960114731,per-D mean; endpoint-stable common high-D fixed-a_g window,4,6 7 8 9,0.012202401870467557,0.015621040106414075,0.0016326112092840406
0.26,0.001,plaquette,0.9695495483522735,nan,0.015225225823863264,-0.38734055420131763,-0.3850076695942969,-0.23411559491274886,0.15322495928856877,nan,per-D mean; endpoint-stable common high-D fixed-a_g window,2,8 9,2.830524433501838e-16,3.3306690738754696e-16,0.006807388441498835
0.26,0.002,plaquette,0.7825305172683953,0.12426326668420026,0.10873474136580236,-0.3981346000965817,-0.3796602800438246,-0.2282319560961117,0.16990264400047,0.011700372325779286,per-D mean; endpoint-stable common high-D fixed-a_g window,4,6 7 8 9,0.006729792087116295,0.010419134057104151,0.008577594434675373
0.26,0.003,plaquette,0.9879479900293616,0.03699638302600509,0.006026004985319189,-0.3907604627760654,-0.3897626020017513,-0.22516803848415537,0.16559242429191004,0.004928740831179286,per-D mean; endpoint-stable common high-D fixed-a_g window,3,7 8 9,0.001432487026446338,0.00200574648100596,0.0076674530872054
0.26,0.005,plaquette,0.9821040467777379,0.009682259893207815,0.008947976611131059,-0.3993114272218666,-0.39759178891444796,-0.20712962097089613,0.19218180625097045,0.0018488488601342632,per-D mean; endpoint-stable common high-D fixed-a_g window,3,7 8 9,0.0006023978259204469,0.0008434682459240728,0.00561749415904611
0.26,0.01,plaquette,0.9948316065572212,0.0006453888860682191,0.0025841967213893757,-0.41135076713762725,-0.4107457426513712,-0.1772259881499267,0.23412477898770054,0.00030486882481175635,per-D mean; endpoint-stable common high-D fixed-a_g window,3,7 8 9,0.00010918984729749188,0.00015288595843129804,0.0032631230271767397
0.26,0.02,plaquette,0.99804353158552,nan,0.0009782342072400252,-0.426333736635383,-0.4260519736040535,-0.1383014543412954,0.2880322822940876,nan,per-D mean; endpoint-stable common high-D fixed-a_g window,2,8 9,1.415262216750919e-16,1.6653345369377348e-16,0.0008093763568953749
0.26,0.04,plaquette,0.9999072000994345,0.0004850150382576902,4.639995028277166e-05,-0.44044575572384953,-0.44042975279889,-0.09555476204799407,0.34489099367585546,4.9142026177605586e-05,per-D mean; endpoint-stable common high-D fixed-a_g window,3,7 8 9,2.8379643442326107e-05,3.9736743800034e-05,0.00067191643611407
0.26,0.08,plaquette,0.9999898381480563,nan,5.080925971845396e-06,-0.45258638772011894,-0.4525843337394313,-0.04833316713958766,0.40425322058053126,nan,per-D mean; endpoint-stable common high-D fixed-a_g window,2,8 9,2.5133742693021536e-16,2.7755575615628914e-16,9.996540148110578e-05
0.265,-0.08,dimer-plaquette,-0.9992511488778294,nan,0.9996255744389146,-0.6540535785741157,-0.13883377445800285,-0.1386407907357259,0.5154127878383898,nan,per-D mean; endpoint-stable common high-D fixed-a_g window,2,8 9,3.925231146709438e-16,4.440892098500626e-16,8.90958307028511e-05
0.265,-0.04,dimer-plaquette,-0.9998579753908312,0.0018151600778722862,0.9999289876954156,-0.588512797841018,-0.18999766055610184,-0.18996935906803758,0.3985434387729804,0.0006311521747153795,per-D mean; endpoint-stable common high-D fixed-a_g window,4,6 7 8 9,0.0003352290478715876,0.0005747508155358183,0.0010321820194820752
0.265,-0.02,dimer-plaquette,-0.997329211565634,0.005054765899912669,0.998664605782817,-0.5361773801051039,-0.22534124061514632,-0.22492559678361088,0.31125178332149295,0.0009791633615944715,per-D mean; endpoint-stable common high-D fixed-a_g window,4,6 7 8 9,0.0005141503629262949,0.0006983720754024647,0.001958674006346195
0.265,-0.01,dimer-plaquette,-0.9999688972165706,0.009554173276618276,0.9999844486082853,-0.5005221324626122,-0.24703452586785685,-0.24703058372148598,0.2534915487411262,0.0006387507580294295,per-D mean; endpoint-stable common high-D fixed-a_g window,3,6 7 8,0.0003613379493410966,0.0005075868908434034,0.005310518844787726
0.265,-0.005,dimer-plaquette,-0.9955613729305118,0.047210506856799894,0.9977806864652559,-0.4672459119111383,-0.266712087709046,-0.2662660503821437,0.2009798615289946,0.006302619223862502,per-D mean; endpoint-stable common high-D fixed-a_g window,4,6 7 8 9,0.003169955815794538,0.004553114708637451,0.004100157413361671
0.265,-0.003,dimer-plaquette,-0.9938974088077837,0.08717965388490277,0.9969487044038918,-0.4498356590753601,-0.2765348688838855,-0.27600445850712546,0.17383120056823465,0.010537242249222532,per-D mean; endpoint-stable common high-D fixed-a_g window,4,6 7 8 9,0.00529267207003123,0.007608989332683724,0.004260965841989872
0.265,-0.002,dimer-plaquette,-0.9414685570732093,nan,0.9707342785366047,-0.4608859072401674,-0.27068315909888047,-0.26494892186037816,0.19593698537978926,nan,per-D mean; endpoint-stable common high-D fixed-a_g window,2,7 8,1.962615573354719e-16,2.220446049250313e-16,0.006526527649032554
0.265,-0.001,dimer-plaquette,-0.9306126197089388,0.07177223095074922,0.9653063098544694,-0.44422233726046356,-0.28276297273020273,-0.2769600259278021,0.16726231133266145,0.010855396778072051,per-D mean; endpoint-stable common high-D fixed-a_g window,3,6 7 8,0.0030767166396558033,0.004321995616504926,0.012132690041686434
0.265,0.001,plaquette,0.9852487119683898,nan,0.007375644015805094,-0.38510518381328923,-0.38398550867755643,-0.23329808285594053,0.1518071009573487,nan,per-D mean; endpoint-stable common high-D fixed-a_g window,2,7 8,1.2566871346510768e-16,1.3877787807814457e-16,0.017983482592040523
0.265,0.002,plaquette,0.9935458847185634,0.10699689172675078,0.0032270576407182894,-0.40172921857882404,-0.40106486421586396,-0.19585921657532704,0.205870002003497,0.019220476289790744,per-D mean; endpoint-stable common high-D fixed-a_g window,3,7 8 9,0.005424076969143989,0.007619433191237368,0.001596509013636005
0.265,0.003,plaquette,0.9908215183559851,0.06695480332082192,0.0045892408220074565,-0.400912672344274,-0.399982298412383,-0.19818329553112285,0.20272937681315117,0.011618593591032634,per-D mean; endpoint-stable common high-D fixed-a_g window,3,7 8 9,0.0033068812573067534,0.004645317711149621,0.0037282603155728566
0.265,0.005,plaquette,0.8943590650516655,0.050422639037688545,0.05282046747416724,-0.4048338690248855,-0.3940225904935097,-0.20015414829611186,0.20467972072877363,0.005203280338213704,per-D mean; endpoint-stable common high-D fixed-a_g window,3,7 8 9,0.0013878033273341285,0.0019495067631512542,0.00863878174844035
0.265,0.01,plaquette,0.9171402884973304,0.022631947493355196,0.04142985575133479,-0.4175705496409919,-0.4072806017419072,-0.16920019660752397,0.2483703530334679,0.0021364576130503406,per-D mean; endpoint-stable common high-D fixed-a_g window,3,6 7 8,0.0008681598552060327,0.0012195413254065257,0.007923813633742782
0.265,0.02,plaquette,0.9862937132192195,0.06488519683217986,0.006853143390390226,-0.42709846146978536,-0.4250898458547434,-0.13400440220078608,0.2930940592689993,0.006791873238082501,per-D mean; endpoint-stable common high-D fixed-a_g window,4,6 7 8 9,0.004722916132546998,0.008075407419512515,0.00219877320690659
0.265,0.04,plaquette,0.9997731347931806,nan,0.00011343260340967998,-0.44074386009634,-0.4407042354580951,-0.09142067563451788,0.3493231844618221,nan,per-D mean; endpoint-stable common high-D fixed-a_g window,2,8 9,2.7755575615628914e-16,2.7755575615628914e-16,0.0008961631357678745
0.265,0.08,plaquette,0.9996903119105099,nan,0.00015484404474502833,-0.4525100306576657,-0.45244696448924127,-0.04522172629769973,0.407288304359966,nan,per-D mean; endpoint-stable common high-D fixed-a_g window,2,8 9,1.415262216750919e-16,1.6653345369377348e-16,0.00018682655285878758
0.27,-0.08,dimer-plaquette,-0.9995878588499132,nan,0.9997939294249566,-0.6561650635114004,-0.13581525604658798,-0.1357080051612883,0.520457058350112,nan,per-D mean; endpoint-stable common high-D fixed-a_g window,2,8 9,7.850462293418876e-17,1.1102230246251565e-16,0.00022733860639956305
0.27,-0.04,dimer-plaquette,-0.998855532442139,nan,0.9994277662210695,-0.5908065583915256,-0.18763431124223767,-0.18740347036874613,0.40340308802277947,nan,per-D mean; endpoint-stable common high-D fixed-a_g window,2,8 9,1.7554167342883506e-16,2.220446049250313e-16,0.001429681835674379
0.27,-0.02,dimer-plaquette,-0.9988188819769895,0.009491369350899635,0.9994094409884948,-0.5359631464135987,-0.2233444354105875,-0.22315970652032868,0.31280343989327,0.00143335240925142,per-D mean; endpoint-stable common high-D fixed-a_g window,4,6 7 8 9,0.0004297045154075233,0.0005563388818082826,0.004915016800051353
0.27,-0.01,dimer-plaquette,-0.9944880378393085,0.03713832305147338,0.9972440189196543,-0.49921497275807003,-0.24521772426744046,-0.24451577810579952,0.25469919465227053,0.006182319202132543,per-D mean; endpoint-stable common high-D fixed-a_g window,3,6 7 8,0.0010536346116488278,0.001485760984487161,0.009354320340429934
0.27,-0.005,dimer-plaquette,-0.9966549189999553,0.07430090711684335,0.9983274594999776,-0.4625313899015589,-0.2669749579363689,-0.26664733391943013,0.19588405598212877,0.009554626941918231,per-D mean; endpoint-stable common high-D fixed-a_g window,4,6 7 8 9,0.003255082907597762,0.004247215287353667,0.013334520509291126
0.27,-0.003,dimer-plaquette,-0.9869944988500267,0.12274723643204917,0.9934972494250134,-0.4427618033461541,-0.27838567260235736,-0.27730977935823725,0.16545202398791686,0.01368700702431501,per-D mean; endpoint-stable common high-D fixed-a_g window,4,6 7 8 9,0.004764594730164587,0.005901667103137609,0.017367370149195926
0.27,-0.002,dimer-plaquette,-0.9929677806436019,0.15951300031102697,0.996483890321801,-0.4320980419731752,-0.28386470480627324,-0.2833416610556352,0.14875638091754,0.01639579245272142,per-D mean; endpoint-stable common high-D fixed-a_g window,4,6 7 8 9,0.005692048244725122,0.006929035245054005,0.019477281907974764
0.27,-0.001,dimer-plaquette,-0.9554231351936515,0.323741858606256,0.9777115675968258,-0.40560042980276667,-0.299189273331528,-0.2967634680669115,0.10883696173585516,0.025339273885450975,per-D mean; endpoint-stable common high-D fixed-a_g window,4,6 7 8 9,0.008924391832513921,0.010835062244292037,0.02537154247308332
0.27,0.001,plaquette,0.9697568077504755,nan,0.015121596124762271,-0.3862589041278158,-0.383868249013735,-0.2281634825627592,0.15809542156505663,nan,per-D mean; endpoint-stable common high-D fixed-a_g window,2,8 9,1.6653345369377348e-16,1.6653345369377348e-16,0.014041837582859179
0.27,0.002,plaquette,0.999031657389486,0.06518103783908417,0.00048417130525701957,-0.3792491723489741,-0.37918218555056876,-0.24089566465854184,0.13835350769043225,0.00833749143400276,per-D mean; endpoint-stable common high-D fixed-a_g window,3,7 8 9,0.0015734941209015459,0.0022188300842708453,0.026774019121791864
0.27,0.003,plaquette,0.9783129239787025,0.03645017792513574,0.010843538010648746,-0.3869548191070337,-0.3852098087306071,-0.22602852598085021,0.1609262931261835,0.004643317020987741,per-D mean; endpoint-stable common high-D fixed-a_g window,3,7 8 9,0.0009589419437050883,0.0013522320836781287,0.02170831221675021
0.27,0.005,plaquette,0.992685051505769,nan,0.0036574742471154886,-0.3980500867049362,-0.3973279867056258,-0.2006187582738861,0.1974313284310501,nan,per-D mean; endpoint-stable common high-D fixed-a_g window,2,8 9,5.551115123125783e-17,5.551115123125783e-17,0.013744760508486081
0.27,0.01,plaquette,0.9978560370720742,nan,0.0010719814639629233,-0.4114485152069388,-0.4111888000687863,-0.16917274189980872,0.2422757733071301,nan,per-D mean; endpoint-stable common high-D fixed-a_g window,2,8 9,7.076311083754595e-17,8.326672684688674e-17,0.007739522073258731
0.27,0.02,plaquette,0.9893450064954503,nan,0.005327496752274841,-0.4269068560019985,-0.4253314870799802,-0.13120157540363264,0.29570528059836587,nan,per-D mean; endpoint-stable common high-D fixed-a_g window,2,8 9,1.6653345369377348e-16,1.6653345369377348e-16,0.003841248142182646
0.27,0.04,plaquette,0.9965084816280914,nan,0.0017457591859543209,-0.44112933870105075,-0.4405117957859758,-0.08739044960142973,0.35373888909962103,nan,per-D mean; endpoint-stable common high-D fixed-a_g window,2,8 9,1.962615573354719e-16,2.220446049250313e-16,0.0012313699859097388
0.27,0.08,plaquette,0.9999116947733822,0.0002468501084363971,4.415261330892317e-05,-0.4521087405488614,-0.45209064862431325,-0.04234987935607537,0.40975886119278604,8.624957927677858e-05,per-D mean; endpoint-stable common high-D fixed-a_g window,3,7 8 9,1.4918149060514161e-05,2.1036518343099664e-05,0.00047940203343854737
0.275,-0.08,dimer-plaquette,-0.9998233795073264,nan,0.9999116897536632,-0.6582971572303646,-0.13281169947592922,-0.13276528962724332,0.5255318676031213,nan,per-D mean; endpoint-stable common high-D fixed-a_g window,2,8 9,1.1102230246251565e-16,1.1102230246251565e-16,0.00031156990578540267
0.275,-0.04,dimer-plaquette,-0.9997280391752906,nan,0.9998640195876454,-0.5936042247492871,-0.1840886057339237,-0.1840329120579353,0.40957131269135183,nan,per-D mean; endpoint-stable common high-D fixed-a_g window,2,8 9,3.925231146709438e-16,4.440892098500626e-16,0.0012985954101129016
0.275,-0.02,dimer-plaquette,-0.9994733027009576,0.006870237649258491,0.9997366513504788,-0.5408759096620986,-0.21892678201031646,-0.21884197480847273,0.3220339348536259,0.0010745787984234754,per-D mean; endpoint-stable common high-D fixed-a_g window,4,6 7 8 9,0.00042370890022883756,0.0005491670346625122,0.0029991466159013935
0.275,-0.01,dimer-plaquette,-0.998142323184726,0.02206991237172115,0.999071161592363,-0.5013706297228189,-0.24315344289253119,-0.2429133778702782,0.25845725185254065,0.0035624314015035474,per-D mean; endpoint-stable common high-D fixed-a_g window,4,6 7 8 9,0.0014107748934100986,0.002109007263553009,0.0054355606789310285
0.275,-0.005,dimer-plaquette,-0.998927271100552,0.05711498648703825,0.999463635550276,-0.4698787918767558,-0.2612998620006267,-0.261187927640068,0.2086908642366878,0.008121683254809057,per-D mean; endpoint-stable common high-D fixed-a_g window,4,6 7 8 9,0.003397157215015939,0.0044058317772834865,0.008255776802244208
0.275,-0.003,dimer-plaquette,-0.9976478065637198,0.0776854908025356,0.9988239032818599,-0.45310354601564534,-0.27067739068571883,-0.27046258725352074,0.1826409587621246,0.01004183007165106,per-D mean; endpoint-stable common high-D fixed-a_g window,4,6 7 8 9,0.004250395690837597,0.005165270828421442,0.00971114147000468
0.275,-0.002,dimer-plaquette,-0.992997964600135,0.1080156550558781,0.9964989823000675,-0.44204236805584834,-0.27695514458322806,-0.2763751406879142,0.16566722736793416,0.01282540852076541,per-D mean; endpoint-stable common high-D fixed-a_g window,4,6 7 8 9,0.005447351441488382,0.006638542690613591,0.010922430623351687
0.275,-0.001,dimer-plaquette,-0.9862609630442959,0.16528707893945208,0.993130481522148,-0.42808853422645554,-0.28461977274850275,-0.2836273942782973,0.14446113994815823,0.01756929132271423,per-D mean; endpoint-stable common high-D fixed-a_g window,4,6 7 8 9,0.007503513966810811,0.009253147671218986,0.012125779988994445
0.275,0.001,plaquette,0.9480510095878075,0.11767971294324542,0.025974495206096238,-0.3782006134190097,-0.3747010586746992,-0.24347018972672896,0.13473042369228072,0.01399048566202395,per-D mean; endpoint-stable common high-D fixed-a_g window,3,7 8 9,0.003350844412930709,0.004716142620906916,0.02360387656087895
0.275,0.002,plaquette,0.9848945771064791,0.054049934963323866,0.007552711446760452,-0.3858613283518648,-0.3846412661954625,-0.22432170579345181,0.161539622558413,0.007668785996991411,per-D mean; endpoint-stable common high-D fixed-a_g window,3,7 8 9,0.0017238372819788068,0.002426213060109844,0.01787776454970183
0.275,0.003,plaquette,0.9916306690939912,0.04251064639602664,0.004184665453004388,-0.3907053633784267,-0.38996337898593636,-0.21339503813901559,0.17731032523941112,0.006951843656618457,per-D mean; endpoint-stable common high-D fixed-a_g window,3,7 8 9,0.001613811558413076,0.0022713574654119884,0.015226314164715593
0.275,0.005,plaquette,0.9955148338474854,0.011626633979434399,0.0022425830762572985,-0.39968908050779295,-0.39922543688732587,-0.19294373163944636,0.20674534886834658,0.0024801328261984147,per-D mean; endpoint-stable common high-D fixed-a_g window,3,7 8 9,0.0005785274206265368,0.0008142478401119979,0.010690086124296366
0.275,0.01,plaquette,0.999289718119434,nan,0.00035514094028299414,-0.413072797807492,-0.41298351237377806,-0.16166434672100263,0.25140845108648935,nan,per-D mean; endpoint-stable common high-D fixed-a_g window,2,8 9,2.5133742693021536e-16,2.7755575615628914e-16,0.005619357886952614
0.275,0.02,plaquette,0.9983706725388366,nan,0.0008146637305816995,-0.4274213766128416,-0.4271749650788367,-0.124951136739811,0.30247023987303057,nan,per-D mean; endpoint-stable common high-D fixed-a_g window,2,8 9,2.5133742693021536e-16,2.7755575615628914e-16,0.002648171065360999
0.275,0.04,plaquette,0.9981263790954599,nan,0.0009368104522700649,-0.4414381270437097,-0.4411022996066002,-0.08295852607879488,0.3584796009649148,nan,per-D mean; endpoint-stable common high-D fixed-a_g window,2,8 9,2.2887833992611187e-16,2.7755575615628914e-16,0.0009401505679548783
0.275,0.08,plaquette,0.9988417009089898,nan,0.0005791495455050866,-0.45238505074193425,-0.452145664398582,-0.0390438935051392,0.41334115723679504,nan,per-D mean; endpoint-stable common high-D fixed-a_g window,2,8 9,2.7755575615628914e-16,2.7755575615628914e-16,0.0003464540772180058
0.28,-0.08,dimer-plaquette,-0.9999550051927388,0.0018309513291295708,0.9999775025963694,-0.6606018087674332,-0.12959402453406682,-0.1295820779688472,0.531019730798586,0.0007023891351933902,per-D mean; endpoint-stable common high-D fixed-a_g window,4,6 7 8 9,0.0003194461314496397,0.0005188598745525796,0.000211844013116802
0.28,-0.04,dimer-plaquette,-0.999098787052537,0.006787013253168591,0.9995493935262685,-0.5976979383741422,-0.17984094277731189,-0.17965256882748065,0.41804536954666155,0.0021507254648973117,per-D mean; endpoint-stable common high-D fixed-a_g window,4,6 7 8 9,0.0010238718919110352,0.0016670841849970586,0.0004021060528693332
0.28,-0.02,dimer-plaquette,-0.9856685914034992,0.0504429665996122,0.9928342957017495,-0.5465379120393915,-0.21531271702847193,-0.2129221249489538,0.3336157870904377,0.0115665682190127,per-D mean; endpoint-stable common high-D fixed-a_g window,3,7 8 9,0.002956918821295797,0.004157121580004808,0.001346010809346182
0.28,-0.01,dimer-plaquette,-0.9201075341504963,nan,0.9600537670752481,-0.5247166422062987,-0.23549124788400205,-0.22345706254399902,0.30125957966229966,nan,per-D mean; endpoint-stable common high-D fixed-a_g window,2,7 8,2.830524433501838e-16,3.3306690738754696e-16,0.004547531514498715
0.28,-0.005,dimer-plaquette,-0.9277108188894972,0.18294895918751253,0.9638554094447487,-0.4926996469326375,-0.25125596050145427,-0.24220181907869365,0.25049782785394387,0.030231885891909546,per-D mean; endpoint-stable common high-D fixed-a_g window,4,6 7 8 9,0.013192029570296759,0.021368475337051218,0.010848902842206354
0.28,-0.003,dimer-plaquette,-0.7936819876565043,0.21579707350246347,0.8968409938282522,-0.46367029158071044,-0.2743486114442666,-0.25257191244852334,0.2110983791321871,0.02432551963388386,per-D mean; endpoint-stable common high-D fixed-a_g window,4,6 7 8 9,0.01133008328211035,0.01392242441816452,0.011819211863316581
0.28,-0.002,dimer-plaquette,-0.7542937463157523,0.28919815428598833,0.8771468731578762,-0.45538112350816434,-0.2801644257796689,-0.2556235879227202,0.19975753558544412,0.031311242658708174,per-D mean; endpoint-stable common high-D fixed-a_g window,4,6 7 8 9,0.014091323122384748,0.017062141217564164,0.012026519010218895
0.28,-0.001,dimer-plaquette,-0.6214047996406523,0.631030218379186,0.8107023998203262,-0.44438731705690865,-0.29162454703478347,-0.25595470595821,0.18843261109869863,0.04618654536189192,per-D mean; endpoint-stable common high-D fixed-a_g window,4,6 7 8 9,0.026759937318704286,0.04556563135402397,0.019543118841133467
0.28,0.001,plaquette,0.9019063035768582,nan,0.049046848211570904,-0.3913504510819452,-0.3827601202841533,-0.21620503173234135,0.17514541934960387,nan,per-D mean; endpoint-stable common high-D fixed-a_g window,2,7 8,1.6653345369377348e-16,1.6653345369377348e-16,0.019704972991191366
0.28,0.002,plaquette,0.9823604944128892,0.031456151024671294,0.008819752793555402,-0.3896394777866223,-0.3880809138858688,-0.21292659963290098,0.1767128781537213,0.005030564858205189,per-D mean; endpoint-stable common high-D fixed-a_g window,3,7 8 9,0.001259670275443389,0.0017709659284599333,0.014197825800800978
0.28,0.003,plaquette,0.9934636728289533,0.01916228593884694,0.0032681635855233426,-0.39387092783156324,-0.39324520274571984,-0.20241016723342575,0.1914607605981375,0.0031763148579943366,per-D mean; endpoint-stable common high-D fixed-a_g window,3,7 8 9,0.0007684180911335898,0.001080316242066448,0.012164988060525767
0.28,0.005,plaquette,0.994903077353196,0.007297624870602193,0.0025484613234019737,-0.40161365822776296,-0.40106166511064223,-0.1850150730140493,0.21659858521371367,0.00121999607663533,per-D mean; endpoint-stable common high-D fixed-a_g window,3,7 8 9,0.00027571880585929395,0.0003876320816101342,0.009034495353799299
0.28,0.01,plaquette,0.9930562569626946,nan,0.0034718715186526916,-0.41529630910901966,-0.41438840214826633,-0.15379269185948355,0.2615036172495361,nan,per-D mean; endpoint-stable common high-D fixed-a_g window,2,8 9,1.1102230246251565e-16,1.1102230246251565e-16,0.003960547847683543
0.28,0.02,plaquette,0.9963557024789357,nan,0.0018221487605321607,-0.4285744024937216,-0.4280102241323481,-0.11895184390049879,0.3096225585932228,nan,per-D mean; endpoint-stable common high-D fixed-a_g window,2,8 9,1.2412670766236366e-16,1.6653345369377348e-16,0.0016393917234987926
0.28,0.04,plaquette,0.9986661497233819,nan,0.0006669251383090713,-0.4417014349833051,-0.441459306897109,-0.07865006341556229,0.3630513715677428,nan,per-D mean; endpoint-stable common high-D fixed-a_g window,2,8 9,1.962615573354719e-16,2.220446049250313e-16,0.0006461793380822811
0.28,0.08,plaquette,0.9994603338311586,nan,0.00026983308442068976,-0.4521669554882281,-0.45205465208624307,-0.03597113492701019,0.4161958205612179,nan,per-D mean; endpoint-stable common high-D fixed-a_g window,2,8 9,1.1102230246251565e-16,1.1102230246251565e-16,0.0002901468027068921
0.29,-0.08,dimer-plaquette,-0.9969193038411216,0.003513375944257467,0.9984596519205609,-0.6650561315700855,-0.12383663950330258,-0.12300168698062769,0.5420544445894577,0.0012626037998040203,per-D mean; endpoint-stable common high-D fixed-a_g window,4,6 7 8 9,0.0005078066069748153,0.0008194992372731885,0.0004121387759525724
0.29,-0.04,dimer-plaquette,-0.9825866646321625,0.0313023800402851,0.9912933323160813,-0.6029326013329765,-0.17544956994287994,-0.1716949268180929,0.43123767451488365,0.008795010854733398,per-D mean; endpoint-stable common high-D fixed-a_g window,3,7 8 9,0.0019596593862563224,0.002755484997621266,0.0018549013487070831
0.29,-0.02,dimer-plaquette,-0.968413081116979,0.05490850788943167,0.9842065405584894,-0.5549288780748483,-0.2095667715877094,-0.20402478197814625,0.35090409609670203,0.009284477756975692,per-D mean; endpoint-stable common high-D fixed-a_g window,3,7 8 9,0.0024927370413552925,0.003505047646872511,0.002431611018284402
0.29,-0.01,dimer-plaquette,-0.8591940233902647,0.11937040925057427,0.9295970116951324,-0.5142275817413334,-0.24099913603282458,-0.22030619185834188,0.29392138988299155,0.01558282250761482,per-D mean; endpoint-stable common high-D fixed-a_g window,4,6 7 8 9,0.007990507848613434,0.012973749892680658,0.010534342078124592
0.29,-0.005,dimer-plaquette,-0.27457991744740035,0.2733957724849764,0.6372899587237002,-0.4921463062767614,-0.29833329061052555,-0.18802568894523317,0.3041206173315283,0.030837987354226434,per-D mean; endpoint-stable common high-D fixed-a_g window,3,6 7 8,0.010624483098270698,0.014939128702714771,0.023129331806025555
0.29,-0.003,dimer-plaquette,-0.29317986572271876,0.25308962989625766,0.6465899328613594,-0.4971031445015749,-0.2953478984896145,-0.18507347042494435,0.3120296740766305,0.03530573166591435,per-D mean; endpoint-stable common high-D fixed-a_g window,3,6 7 8,0.010168311386272926,0.014297703811447932,0.020377211022305664
0.29,-0.002,dimer-plaquette,0.3788546149659048,0.5222892720632205,0.3105726925170476,-0.4533704766042395,-0.3636347055616973,-0.16443402724909686,0.2889364493551426,0.053019738780848036,per-D mean; endpoint-stable common high-D fixed-a_g window,3,6 7 8,0.020987261670639048,0.029510273611923737,0.044323144239947265
0.29,-0.001,dimer-plaquette,-0.9994946346456511,nan,0.9997473173228255,-0.48421677258348367,-0.24652454008893415,-0.2464644641991472,0.23775230838433647,nan,per-D mean; endpoint-stable common high-D fixed-a_g window,2,6 7,4.3885418357208765e-17,5.551115123125783e-17,0.005109287444716282
0.29,0.001,plaquette,0.25307526143227793,0.12933943409956986,0.373462369283861,-0.4476162645507386,-0.34886273374768034,-0.1831892729038298,0.2644269916469088,0.014245783245719288,per-D mean; endpoint-stable common high-D fixed-a_g window,3,6 7 8,0.00463653754119673,0.006519454209887976,0.05083058944301966
0.29,0.002,plaquette,0.42755390192018344,0.11431099997717825,0.28622304903990825,-0.4341778543005256,-0.3621426688470867,-0.182502855745832,0.25167499855469355,0.011507959423211847,per-D mean; endpoint-stable common high-D fixed-a_g window,3,6 7 8,0.0038587330332015405,0.00542578014188716,0.04066017842421327
0.29,0.003,plaquette,0.5378139806999612,0.08863720807906543,0.2310930096500194,-0.42897996840175406,-0.37099739883454325,-0.17807419823145346,0.2509057701703006,0.009209543339692743,per-D mean; endpoint-stable common high-D fixed-a_g window,3,6 7 8,0.0029819737419193733,0.004192965352441291,0.034532710284556734
0.29,0.005,plaquette,0.730597042103439,0.07584972552859154,0.1347014789482805,-0.4203682123051958,-0.3865908692249471,-0.16961118020744348,0.2507570320977523,0.007476325079423536,per-D mean; endpoint-stable common high-D fixed-a_g window,3,6 7 8,0.002399975667514377,0.003374615503526468,0.02358923789865286
0.29,0.01,plaquette,0.9999553395642338,nan,2.233021788311529e-05,-0.4150036690443929,-0.41499765556119755,-0.1457056609903111,0.26929800805408177,nan,per-D mean; endpoint-stable common high-D fixed-a_g window,2,8 9,1.415262216750919e-16,1.6653345369377348e-16,0.006235101576361091
0.29,0.02,plaquette,0.9826655786292827,0.02214880314045771,0.00866721068535864,-0.4302732980668432,-0.4274905710279282,-0.10920956257742864,0.3210637354894146,0.002261391976280226,per-D mean; endpoint-stable common high-D fixed-a_g window,4,6 7 8 9,0.0018085942513823173,0.0028177884136081355,0.004003090749653632
0.29,0.04,plaquette,0.9987397910187998,nan,0.0006301044906000808,-0.4418992129182673,-0.44166523820404446,-0.07057236520772198,0.3713268477105453,nan,per-D mean; endpoint-stable common high-D fixed-a_g window,2,8 9,8.777083671441753e-17,1.1102230246251565e-16,0.0006291731077555096
0.29,0.08,plaquette,0.9988130529962223,nan,0.0005934735018888748,-0.45187093761165936,-0.45162056394685696,-0.02999251506114447,0.4218784225505149,nan,per-D mean; endpoint-stable common high-D fixed-a_g window,2,8 9,1.962615573354719e-16,2.220446049250313e-16,0.0003400074797430541
0.3,-0.08,dimer-plaquette,-0.9997368031175595,0.0006495907398642134,0.9998684015587798,-0.6689367072126383,-0.11728568208274219,-0.11721307611290509,0.5517236310997332,0.0001956520611126737,per-D mean; endpoint-stable common high-D fixed-a_g window,4,8 9 10 11,8.537650057370112e-05,0.00010777111346126078,0.00010255849389491367
0.3,-0.04,dimer-plaquette,-0.999734028115438,nan,0.999867014057719,-0.606067362099465,-0.16770496541780977,-0.1676466616278421,0.4384207004716229,nan,per-D mean; endpoint-stable common high-D fixed-a_g window,2,10 11,1.7554167342883506e-16,2.220446049250313e-16,0.00040926999638501993
0.3,-0.02,dimer-plaquette,-0.9967845047893541,0.0011551659211001893,0.9983922523946771,-0.5549020533041094,-0.20261290016363262,-0.20204559603944258,0.35285645726466675,0.0003231609545322649,per-D mean; endpoint-stable common high-D fixed-a_g window,4,8 9 10 11,0.000152996412774371,0.0002443415414418171,0.000789081959040705
0.3,-0.01,dimer-plaquette,-0.9915134247258588,nan,0.9957567123629294,-0.5189305008186336,-0.22478157832455675,-0.22352810097333217,0.29540239984530137,nan,per-D mean; endpoint-stable common high-D fixed-a_g window,2,10 11,9.813077866773594e-17,1.1102230246251565e-16,0.0006124317626932663
0.3,-0.005,dimer-plaquette,-0.9980081557456981,0.033287782329120316,0.9990040778728491,-0.492823926632045,-0.23779180117328838,-0.23753755582784444,0.2552863708042006,0.00601216508030578,per-D mean; endpoint-stable common high-D fixed-a_g window,3,6 7 8,0.0014263630066659358,0.002006762568143694,0.010048339546304907
0.3,-0.003,dimer-plaquette,-0.9976542621098463,0.05076608670735257,0.9988271310549232,-0.4814600027700439,-0.24418492118705054,-0.24390630182842807,0.23755370094161585,0.00850903427328301,per-D mean; endpoint-stable common high-D fixed-a_g window,3,6 7 8,0.002050624547469442,0.002885041580541814,0.011376132110556103
0.3,-0.002,dimer-plaquette,-0.9962855832188148,0.052076694192603044,0.9981427916094074,-0.47560145149386873,-0.24745290650341523,-0.24702839871192525,0.22857305278194348,0.008610750468823536,per-D mean; endpoint-stable common high-D fixed-a_g window,3,6 7 8,0.0020647047985737905,0.0029048512087599954,0.012199281471681256
0.3,-0.001,dimer-plaquette,-0.9969254770214582,0.06219259211389007,0.9984627385107291,-0.46934548255527636,-0.25080511705324054,-0.2504686461216977,0.21887683643357864,0.009709285353872539,per-D mean; endpoint-stable common high-D fixed-a_g window,3,6 7 8,0.0023658974093535654,0.0033286017226821785,0.012954017906073645
0.3,0.001,plaquette,0.15795917910126983,nan,0.4210204104493651,-0.4430476959748737,-0.33810370079854907,-0.19378663268267976,0.24926106329219394,nan,per-D mean; endpoint-stable common high-D fixed-a_g window,2,7 8,1.1102230246251565e-16,1.1102230246251565e-16,0.06353399375450092
0.3,0.002,plaquette,0.4111596765549845,nan,0.29442016172250773,-0.4290845275184036,-0.357945282676218,-0.18745961832066108,0.24162490919774252,nan,per-D mean; endpoint-stable common high-D fixed-a_g window,2,7 8,8.777083671441753e-17,1.1102230246251565e-16,0.04691547207633201
0.3,0.003,plaquette,0.5456262683844693,nan,0.22718686580776537,-0.42409478930639494,-0.3687808795393242,-0.18062160448824296,0.24347318481815197,nan,per-D mean; endpoint-stable common high-D fixed-a_g window,2,7 8,1.7554167342883506e-16,2.220446049250313e-16,0.03872805850252575
0.3,0.005,plaquette,0.6990026759280704,nan,0.1504986620359648,-0.42205651682995293,-0.38357011928115564,-0.16633067164203916,0.25572584518791375,nan,per-D mean; endpoint-stable common high-D fixed-a_g window,2,7 8,1.6653345369377348e-16,1.6653345369377348e-16,0.028779914908394377
0.3,0.01,plaquette,0.9946145973413102,nan,0.0026927013293449042,-0.41720797885999866,-0.41644515052612835,-0.13391316054611543,0.28329481831388326,nan,per-D mean; endpoint-stable common high-D fixed-a_g window,2,10 11,1.962615573354719e-16,2.220446049250313e-16,0.0019785238809154337
0.3,0.02,plaquette,0.9970039180899475,0.0030956562380233294,0.0014980409550262586,-0.4301335028128158,-0.429638277996369,-0.09955187566490513,0.3305816271479107,0.0011580308138586777,per-D mean; endpoint-stable common high-D fixed-a_g window,3,9 10 11,0.0002931631320508901,0.00041245377019039076,0.0007755219982351347
0.3,0.03,plaquette,0.9911316383140715,nan,0.004434180842964264,-0.4357126318991535,-0.43408737324404323,-0.06918300384191077,0.3665296280572427,nan,per-D mean; endpoint-stable common high-D fixed-a_g window,2,5 6,3.3766115072321297e-16,3.885780586188048e-16,0.010475914209996495
0.3,0.04,plaquette,0.9995407455623835,nan,0.00022962721880825931,-0.44194853822048835,-0.44186154096709757,-0.06308555393542697,0.3788629842850614,nan,per-D mean; endpoint-stable common high-D fixed-a_g window,2,10 11,8.777083671441753e-17,1.1102230246251565e-16,0.00029254853379197254
0.3,0.08,plaquette,0.9980739729072978,0.001000617067280425,0.000963013546351088,-0.45142472153989954,-0.4510134875460981,-0.02439646699495813,0.4270282545449414,0.00018231002175491428,per-D mean; endpoint-stable common high-D fixed-a_g window,3,9 10 11,4.942224718619949e-05,6.95325910887723e-05,0.0001779419649018954
0.31,-0.08,dimer-plaquette,-0.9963634463761039,0.0022967984495681553,0.9981817231880519,-0.6732750102308834,-0.11164141301560898,-0.11061834745259112,0.5626566627782923,0.0009407477260813841,per-D mean; endpoint-stable common high-D fixed-a_g window,3,7 8 9,0.0001989985746768153,0.0002797939995714538,0.00043976027516656746
0.31,-0.04,dimer-plaquette,-0.9916862205887997,0.0031644993876162315,0.9958431102943999,-0.6100163748525066,-0.1632112342331033,-0.1613461616426016,0.44867021320990497,0.00020966091145526258,per-D mean; endpoint-stable common high-D fixed-a_g window,3,7 8 9,0.0001975238117772931,0.00027772046808627326,0.0014313839399433537
0.31,-0.02,dimer-plaquette,-0.9686392416225884,0.010087919617443018,0.9843196208112942,-0.5600650058634039,-0.1985116160676535,-0.19275200899583006,0.36731299686757385,0.0016810109705553285,per-D mean; endpoint-stable common high-D fixed-a_g window,3,7 8 9,0.0004264267432034591,0.0005995602943328071,0.002472395663996041
0.31,-0.01,dimer-plaquette,-0.9350020967268388,0.023476036294010204,0.9675010483634194,-0.5226545105222918,-0.22279421827609672,-0.21272172775846426,0.3099327827638276,0.0021315863648031824,per-D mean; endpoint-stable common high-D fixed-a_g window,4,6 7 8 9,0.001917788249387789,0.0024296431979984046,0.003753647717758213
0.31,-0.005,dimer-plaquette,-0.9983526846247137,0.030949215576146858,0.9991763423123569,-0.4964794478376493,-0.23170062569695318,-0.23148235880737034,0.26499708903027897,0.0059334624996054885,per-D mean; endpoint-stable common high-D fixed-a_g window,3,6 7 8,0.0014974118676776415,0.0021053761623339717,0.010185239068950636
0.31,-0.003,dimer-plaquette,-0.9980866089958761,0.03740817957641607,0.9990433044979381,-0.48642364854336423,-0.2372286894847927,-0.23699005749016896,0.24943359105319526,0.0069754328045809584,per-D mean; endpoint-stable common high-D fixed-a_g window,3,6 7 8,0.0017336488370838234,0.0024375277198218637,0.011056846395035735
0.31,-0.002,dimer-plaquette,-0.9979936074687944,0.04292154309335105,0.9989968037343973,-0.48065524058792347,-0.2403671896179978,-0.24012589147319804,0.24052934911472543,0.007714716290764874,per-D mean; endpoint-stable common high-D fixed-a_g window,3,6 7 8,0.0019466632626737922,0.002737028146892806,0.01168085793432655
0.31,-0.001,dimer-plaquette,-0.9959673139818027,nan,0.9979836569909013,-0.4870138961310849,-0.23706065828060974,-0.23655564854401642,0.25045824758706847,nan,per-D mean; endpoint-stable common high-D fixed-a_g window,2,6 7,1.1443916996305594e-16,1.3877787807814457e-16,0.011416766122365085
0.31,0.001,plaquette,-0.019898941408615308,nan,0.5099494707043076,-0.48068287185367026,-0.3193926531572316,-0.16439620432624727,0.31628666752742296,nan,per-D mean; endpoint-stable common high-D fixed-a_g window,2,7 8,6.206335383118183e-17,8.326672684688674e-17,0.08553917008396844
0.31,0.002,plaquette,0.22944507551005433,nan,0.38527746224497283,-0.4542734474577822,-0.34338148440173843,-0.1664498036612115,0.28782364379657066,nan,per-D mean; endpoint-stable common high-D fixed-a_g window,2,7 8,1.415262216750919e-16,1.6653345369377348e-16,0.06335695244366152
0.31,0.003,plaquette,0.39835252726782394,nan,0.30082373636608806,-0.44296472541803134,-0.3584620421663922,-0.1620604182233244,0.28090430719470694,nan,per-D mean; endpoint-stable common high-D fixed-a_g window,2,7 8,7.076311083754595e-17,8.326672684688674e-17,0.051052982098407806
0.31,0.005,plaquette,0.6087146559507033,nan,0.19564267202464836,-0.43230847007729833,-0.37752761802882356,-0.1523038500137719,0.28000462006352644,nan,per-D mean; endpoint-stable common high-D fixed-a_g window,2,7 8,8.777083671441753e-17,1.1102230246251565e-16,0.0357240106744765
0.31,0.01,plaquette,0.9914907592903612,nan,0.004254620354819383,-0.41607566518823763,-0.41485112710995564,-0.1282619529977004,0.2878137121905372,nan,per-D mean; endpoint-stable common high-D fixed-a_g window,2,8 9,3.3766115072321297e-16,3.885780586188048e-16,0.009318031843100413
0.31,0.02,plaquette,0.9695260072007873,nan,0.01523699639960635,-0.4387989698697737,-0.43335610988693263,-0.08158552437853045,0.35721344549124323,nan,per-D mean; endpoint-stable common high-D fixed-a_g window,2,8 9,1.962615573354719e-16,2.220446049250313e-16,0.004120086674229556
0.31,0.04,plaquette,0.9927663129320687,nan,0.00361684353396563,-0.44177321475641906,-0.44038235454182634,-0.057222376012297675,0.3845508387441214,nan,per-D mean; endpoint-stable common high-D fixed-a_g window,2,8 9,1.1102230246251565e-16,1.1102230246251565e-16,0.0021327725865276786
0.31,0.08,plaquette,0.9994487200108727,nan,0.00027563999456364785,-0.4505592104855032,-0.45044044510610104,-0.01968785021666343,0.43087136026883976,nan,per-D mean; endpoint-stable common high-D fixed-a_g window,2,8 9,1.7554167342883506e-16,2.220446049250313e-16,0.0007819159387284294
0.32,-0.08,dimer-plaquette,-0.9953896096792355,0.003323652134374736,0.9976948048396177,-0.6772326536551782,-0.10534691190666354,-0.10402555768313199,0.5732070959720461,0.0013130147446764676,per-D mean; endpoint-stable common high-D fixed-a_g window,4,6 7 8 9,0.0006003849025805474,0.0009376376679296194,0.0004232247475680073
0.32,-0.04,dimer-plaquette,-0.9921158673650026,0.0085783413201733,0.9960579336825013,-0.6162813051899744,-0.15586049922164774,-0.15403830666666937,0.46224299852330497,0.003447793530683075,per-D mean; endpoint-stable common high-D fixed-a_g window,4,6 7 8 9,0.0018304261438627932,0.0029390548738118527,0.0010737805481806362
0.32,-0.02,dimer-plaquette,-0.9731967122023045,0.019648359803518232,0.9865983561011522,-0.5637413784114899,-0.1920955724505337,-0.18704725190835117,0.3766941265031387,0.0032840317857143453,per-D mean; endpoint-stable common high-D fixed-a_g window,4,6 7 8 9,0.0019453683631581763,0.0031529658585126297,0.0026521269479087006
0.32,-0.01,dimer-plaquette,-0.9218257369887953,0.04388218668220093,0.9609128684943977,-0.528815490806289,-0.21700592515452183,-0.20432242189742458,0.3244930689088644,0.005975264358253466,per-D mean; endpoint-stable common high-D fixed-a_g window,4,6 7 8 9,0.0036396583795366803,0.005899029280486828,0.005037002872371826
0.32,-0.005,dimer-plaquette,-0.3478033994025874,0.24921791916624284,0.6739016997012937,-0.505668446914857,-0.27911698252166833,-0.1694896474050659,0.3361787995097911,0.03173344039525999,per-D mean; endpoint-stable common high-D fixed-a_g window,3,6 7 8,0.012540415013896602,0.01758158157615619,0.016194639105318376
0.32,-0.003,dimer-plaquette,-0.05061002354270937,0.3513734661875823,0.5253050117713547,-0.48671097951374354,-0.312793369268019,-0.15563168967551083,0.3310792898382327,0.04381207348697003,per-D mean; endpoint-stable common high-D fixed-a_g window,3,6 7 8,0.018594551298701585,0.026069441893898038,0.023628100075768987
0.32,-0.002,dimer-plaquette,-0.06995461640067309,0.34714994958883805,0.5349773082003365,-0.4889104482168112,-0.310536512261366,-0.1554870801201437,0.3334233680966675,0.04575624875653192,per-D mean; endpoint-stable common high-D fixed-a_g window,3,6 7 8,0.018249841996874964,0.025586161659279932,0.021371207583066043
0.32,-0.001,dimer-plaquette,-0.9843542434820712,nan,0.9921771217410356,-0.4942799433933109,-0.23059612574093274,-0.22851709533481546,0.2657628480584954,nan,per-D mean; endpoint-stable common high-D fixed-a_g window,2,6 7,1.7554167342883506e-16,2.220446049250313e-16,0.008181413309389096
0.32,0.001,plaquette,0.09157438342561615,nan,0.4542128082871919,-0.4906502478752526,-0.32913551174714945,-0.1350575979516075,0.3555926499236451,nan,per-D mean; endpoint-stable common high-D fixed-a_g window,2,7 8,3.065703529144609e-16,3.3306690738754696e-16,0.08138405267755261
0.32,0.002,plaquette,0.7908238219831677,0.2176621020736437,0.10458808900841615,-0.41042882685818216,-0.3841885891616089,-0.15953756433151217,0.25089126252667,0.021946241580222153,per-D mean; endpoint-stable common high-D fixed-a_g window,3,6 7 8,0.007611516065047758,0.010671296800589647,0.022545330106441053
0.32,0.003,plaquette,0.7726141913484382,0.13474052566795022,0.11369290432578089,-0.4151577888703085,-0.3853696200398436,-0.1531522661236248,0.26200552274668376,0.013975389875100684,per-D mean; endpoint-stable common high-D fixed-a_g window,3,6 7 8,0.0048613276367887575,0.00681555022859387,0.023751565754956405
0.32,0.005,plaquette,0.7877618694380124,0.06302812657664486,0.1061190652809938,-0.4209692190495547,-0.3911412371535342,-0.13988888897843457,0.2810803300711201,0.0072765088182658,per-D mean; endpoint-stable common high-D fixed-a_g window,3,6 7 8,0.0025309280473072467,0.0035483449214243623,0.02312288104601573
0.32,0.01,plaquette,0.9960304359177476,nan,0.0019847820411261763,-0.4193197478829861,-0.4187079218154157,-0.11106118100113871,0.3082585668818474,nan,per-D mean; endpoint-stable common high-D fixed-a_g window,2,8 9,7.850462293418876e-17,1.1102230246251565e-16,0.002923709350188708
0.32,0.02,plaquette,0.98401641961864,nan,0.007991790190680026,-0.4382658391896399,-0.43533414419084543,-0.07142750524370761,0.3668383339459323,nan,per-D mean; endpoint-stable common high-D fixed-a_g window,2,8 9,8.777083671441753e-17,1.1102230246251565e-16,0.004358939479814888
0.32,0.04,plaquette,0.9961444346523646,nan,0.0019277826738177128,-0.4421405463801538,-0.4413802208366128,-0.04773636697373045,0.39440417940642336,nan,per-D mean; endpoint-stable common high-D fixed-a_g window,2,8 9,1.1102230246251565e-16,1.1102230246251565e-16,0.0004971917861871789
0.32,0.08,plaquette,0.9965815434726185,nan,0.001709228263690743,-0.450044051787692,-0.44929877539266067,-0.014013118492633321,0.4360309332950587,nan,per-D mean; endpoint-stable common high-D fixed-a_g window,2,8 9,3.925231146709438e-17,5.551115123125783e-17,0.0005468516158893544
0.33,-0.08,dimer-plaquette,-0.9988286966424208,nan,0.9994143483212103,-0.6814820605045379,-0.09823814484650437,-0.09789636690533042,0.5835856935992074,nan,per-D mean; endpoint-stable common high-D fixed-a_g window,2,7 9,5.026748538604307e-16,5.551115123125783e-16,0.00014275600101210095
0.33,-0.04,dimer-plaquette,-0.9999427020807711,nan,0.9999713510403856,-0.6188371705621181,-0.1497679489712623,-0.14975451024107095,0.4690826603210471,nan,per-D mean; endpoint-stable common high-D fixed-a_g window,2,7 9,3.925231146709438e-16,4.440892098500626e-16,0.0011969561211818691
0.33,-0.005,dimer-plaquette,-0.9993360940821232,nan,0.9996680470410616,-0.5099537063504799,-0.21877561260362324,-0.2186789230774516,0.29127478327302825,nan,per-D mean; endpoint-stable common high-D fixed-a_g window,2,8 9,7.850462293418876e-17,1.1102230246251565e-16,0.0020022892151700944
0.33,-0.003,dimer-plaquette,-0.991748801009768,nan,0.9958744005048841,-0.5002117295897407,-0.22470808905218162,-0.2235667627165231,0.2766449668732176,nan,per-D mean; endpoint-stable common high-D fixed-a_g window,2,8 9,6.206335383118183e-17,8.326672684688674e-17,0.002124486067509368
0.33,-0.002,dimer-plaquette,-0.9849483230067136,nan,0.9924741615033568,-0.49287444442617256,-0.22886784048835085,-0.22686590316811509,0.2660085412580575,nan,per-D mean; endpoint-stable common high-D fixed-a_g window,2,8 9,1.2412670766236366e-16,1.6653345369377348e-16,0.0030818726969774612
0.33,-0.001,dimer-plaquette,-0.9924082099116834,nan,0.9962041049558417,-0.48597670617637956,-0.23196529122358994,-0.2309974166019313,0.25497928957444826,nan,per-D mean; endpoint-stable common high-D fixed-a_g window,2,8 9,8.777083671441753e-17,1.1102230246251565e-16,0.003971883465570425
0.33,0.001,plaquette,0.8696711624855615,nan,0.06516441875721923,-0.40192628470283803,-0.3859163997394885,-0.15624182578060014,0.2456844589222379,nan,per-D mean; endpoint-stable common high-D fixed-a_g window,2,8 9,3.925231146709438e-17,5.551115123125783e-17,0.01562464635066152
0.33,0.002,plaquette,0.8951463831782854,nan,0.052426808410857284,-0.4126129192666999,-0.39785875720080366,-0.13118892049356953,0.2814239987731304,nan,per-D mean; endpoint-stable common high-D fixed-a_g window,2,8 9,1.415262216750919e-16,1.6653345369377348e-16,0.009825569062996309
0.33,0.003,plaquette,0.9205049731239575,nan,0.03974751343802124,-0.40673639039089815,-0.3961379280395118,-0.14009172674640002,0.2666446636444981,nan,per-D mean; endpoint-stable common high-D fixed-a_g window,2,8 9,1.962615573354719e-16,2.220446049250313e-16,0.011546340558838186
0.33,0.005,plaquette,0.9462255375085372,nan,0.02688723124573139,-0.41189330681705427,-0.40420429300643446,-0.12592061813269767,0.2859726886843566,nan,per-D mean; endpoint-stable common high-D fixed-a_g window,2,8 9,5.551115123125783e-17,5.551115123125783e-17,0.008682445772765612
0.33,0.04,plaquette,0.989663411948901,0.00889475877589269,0.005168294025549525,-0.44110544236092847,-0.439042052233249,-0.0418653609183689,0.39924008144255957,0.001836630867060368,per-D mean; endpoint-stable common high-D fixed-a_g window,3,6 7 9,0.0006607086738395124,0.0009343298202209582,0.002265337579500981
0.33,0.08,plaquette,0.9964516269213903,nan,0.001774186539304834,-0.448964091370184,-0.44818431397976777,-0.009451462263122613,0.4395126291070614,nan,per-D mean; endpoint-stable common high-D fixed-a_g window,2,7 9,1.962615573354719e-16,2.220446049250313e-16,0.0007164043898256131
0.34,-0.005,dimer-plaquette,-0.9890119580667053,0.09970709905892543,0.9945059790333526,-0.5361092756037162,-0.19893457685336602,-0.19707189839450148,0.3390373772092148,0.026147067165999415,per-D mean; endpoint-stable common high-D fixed-a_g window,3,7 8 9,0.008338015135068955,0.011679015878972132,0.0015525689182837032
0.34,-0.003,dimer-plaquette,-0.9489216350847853,0.027551079118957933,0.9744608175423927,-0.49594489732833635,-0.22378274061650266,-0.21664977143683933,0.279295125891497,0.0033359420139771378,per-D mean; endpoint-stable common high-D fixed-a_g window,4,6 7 8 9,0.0020648346358516463,0.0025663504544249927,0.00691598374431357
0.34,-0.002,dimer-plaquette,-0.945072714219816,0.03405713823706704,0.9725363571099079,-0.49043463971339535,-0.22676827571444472,-0.21932255010217558,0.2711120896112198,0.0040073125446588535,per-D mean; endpoint-stable common high-D fixed-a_g window,4,6 7 8 9,0.002492464623299254,0.0032174082190667974,0.006990400685004616
0.34,-0.001,dimer-plaquette,-0.8867460306204287,0.06142313944153303,0.9433730153102143,-0.4844860083890507,-0.23373396834826704,-0.2186823061723538,0.2658037022166969,0.005889273565833307,per-D mean; endpoint-stable common high-D fixed-a_g window,4,6 7 8 9,0.004380428681420595,0.005556417078469905,0.007271618762499321
0.34,0.001,plaquette,0.8269399690957954,0.2813150775140836,0.08653001545210232,-0.41947109058313886,-0.393787657020846,-0.12265577825363146,0.2968153123295074,0.03771016051805026,per-D mean; endpoint-stable common high-D fixed-a_g window,4,6 7 8 9,0.023885709598359166,0.04109339968563269,0.010645987358803954
0.34,0.002,plaquette,0.8512812637620376,0.22124816066054928,0.0743593681189812,-0.41738792455899687,-0.395501644763064,-0.12305675486813818,0.2943311696908587,0.02632397745988499,per-D mean; endpoint-stable common high-D fixed-a_g window,4,6 7 8 9,0.01713822097666522,0.02940935578999182,0.008932201440836063
0.34,0.003,plaquette,0.8579275333667009,0.16402204731621672,0.07103623331664954,-0.42277302457721666,-0.40062525303434715,-0.11099169118156639,0.3117813333956503,0.019948111564965045,per-D mean; endpoint-stable common high-D fixed-a_g window,4,6 7 8 9,0.013026180104883772,0.022408472770929222,0.011627602666052839
0.34,0.005,plaquette,0.8809105917530601,0.12547616388265226,0.05954470412346996,-0.4214986203084797,-0.40293599525613183,-0.1097559502322799,0.31174267007619977,0.013945322037463063,per-D mean; endpoint-stable common high-D fixed-a_g window,4,6 7 8 9,0.009688323654206734,0.016661567972639513,0.009316976660968146
0.26,0.0,dimer-plaquette,0.33283122606192955,0.8148727886207389,0.33358438696903525,-0.33738063932737217,-0.3368986322338242,-0.3359357063137876,0.0014449330135845595,8.590627079724739e-05,h=0 component: selected NN data when available; otherwise all-good branch data,3,8 9 10,0.00021662387473094262,0.00030331344467482424,0.0008248531745623788
0.26,0.0,plaquette,0.33283122606192955,0.8148727886207389,0.33358438696903525,-0.33738063932737217,-0.3368986322338242,-0.3359357063137876,0.0014449330135845595,8.590627079724739e-05,h=0 component: selected NN data when available; otherwise all-good branch data,3,8 9 10,0.00021662387473094262,0.00030331344467482424,0.0008248531745623788
0.265,0.0,dimer-plaquette,-0.5713017009422666,nan,0.7856508504711333,-0.33731304253276295,-0.3351547912316659,-0.33456595545228335,0.0027470870804796044,nan,h=0 component: selected NN data when available; otherwise all-good branch data,2,9 10,2.5133742693021536e-16,2.7755575615628914e-16,0.0007886655217341221
0.265,0.0,plaquette,-0.5713017009422666,nan,0.7856508504711333,-0.33731304253276295,-0.3351547912316659,-0.33456595545228335,0.0027470870804796044,nan,h=0 component: selected NN data when available; otherwise all-good branch data,2,9 10,2.5133742693021536e-16,2.7755575615628914e-16,0.0007886655217341221
0.27,0.0,dimer-plaquette,-0.3814673256949849,2.0459305808490003,0.6907336628474925,-0.3391155445515603,-0.33218062455633873,-0.32907561111812533,0.010039933433434955,0.01538193091219487,h=0 component: selected NN data when available; otherwise all-good branch data,3,8 9 10,0.00286610780462441,0.004041582448379377,0.003086205642424622
0.27,0.0,plaquette,-0.3814673256949849,2.0459305808490003,0.6907336628474925,-0.3391155445515603,-0.33218062455633873,-0.32907561111812533,0.010039933433434955,0.01538193091219487,h=0 component: selected NN data when available; otherwise all-good branch data,3,8 9 10,0.00286610780462441,0.004041582448379377,0.003086205642424622
0.275,0.0,dimer-plaquette,-0.7220101273483588,nan,0.8610050636741794,-0.36616332378697786,-0.3200425038148869,-0.3125970650993937,0.053566258687584134,nan,h=0 component: selected NN data when available; otherwise all-good branch data,2,9 10,1.1102230246251565e-16,1.1102230246251565e-16,0.011276237935527789
0.275,0.0,plaquette,0.17813568547505199,0.8479243698520832,0.410932157262474,-0.3560065740694348,-0.33605721852429665,-0.30745998263683505,0.04854659143259976,0.024665786450858318,h=0 component: selected NN data when available; otherwise all-good branch data,6,6 7 8 9 10 11,0.022525564194918343,0.043298631652795794,0.010582139154796666
0.28,0.0,dimer-plaquette,-0.8892593019150278,0.40253023902463037,0.9446296509575138,-0.4070083743827755,-0.29637314183081503,-0.2898881543687031,0.11712022001407241,0.03449752461736684,h=0 component: selected NN data when available; otherwise all-good branch data,4,6 7 8 9,0.016800317307641133,0.02116753638241292,0.006047452114224472
0.28,0.0,plaquette,0.4308751792043063,0.383650939821494,0.28456241039784685,-0.35936745116998975,-0.3407747662074096,-0.29402964026029954,0.06533781090969021,0.019041040414518456,h=0 component: selected NN data when available; otherwise all-good branch data,6,6 7 8 9 10 11,0.018807416107125843,0.031410279731058116,0.004304940699910276
0.29,0.0,dimer-plaquette,-0.7252823853202676,0.1555215718259209,0.8626411926601338,-0.420755098124858,-0.2923333097738061,-0.27188464138833635,0.14887045673652166,0.01399977412258164,h=0 component: selected NN data when available; otherwise all-good branch data,5,6 7 8 9 10,0.010598537424986437,0.014219635747689197,0.0072530046981420515
0.29,0.0,plaquette,0.8184076878312156,0.09709767572619174,0.09079615608439218,-0.3929987060575028,-0.37677546684394825,-0.2143211065512468,0.178677599506256,0.014282588079156165,h=0 component: selected NN data when available; otherwise all-good branch data,3,9 10 11,0.0038702463449978137,0.00544196905622113,0.003081977740952757
0.3,0.0,dimer-plaquette,-0.8159060774330236,0.09951278338079254,0.9079530387165118,-0.4465519356075121,-0.2719910423683909,-0.2542943123653656,0.1922576232421465,0.010064100206349747,h=0 component: selected NN data when available; otherwise all-good branch data,6,5 6 7 8 9 10,0.009725777271173078,0.014170663836132524,0.0019869785449843635
0.3,0.0,plaquette,0.7386046982944102,0.18221087953449217,0.1306976508527949,-0.39400450427054295,-0.37016367612375345,-0.2115924410756087,0.18241206319493425,0.01639717074891474,h=0 component: selected NN data when available; otherwise all-good branch data,3,9 10 11,0.004540686725339161,0.006388331800174785,0.011047772229796582
0.31,0.0,dimer-plaquette,-0.8070747965712537,0.09446175661929714,0.9035373982856268,-0.453442514939323,-0.2650333771241358,-0.24491861966650427,0.20852389527281875,0.009119341176207418,h=0 component: selected NN data when available; otherwise all-good branch data,6,5 6 7 8 9 10,0.010218201354083767,0.013647459334795303,0.006234104362364212
0.31,0.0,plaquette,0.8685584610659575,0.15816580254522314,0.06572076946702127,-0.38746147290537725,-0.3753955032580016,-0.20386700581030814,0.1835944670950691,0.022539955417217483,h=0 component: selected NN data when available; otherwise all-good branch data,3,9 10 11,0.006190434291853096,0.00870381294144279,0.013710726509508109
0.32,0.0,dimer-plaquette,-0.7436664966298417,0.09094050100967639,0.8718332483149209,-0.45129058318099413,-0.2667771304264511,-0.2396521154910195,0.21163846768997463,0.00880473661474005,h=0 component: selected NN data when available; otherwise all-good branch data,5,6 7 8 9 10,0.00873223383039656,0.011845659117550561,0.0019565433697488754
0.32,0.0,plaquette,0.5598662119880271,nan,0.22006689400598645,-0.4143109129475305,-0.36268702131245467,-0.1797281881435376,0.23458272480399286,nan,h=0 component: selected NN data when available; otherwise all-good branch data,2,10 11,1.6653345369377348e-16,1.6653345369377348e-16,0.0014569684212452638
0.33,0.0,dimer-plaquette,-0.9878307238694773,nan,0.9939153619347387,-0.4946157910682427,-0.22775566476581469,-0.22612197708496481,0.2684938139832779,nan,h=0 component: selected NN data when available; otherwise all-good branch data,2,8 9,1.6653345369377348e-16,1.6653345369377348e-16,0.004671103229742679
0.33,0.0,plaquette,0.8696423937000348,nan,0.06517880314998259,-0.4019290717256241,-0.3859153422099798,-0.15623984851612158,0.2456892232095025,nan,h=0 component: selected NN data when available; otherwise all-good branch data,2,8 9,1.2412670766236366e-16,1.6653345369377348e-16,0.015625574462220182
0.34,0.0,dimer-plaquette,-0.8755291144971067,0.05521789128648377,0.9377645572485533,-0.4820665044930713,-0.235657445684758,-0.21930432511268455,0.26276217938038676,0.007932821599748924,h=0 component: selected NN data when available; otherwise all-good branch data,4,6 7 8 9,0.0041050104869437675,0.006101653473863933,0.009675072690478681
0.34,0.0,plaquette,0.7331214718071692,nan,0.13343926409641538,-0.4260211492810131,-0.38554077235882056,-0.1226593374761774,0.3033618118048357,nan,h=0 component: selected NN data when available; otherwise all-good branch data,2,8 9,3.065703529144609e-16,3.3306690738754696e-16,0.01889282545862947
