candidate_id	D	family	rank	J2	source	source_branch	orientation	energy	energy_difference	delta	original_delta	relative_delta_difference	eta	actual_texture	tensor_source	observation_source	hyperparams_source
c01	10	plaquette	1	0.29	original_2c3	original	2	-0.4271813261246	0	0.15746218474085	0.15746218474085	0	-0.860813570902943	plaquette	D:/HyraiOn/ENS_Lyon/Internship/2026-EPFL/data/0713summary/J2_0p29/2tensor_twoC3/D_10/tensor_best.pt	D:/HyraiOn/ENS_Lyon/Internship/2026-EPFL/data/0713summary/J2_0p29/2tensor_twoC3/D_10/energy_magnetization_correlation.txt	D:/HyraiOn/ENS_Lyon/Internship/2026-EPFL/data/0713summary/J2_0p29/2tensor_twoC3/D_10/hyperparams.yaml
c02	10	plaquette	2	0.28	original_2c3	original	0	-0.4295193839466	0	0.09583276390065	0.09583276390065	0	-0.700895337758222	plaquette	D:/HyraiOn/ENS_Lyon/Internship/2026-EPFL/data/0713summary/J2_0p28/2tensor_twoC3/D_10/tensor_best.pt	D:/HyraiOn/ENS_Lyon/Internship/2026-EPFL/data/0713summary/J2_0p28/2tensor_twoC3/D_10/energy_magnetization_correlation.txt	D:/HyraiOn/ENS_Lyon/Internship/2026-EPFL/data/0713summary/J2_0p28/2tensor_twoC3/D_10/hyperparams.yaml
c03	10	plaquette	3	0.30	kuma_replica1	plaquette	0	-0.4250136988285	-0.0000066480045	0.19456892713625	0.19488318441555	0.00161254179134	-0.695141206346566	plaquette	D:/HyraiOn/ENS_Lyon/Internship/2026-EPFL/data/distinVBCs/Results_Kuma_replica1/J2_0.30/D_10/orientation_0/plaquette/replica_1/h_0p0/sweep_D10_chi180_best.pt	D:/HyraiOn/ENS_Lyon/Internship/2026-EPFL/data/distinVBCs/Results_Kuma_replica1/J2_0.30/D_10/orientation_0/plaquette/replica_1/h_0p0/D_10_chi_180_energy_magnetization_correlation.txt	D:/HyraiOn/ENS_Lyon/Internship/2026-EPFL/data/distinVBCs/Results_Kuma_replica1/J2_0.30/D_10/orientation_0/plaquette/replica_1/h_0p0/hyperparams.yaml
c04	10	dimer-plaquette	1	0.30	kuma_replica1	dimer-plaquette	0	-0.4249550190993	0.0000520317247	0.190291004136	0.19488318441555	0.0235637584296	0.816233471400951	dimer-plaquette	D:/HyraiOn/ENS_Lyon/Internship/2026-EPFL/data/distinVBCs/Results_Kuma_replica1/J2_0.30/D_10/orientation_0/dimer-plaquette/replica_1/h_0p0/sweep_D10_chi180_best.pt	D:/HyraiOn/ENS_Lyon/Internship/2026-EPFL/data/distinVBCs/Results_Kuma_replica1/J2_0.30/D_10/orientation_0/dimer-plaquette/replica_1/h_0p0/D_10_chi_180_energy_magnetization_correlation.txt	D:/HyraiOn/ENS_Lyon/Internship/2026-EPFL/data/distinVBCs/Results_Kuma_replica1/J2_0.30/D_10/orientation_0/dimer-plaquette/replica_1/h_0p0/hyperparams.yaml
c05	10	dimer-plaquette	2	0.30	kuma_replica1	rank-split	0	-0.4250263678818	-0.0000193170578	0.20555729790925	0.19488318441555	0.0547718548715	-0.18178792856407	mixed-plaquette-side	D:/HyraiOn/ENS_Lyon/Internship/2026-EPFL/data/distinVBCs/Results_Kuma_replica1/J2_0.30/D_10/orientation_0/rank-split/replica_1/h_0p0/sweep_D10_chi180_best.pt	D:/HyraiOn/ENS_Lyon/Internship/2026-EPFL/data/distinVBCs/Results_Kuma_replica1/J2_0.30/D_10/orientation_0/rank-split/replica_1/h_0p0/D_10_chi_180_energy_magnetization_correlation.txt	D:/HyraiOn/ENS_Lyon/Internship/2026-EPFL/data/distinVBCs/Results_Kuma_replica1/J2_0.30/D_10/orientation_0/rank-split/replica_1/h_0p0/hyperparams.yaml
c06	10	dimer-plaquette	3	0.31	original_2c3	original	2	-0.4229589784093	0	0.22488914269585	0.22488914269585	0	-0.418973313112233	mixed-plaquette-side	D:/HyraiOn/ENS_Lyon/Internship/2026-EPFL/data/0713summary/J2_0p31/2tensor_twoC3/D_10/tensor_best.pt	D:/HyraiOn/ENS_Lyon/Internship/2026-EPFL/data/0713summary/J2_0p31/2tensor_twoC3/D_10/energy_magnetization_correlation.txt	D:/HyraiOn/ENS_Lyon/Internship/2026-EPFL/data/0713summary/J2_0p31/2tensor_twoC3/D_10/hyperparams.yaml
c07	11	plaquette	1	0.30	kuma_replica1	plaquette	1	-0.4250323912486	0.0000056344415	0.1886043661748	0.18454616231875	0.021990182863	-0.889184805498991	plaquette	D:/HyraiOn/ENS_Lyon/Internship/2026-EPFL/data/distinVBCs/Results_Kuma_replica1/J2_0.30/D_11/orientation_1/plaquette/replica_1/h_0p0/sweep_D11_chi160_best.pt	D:/HyraiOn/ENS_Lyon/Internship/2026-EPFL/data/distinVBCs/Results_Kuma_replica1/J2_0.30/D_11/orientation_1/plaquette/replica_1/h_0p0/D_11_chi_160_energy_magnetization_correlation.txt	D:/HyraiOn/ENS_Lyon/Internship/2026-EPFL/data/distinVBCs/Results_Kuma_replica1/J2_0.30/D_11/orientation_1/plaquette/replica_1/h_0p0/hyperparams.yaml
c08	11	plaquette	2	0.30	original_2c3	original	1	-0.4250380256901	0	0.18454616231875	0.18454616231875	0	-0.875560868678835	plaquette	D:/HyraiOn/ENS_Lyon/Internship/2026-EPFL/data/0713summary/J2_0p3/2tensor_twoC3/D_11/tensor_best.pt	D:/HyraiOn/ENS_Lyon/Internship/2026-EPFL/data/0713summary/J2_0p3/2tensor_twoC3/D_11/energy_magnetization_correlation.txt	D:/HyraiOn/ENS_Lyon/Internship/2026-EPFL/data/0713summary/J2_0p3/2tensor_twoC3/D_11/hyperparams.yaml
c09	11	dimer-plaquette	1	0.30	kuma_replica1	dimer-plaquette	1	-0.425027138864	0.0000108868261	0.1912643165344	0.18454616231875	0.0364036517001	0.781750341236849	dimer-plaquette	D:/HyraiOn/ENS_Lyon/Internship/2026-EPFL/data/distinVBCs/Results_Kuma_replica1/J2_0.30/D_11/orientation_1/dimer-plaquette/replica_1/h_0p0/sweep_D11_chi160_best.pt	D:/HyraiOn/ENS_Lyon/Internship/2026-EPFL/data/distinVBCs/Results_Kuma_replica1/J2_0.30/D_11/orientation_1/dimer-plaquette/replica_1/h_0p0/D_11_chi_160_energy_magnetization_correlation.txt	D:/HyraiOn/ENS_Lyon/Internship/2026-EPFL/data/distinVBCs/Results_Kuma_replica1/J2_0.30/D_11/orientation_1/dimer-plaquette/replica_1/h_0p0/hyperparams.yaml
c10	11	dimer-plaquette	2	0.29	original_2c3	original	1	-0.4272115104186	0	0.17097715429395	0.17097715429395	0	-0.326599787924567	mixed-plaquette-side	D:/HyraiOn/ENS_Lyon/Internship/2026-EPFL/data/0713summary/J2_0p29/2tensor_twoC3/D_11/tensor_best.pt	D:/HyraiOn/ENS_Lyon/Internship/2026-EPFL/data/0713summary/J2_0p29/2tensor_twoC3/D_11/energy_magnetization_correlation.txt	D:/HyraiOn/ENS_Lyon/Internship/2026-EPFL/data/0713summary/J2_0p29/2tensor_twoC3/D_11/hyperparams.yaml
