seed_path,D,source_J2,source_chi,run_chi,orientation,signed_h,vbc_branch,source
seeds/D8/dimer/h_0p08/J2_0p14.pt,8,0.14,144,144,1,-0.08,dimer-plaquette,VBCLowJ2ContinuationKuma/Results_Kuma_lowJ2/D_8/dimer/h_m0p08/J2_0p14/sweep_D8_chi144_best.pt
seeds/D8/plaquette/h_0p08/J2_0p14.pt,8,0.14,144,144,1,+0.08,plaquette,VBCLowJ2ContinuationKuma/Results_Kuma_lowJ2/D_8/plaquette/h_p0p08/J2_0p14/sweep_D8_chi144_best.pt
seeds/D9/dimer/h_0p08/J2_0p14.pt,9,0.14,162,162,1,-0.08,dimer-plaquette,VBCLowJ2ContinuationKuma/Results_Kuma_lowJ2/D_9/dimer/h_m0p08/J2_0p14/sweep_D9_chi162_best.pt
seeds/D9/plaquette/h_0p08/J2_0p14.pt,9,0.14,162,162,1,+0.08,plaquette,VBCLowJ2ContinuationKuma/Results_Kuma_lowJ2/D_9/plaquette/h_p0p08/J2_0p14/sweep_D9_chi162_best.pt
seeds/D8/dimer/h_0p04/J2_0p26.pt,8,0.26,104,144,1,-0.04,dimer-plaquette,Results_Izar_replica1/J2_0.26/D_8/orientation_1/dimer-plaquette/replica_1/h_0p04/sweep_D8_chi104_best.pt
seeds/D8/plaquette/h_0p04/J2_0p26.pt,8,0.26,104,144,1,+0.04,plaquette,Results_Izar_replica1/J2_0.26/D_8/orientation_1/plaquette/replica_1/h_0p04/sweep_D8_chi104_best.pt
seeds/D9/dimer/h_0p04/J2_0p26.pt,9,0.26,108,162,1,-0.04,dimer-plaquette,Results_Izar_replica1/J2_0.26/D_9/orientation_1/dimer-plaquette/replica_1/h_0p04/sweep_D9_chi108_best.pt
seeds/D9/plaquette/h_0p04/J2_0p26.pt,9,0.26,108,162,1,+0.04,plaquette,Results_Izar_replica1/J2_0.26/D_9/orientation_1/plaquette/replica_1/h_0p04/sweep_D9_chi108_best.pt
seeds/D8/dimer/h_0p02/J2_0p26.pt,8,0.26,104,144,1,-0.02,dimer-plaquette,Results_Izar_replica1/J2_0.26/D_8/orientation_1/dimer-plaquette/replica_1/h_0p02/sweep_D8_chi104_best.pt
seeds/D8/plaquette/h_0p02/J2_0p26.pt,8,0.26,104,144,1,+0.02,plaquette,Results_Izar_replica1/J2_0.26/D_8/orientation_1/plaquette/replica_1/h_0p02/sweep_D8_chi104_best.pt
seeds/D9/dimer/h_0p02/J2_0p26.pt,9,0.26,108,162,1,-0.02,dimer-plaquette,Results_Izar_replica1/J2_0.26/D_9/orientation_1/dimer-plaquette/replica_1/h_0p02/sweep_D9_chi108_best.pt
seeds/D9/plaquette/h_0p02/J2_0p26.pt,9,0.26,108,162,1,+0.02,plaquette,Results_Izar_replica1/J2_0.26/D_9/orientation_1/plaquette/replica_1/h_0p02/sweep_D9_chi108_best.pt
seeds/D8/dimer/h_0p01/J2_0p26.pt,8,0.26,104,144,1,-0.01,dimer-plaquette,Results_Izar_replica1/J2_0.26/D_8/orientation_1/dimer-plaquette/replica_1/h_0p01/sweep_D8_chi104_best.pt
seeds/D8/plaquette/h_0p01/J2_0p26.pt,8,0.26,104,144,1,+0.01,plaquette,Results_Izar_replica1/J2_0.26/D_8/orientation_1/plaquette/replica_1/h_0p01/sweep_D8_chi104_best.pt
seeds/D9/dimer/h_0p01/J2_0p26.pt,9,0.26,108,162,1,-0.01,dimer-plaquette,Results_Izar_replica1/J2_0.26/D_9/orientation_1/dimer-plaquette/replica_1/h_0p01/sweep_D9_chi108_best.pt
seeds/D9/plaquette/h_0p01/J2_0p26.pt,9,0.26,108,162,1,+0.01,plaquette,Results_Izar_replica1/J2_0.26/D_9/orientation_1/plaquette/replica_1/h_0p01/sweep_D9_chi108_best.pt

